ID,ProductName,Description,OriginalPrice,SalePrice,ImageURL,Category,Subcategory,Size,Brand,Stock,LinkRetailer,DealURL,StartDate,EndDate,discount%,Featured
www.thehockeyshop.com-J0011,47 Brand Dusted Imprint River Tee Shirt - Vancouver Canucks Skate Third,47 Brand Dusted Imprint River Tee Shirt - Vancouver Canucks Skate Third,49.99,29.95,https://cdn.shopify.com/s/files/1/0020/1585/4658/files/shirts-47-brand-dusted-imprint-river-tee-shirt-vancouver-canucks-skate-third-1221788413.jpg?v=1772163851,Player Gear,Skates,,47 Brand,In Stock,https://www.thehockeyshop.com/collections/hockey-deals-clearance,https://www.thehockeyshop.com/products/47-brand-dusted-imprint-river-tee-shirt-vancouver-canucks-skate-third,2026-03-20,2026-04-03,40,
www.thehockeyshop.com-J0012,47 Brand Hookline River Mens Hoody - Vancouver Canucks Skate Third,47 Brand Hookline River Mens Hoody - Vancouver Canucks Skate Third,149.99,99.95,https://cdn.shopify.com/s/files/1/0020/1585/4658/files/hoodies-47-brand-hookline-river-mens-hoody-vancouver-canucks-skate-third-1221774886.png?v=1771720634,Player Gear,Skates,,47 Brand,In Stock,https://www.thehockeyshop.com/collections/hockey-deals-clearance,https://www.thehockeyshop.com/products/47-brand-hookline-river-mens-hoody-vancouver-canucks-skate-third,2026-03-20,2026-04-03,33,
www.thehockeyshop.com-J0013,47 Brand NHL Clean Up Adjustable Hat - Vancouver Canucks,47 Brand NHL Clean Up Adjustable Hat - Vancouver Canucks,34.99,29.98,https://cdn.shopify.com/s/files/1/0020/1585/4658/products/hats-47-brand-nhl-clean-up-adjustable-hat-vancouver-canucks-1221730340.jpg?v=1772908571,Accessories,Other,,47 Brand,In Stock,https://www.thehockeyshop.com/collections/hockey-deals-clearance,https://www.thehockeyshop.com/products/47-brand-nhl-clean-up-adjustable-hat-vancouver-canucks,2026-03-20,2026-04-03,14,
www.thehockeyshop.com-J0014,47 Brand NHL Golden Age Game On Foundation Mens Shirt,47 Brand NHL Golden Age Game On Foundation Mens Shirt,69.99,39.95,https://cdn.shopify.com/s/files/1/0020/1585/4658/files/shirts-47-brand-nhl-golden-age-game-on-foundation-mens-shirt-1221770114.webp?v=1771735298,Accessories,Other,,47 Brand,In Stock,https://www.thehockeyshop.com/collections/hockey-deals-clearance,https://www.thehockeyshop.com/products/47-brand-nhl-golden-age-game-on-foundation-mens-shirt,2026-03-20,2026-04-03,43,
www.thehockeyshop.com-J0015,47 Brand NHL Patch Rope Trucker - Vancouver Canucks Third Skate,47 Brand NHL Patch Rope Trucker - Vancouver Canucks Third Skate,39.99,29.98,https://cdn.shopify.com/s/files/1/0020/1585/4658/files/hats-47-brand-nhl-patch-rope-trucker-vancouver-canucks-third-skate-1221771097.gif?v=1771631771,Player Gear,Skates,,47 Brand,In Stock,https://www.thehockeyshop.com/collections/hockey-deals-clearance,https://www.thehockeyshop.com/products/47-brand-nhl-patch-rope-trucker-vancouver-canucks-third-skate,2026-03-20,2026-04-03,25,
www.thehockeyshop.com-J0016,47 Brand NHL Span Out Tee Shirt - Vancouver Canucks Skate,47 Brand NHL Span Out Tee Shirt - Vancouver Canucks Skate,36.99,19.95,https://cdn.shopify.com/s/files/1/0020/1585/4658/files/shirts-47-brand-nhl-span-out-tee-shirt-vancouver-canucks-skate-1221798187.webp?v=1772459290,Player Gear,Skates,,47 Brand,In Stock,https://www.thehockeyshop.com/collections/hockey-deals-clearance,https://www.thehockeyshop.com/products/47-brand-nhl-span-out-tee-shirt-vancouver-canucks-skate,2026-03-20,2026-04-03,46,
www.thehockeyshop.com-J0017,47 Brand NHL Surround Tee Shirt - Vancouver Canucks Orca,47 Brand NHL Surround Tee Shirt - Vancouver Canucks Orca,36.99,19.95,https://cdn.shopify.com/s/files/1/0020/1585/4658/files/shirts-47-brand-nhl-surround-tee-shirt-vancouver-canucks-orca-1221790029.jpg?v=1772221750,Accessories,Other,,47 Brand,In Stock,https://www.thehockeyshop.com/collections/hockey-deals-clearance,https://www.thehockeyshop.com/products/47-brand-nhl-surround-tee-shirt-vancouver-canucks-orca,2026-03-20,2026-04-03,46,
www.thehockeyshop.com-J0018,47 Brand NHLPA Lacer Fleece Mens Hoody - Vancouver Canucks Quinn Hughes,47 Brand NHLPA Lacer Fleece Mens Hoody - Vancouver Canucks Quinn Hughes,179.99,90.00,https://cdn.shopify.com/s/files/1/0020/1585/4658/files/hoodies-47-brand-nhlpa-lacer-fleece-mens-hoody-vancouver-canucks-quinn-hughes-1221786809.jpg?v=1772124612,Accessories,Other,,47 Brand,In Stock,https://www.thehockeyshop.com/collections/hockey-deals-clearance,https://www.thehockeyshop.com/products/47-brand-nhlpa-lacer-fleece-mens-hoody-vancouver-canucks-quinn-hughes,2026-03-20,2026-04-03,50,
www.thehockeyshop.com-J0019,47 Brand NHL MVP Adjustable Hat - Vancouver Canucks,47 Brand NHL MVP Adjustable Hat - Vancouver Canucks,34.99,29.98,https://cdn.shopify.com/s/files/1/0020/1585/4658/products/47-brand-hats-vancouver-canucks-47-brand-nhl-mvp-adjustable-hat-blue-osfa-28743922548802.jpg?v=1768005202,Accessories,Other,,47 Brand,In Stock,https://www.thehockeyshop.com/collections/hockey-deals-clearance,https://www.thehockeyshop.com/products/47-mvp-hat,2026-03-20,2026-04-03,14,
www.thehockeyshop.com-J0020,Athletic Knit A1845 Hockey Stripe Senior Hoody -,Athletic Knit A1845 Hockey Stripe Senior Hoody -,49.99,24.95,,Accessories,Other,Senior,Athletic Knit,In Stock,https://www.thehockeyshop.com/collections/hockey-deals-clearance,https://www.thehockeyshop.com/products/ak-hockey-stripe-senior-hoody,2026-03-20,2026-04-03,50,
www.thehockeyshop.com-J0021,Bauer PWHL Knit Pom Toque Montreal,Bauer PWHL Knit Pom Toque Montreal,39.99,29.98,https://cdn.shopify.com/s/files/1/0020/1585/4658/files/toques-bauer-pwhl-knit-pom-toque-montreal-1221785469.jpg?v=1772074477,Accessories,Other,,Bauer,In Stock,https://www.thehockeyshop.com/collections/hockey-deals-clearance,https://www.thehockeyshop.com/products/baue-pwhl-knit-pom-toque-montreal,2026-03-20,2026-04-03,25,
www.thehockeyshop.com-J0022,Bauer 3mm Vertexx Goalie Holder,Bauer 3mm Vertexx Goalie Holder,129.99,75.00,https://cdn.shopify.com/s/files/1/0020/1585/4658/products/bauer-goalie-skate-holders-bauer-3mm-vertexx-goalie-holder-r-10-28743925760066.jpg?v=1768001528,Accessories,Other,,Bauer,In Stock,https://www.thehockeyshop.com/collections/hockey-deals-clearance,https://www.thehockeyshop.com/products/bauer-3mm-vertexx-replacement-goal-cowling,2026-03-20,2026-04-03,42,
www.thehockeyshop.com-J0023,"Bauer 6"" Senior Swim Shorts","Bauer 6"" Senior Swim Shorts",79.99,29.95,https://cdn.shopify.com/s/files/1/0020/1585/4658/files/shorts-bauer-6-senior-swim-shorts-1221774494.gif?v=1771717118,Accessories,Other,Senior,Bauer,Unknown,https://www.thehockeyshop.com/collections/hockey-deals-clearance,https://www.thehockeyshop.com/products/bauer-6-senior-swim-shorts,2026-03-20,2026-04-03,63,
www.thehockeyshop.com-J0024,"Bauer 7"" Senior Walking Shorts","Bauer 7"" Senior Walking Shorts",79.99,20.00,https://cdn.shopify.com/s/files/1/0020/1585/4658/files/shorts-bauer-7-senior-walking-shorts-1221774505.gif?v=1771717419,Accessories,Other,Senior,Bauer,Unknown,https://www.thehockeyshop.com/collections/hockey-deals-clearance,https://www.thehockeyshop.com/products/bauer-7-senior-walking-shorts,2026-03-20,2026-04-03,75,
www.thehockeyshop.com-J0025,Bauer Chamonix Junior Lifestyle Recreational Skates,Bauer Chamonix Junior Lifestyle Recreational Skates,119.99,59.90,https://cdn.shopify.com/s/files/1/0020/1585/4658/files/hockey-skates-bauer-chamonix-senior-lifestyle-recreational-skates-1221792174.jpg?v=1772281031,Player Gear,Skates,Junior,Bauer,In Stock,https://www.thehockeyshop.com/collections/hockey-deals-clearance,https://www.thehockeyshop.com/products/bauer-chamonix-junior-lifestyle-recreational-skates,2026-03-20,2026-04-03,50,
www.thehockeyshop.com-J0026,Bauer Colorado Junior Recreational Skates,Bauer Colorado Junior Recreational Skates,119.99,59.90,https://cdn.shopify.com/s/files/1/0020/1585/4658/products/hockey-skates-bauer-colorado-junior-recreational-skates-1221727758.jpg?v=1772826252,Player Gear,Skates,Junior,Bauer,In Stock,https://www.thehockeyshop.com/collections/hockey-deals-clearance,https://www.thehockeyshop.com/products/bauer-colorado-junior-recreational-skates,2026-03-20,2026-04-03,50,
www.thehockeyshop.com-J0027,Bauer Core Fitted Youth Hat - Black,Bauer Core Fitted Youth Hat - Black,34.99,19.95,https://cdn.shopify.com/s/files/1/0020/1585/4658/files/hats-bauer-core-fitted-youth-hat-black-1221727066.jpg?v=1772807378,Accessories,Other,Youth,Bauer,In Stock,https://www.thehockeyshop.com/collections/hockey-deals-clearance,https://www.thehockeyshop.com/products/bauer-core-fitted-youth-hat-black,2026-03-20,2026-04-03,43,
www.thehockeyshop.com-J0028,Bauer Core Senior Athletic Shorts,Bauer Core Senior Athletic Shorts,39.99,10.00,https://cdn.shopify.com/s/files/1/0020/1585/4658/products/shorts-bauer-core-senior-athletic-shorts-1221757029.jpg?v=1773740950,Accessories,Other,Senior,Bauer,In Stock,https://www.thehockeyshop.com/collections/hockey-deals-clearance,https://www.thehockeyshop.com/products/bauer-core-senior-athletic-shorts,2026-03-20,2026-04-03,75,
www.thehockeyshop.com-J0029,Bauer - Core Snapback Youth Hat,Bauer - Core Snapback Youth Hat,34.99,19.95,https://cdn.shopify.com/s/files/1/0020/1585/4658/files/hats-bauer-core-snapback-youth-hat-1221727036.png?v=1772794777,Accessories,Other,Youth,Bauer,Unknown,https://www.thehockeyshop.com/collections/hockey-deals-clearance,https://www.thehockeyshop.com/products/bauer-core-snapback-youth-hat-2,2026-03-20,2026-04-03,43,
www.thehockeyshop.com-J0030,Bauer Crackle OG Youth Snapback,Bauer Crackle OG Youth Snapback,39.99,19.95,https://cdn.shopify.com/s/files/1/0020/1585/4658/files/hats-bauer-crackle-og-youth-snapback-1221770519.gif?v=1771598897,Accessories,Other,Youth,Bauer,In Stock,https://www.thehockeyshop.com/collections/hockey-deals-clearance,https://www.thehockeyshop.com/products/bauer-crackle-og-youth-snapback,2026-03-20,2026-04-03,50,
www.thehockeyshop.com-J0031,Bauer Elite Seamless Senior Baselayer Pants - (2021),Bauer Elite Seamless Senior Baselayer Pants - (2021),109.99,92.98,https://cdn.shopify.com/s/files/1/0020/1585/4658/products/pants-bauer-elite-seamless-senior-baselayer-pants-2021-1221731497.jpg?v=1772925457,Player Gear,Hockey Pants,Senior,Bauer,In Stock,https://www.thehockeyshop.com/collections/hockey-deals-clearance,https://www.thehockeyshop.com/products/bauer-elite-seamless-senior-baselayer-pants,2026-03-20,2026-04-03,15,
www.thehockeyshop.com-J0032,Bauer Elite Seamless Senior Baselayer Shirt - (2021),Bauer Elite Seamless Senior Baselayer Shirt - (2021),119.99,101.98,https://cdn.shopify.com/s/files/1/0020/1585/4658/products/bauer-shirts-bauer-elite-seamless-senior-baselayer-shirt-grey-l-xl-29163185274946.jpg?v=1768083280,Accessories,Other,Senior,Bauer,In Stock,https://www.thehockeyshop.com/collections/hockey-deals-clearance,https://www.thehockeyshop.com/products/bauer-elite-seamless-senior-baselayer-shirt,2026-03-20,2026-04-03,15,
www.thehockeyshop.com-J0033,Bauer Everyday Hat - Chocolate,Bauer Everyday Hat - Chocolate,29.99,19.95,https://cdn.shopify.com/s/files/1/0020/1585/4658/files/hats-bauer-everyday-hat-chocolate-1221775837.gif?v=1771751650,Accessories,Other,,Bauer,In Stock,https://www.thehockeyshop.com/collections/hockey-deals-clearance,https://www.thehockeyshop.com/products/bauer-everyday-hat-chocolate,2026-03-20,2026-04-03,33,
www.thehockeyshop.com-J0034,Bauer Everyday Hat - Red,Bauer Everyday Hat - Red,29.99,19.95,https://cdn.shopify.com/s/files/1/0020/1585/4658/files/hats-bauer-everyday-hat-red-1221775851.gif?v=1771752098,Accessories,Other,,Bauer,In Stock,https://www.thehockeyshop.com/collections/hockey-deals-clearance,https://www.thehockeyshop.com/products/bauer-everyday-hat-red,2026-03-20,2026-04-03,33,
www.thehockeyshop.com-J0035,Bauer Everyday Hat - Royal,Bauer Everyday Hat - Royal,29.99,19.95,https://cdn.shopify.com/s/files/1/0020/1585/4658/files/hats-bauer-everyday-hat-royal-1221775849.gif?v=1771752038,Accessories,Other,,Bauer,In Stock,https://www.thehockeyshop.com/collections/hockey-deals-clearance,https://www.thehockeyshop.com/products/bauer-everyday-hat-royal,2026-03-20,2026-04-03,33,
www.thehockeyshop.com-J0036,Bauer Everyday Hat - Tan,Bauer Everyday Hat - Tan,29.99,19.95,https://cdn.shopify.com/s/files/1/0020/1585/4658/files/hats-bauer-everyday-hat-tan-1221775835.gif?v=1771751620,Accessories,Other,,Bauer,In Stock,https://www.thehockeyshop.com/collections/hockey-deals-clearance,https://www.thehockeyshop.com/products/bauer-everyday-hat-tan,2026-03-20,2026-04-03,33,
www.thehockeyshop.com-J0037,Bauer Everyday Shortsleeve Shirt - Chocolate,Bauer Everyday Shortsleeve Shirt - Chocolate,29.99,19.95,https://cdn.shopify.com/s/files/1/0020/1585/4658/files/shirts-bauer-everyday-shortsleeve-shirt-chocolate-1221775833.png?v=1771751530,Accessories,Other,,Bauer,In Stock,https://www.thehockeyshop.com/collections/hockey-deals-clearance,https://www.thehockeyshop.com/products/bauer-everyday-shortsleeve-shirt-chocolate,2026-03-20,2026-04-03,33,
www.thehockeyshop.com-J0038,Bauer Everyday Shortsleeve Shirt - Maroon,Bauer Everyday Shortsleeve Shirt - Maroon,29.99,19.95,https://cdn.shopify.com/s/files/1/0020/1585/4658/files/shirts-bauer-everyday-shortsleeve-shirt-maroon-1221775830.png?v=1771751498,Accessories,Other,,Bauer,In Stock,https://www.thehockeyshop.com/collections/hockey-deals-clearance,https://www.thehockeyshop.com/products/bauer-everyday-shortsleeve-shirt-maroon,2026-03-20,2026-04-03,33,
www.thehockeyshop.com-J0039,Bauer Everyday Shortsleeve Shirt - Red,Bauer Everyday Shortsleeve Shirt - Red,29.99,19.95,https://cdn.shopify.com/s/files/1/0020/1585/4658/files/shirts-bauer-everyday-shortsleeve-shirt-red-1221775827.png?v=1771751350,Accessories,Other,,Bauer,In Stock,https://www.thehockeyshop.com/collections/hockey-deals-clearance,https://www.thehockeyshop.com/products/bauer-everyday-shortsleeve-shirt-red,2026-03-20,2026-04-03,33,
www.thehockeyshop.com-J0040,Bauer Everyday Shortsleeve Shirt - Royal,Bauer Everyday Shortsleeve Shirt - Royal,29.99,19.95,https://cdn.shopify.com/s/files/1/0020/1585/4658/files/shirts-bauer-everyday-shortsleeve-shirt-royal-1221775821.png?v=1771751170,Accessories,Other,,Bauer,In Stock,https://www.thehockeyshop.com/collections/hockey-deals-clearance,https://www.thehockeyshop.com/products/bauer-everyday-shortsleeve-shirt-royal,2026-03-20,2026-04-03,33,
www.thehockeyshop.com-J0041,Bauer FLC Core Performance Polo - Grey,Bauer FLC Core Performance Polo - Grey,79.99,39.95,https://cdn.shopify.com/s/files/1/0020/1585/4658/files/shirts-bauer-flc-core-performance-polo-grey-1221790507.jpg?v=1772226851,Accessories,Other,,Bauer,In Stock,https://www.thehockeyshop.com/collections/hockey-deals-clearance,https://www.thehockeyshop.com/products/bauer-flc-core-performance-polo-grey,2026-03-20,2026-04-03,50,
www.thehockeyshop.com-J0043,Bauer Graphic Shortsleeve Shirt,Bauer Graphic Shortsleeve Shirt,39.99,27.97,https://cdn.shopify.com/s/files/1/0020/1585/4658/files/shirts-bauer-graphic-shortsleeve-shirt-1221774482.gif?v=1771716789,Accessories,Other,,Bauer,In Stock,https://www.thehockeyshop.com/collections/hockey-deals-clearance,https://www.thehockeyshop.com/products/bauer-graphic-shortsleeve-shirt,2026-03-20,2026-04-03,30,
www.thehockeyshop.com-J0044,Bauer GSX Intermediate Goalie Catcher (2023),Bauer GSX Intermediate Goalie Catcher (2023),219.99,186.98,https://cdn.shopify.com/s/files/1/0020/1585/4658/files/catchers-bauer-gsx-intermediate-goalie-catcher-2023-1221721770.jpg?v=1772648770,Goalie Gear,Catcher Glove,Intermediate,Bauer,In Stock,https://www.thehockeyshop.com/collections/hockey-deals-clearance,https://www.thehockeyshop.com/products/bauer-gsx-intermediate-catcher,2026-03-20,2026-04-03,15,
www.thehockeyshop.com-J0045,Bauer GSX Intermediate Goalie Blocker (2023),Bauer GSX Intermediate Goalie Blocker (2023),189.99,160.98,https://cdn.shopify.com/s/files/1/0020/1585/4658/files/bauer-blockers-bauer-gsx-intermediate-goalie-blocker-s23-white-full-right-30444772458562.jpg?v=1768102409,Goalie Gear,Blocker,Intermediate,Bauer,In Stock,https://www.thehockeyshop.com/collections/hockey-deals-clearance,https://www.thehockeyshop.com/products/bauer-gsx-intermediate-goalie-blocker-1,2026-03-20,2026-04-03,15,
www.thehockeyshop.com-J0046,Bauer GSX Intermediate Goalie Catcher (2023),Bauer GSX Intermediate Goalie Catcher (2023),219.99,186.98,https://cdn.shopify.com/s/files/1/0020/1585/4658/files/catchers-bauer-gsx-intermediate-goalie-catcher-2023-1221723966.jpg?v=1772719357,Goalie Gear,Catcher Glove,Intermediate,Bauer,In Stock,https://www.thehockeyshop.com/collections/hockey-deals-clearance,https://www.thehockeyshop.com/products/bauer-gsx-intermediate-goalie-catcher-1,2026-03-20,2026-04-03,15,
www.thehockeyshop.com-J0047,Bauer GSX Intermediate Goalie Leg Pads (2023),Bauer GSX Intermediate Goalie Leg Pads (2023),549.99,466.98,https://cdn.shopify.com/s/files/1/0020/1585/4658/files/leg-pads-bauer-gsx-intermediate-goalie-leg-pads-2023-1221724076.jpg?v=1772711650,Goalie Gear,Leg Pads,Intermediate,Bauer,In Stock,https://www.thehockeyshop.com/collections/hockey-deals-clearance,https://www.thehockeyshop.com/products/bauer-gsx-intermediate-goalie-leg-pads-1,2026-03-20,2026-04-03,15,
www.thehockeyshop.com-J0048,Bauer GSX Intermediate Goalie Stick (2023),Bauer GSX Intermediate Goalie Stick (2023),119.99,101.98,https://cdn.shopify.com/s/files/1/0020/1585/4658/files/goalie-sticks-bauer-gsx-intermediate-goalie-stick-2023-1221721782.jpg?v=1772649131,Goalie Gear,Goalie Stick,Intermediate,Bauer,In Stock,https://www.thehockeyshop.com/collections/hockey-deals-clearance,https://www.thehockeyshop.com/products/bauer-gsx-intermediate-goalie-stick,2026-03-20,2026-04-03,15,
www.thehockeyshop.com-J0049,Bauer GSX Junior Goalie Blocker (2023),Bauer GSX Junior Goalie Blocker (2023),179.99,152.98,https://cdn.shopify.com/s/files/1/0020/1585/4658/files/blockers-bauer-gsx-junior-goalie-blocker-2023-1221723854.jpg?v=1772707778,Goalie Gear,Blocker,Junior,Bauer,In Stock,https://www.thehockeyshop.com/collections/hockey-deals-clearance,https://www.thehockeyshop.com/products/bauer-gsx-junior-goalie-blocker-1,2026-03-20,2026-04-03,15,
www.thehockeyshop.com-J0050,Bauer GSX Junior Goalie Catcher (2023),Bauer GSX Junior Goalie Catcher (2023),209.99,177.98,https://cdn.shopify.com/s/files/1/0020/1585/4658/files/catchers-bauer-gsx-junior-goalie-catcher-2023-1221723867.jpg?v=1772708198,Goalie Gear,Catcher Glove,Junior,Bauer,In Stock,https://www.thehockeyshop.com/collections/hockey-deals-clearance,https://www.thehockeyshop.com/products/bauer-gsx-junior-goalie-catcher-1,2026-03-20,2026-04-03,15,
www.thehockeyshop.com-J0051,Bauer GSX Junior Goalie Leg Pads (2023),Bauer GSX Junior Goalie Leg Pads (2023),449.99,381.98,https://cdn.shopify.com/s/files/1/0020/1585/4658/files/bauer-leg-pads-bauer-gsx-junior-goalie-leg-pads-s23-white-l-30444878266434.jpg?v=1768101655,Goalie Gear,Leg Pads,Junior,Bauer,In Stock,https://www.thehockeyshop.com/collections/hockey-deals-clearance,https://www.thehockeyshop.com/products/bauer-gsx-junior-goalie-leg-pads-1,2026-03-20,2026-04-03,15,
www.thehockeyshop.com-J0052,Bauer GSX Junior Goalie Pants (2023),Bauer GSX Junior Goalie Pants (2023),159.99,135.98,https://cdn.shopify.com/s/files/1/0020/1585/4658/files/bauer-goalie-pants-bauer-gsx-junior-goalie-pants-s23-black-l-xl-30444697878594.jpg?v=1768102106,Goalie Gear,Goalie Pants,Junior,Bauer,In Stock,https://www.thehockeyshop.com/collections/hockey-deals-clearance,https://www.thehockeyshop.com/products/bauer-gsx-junior-goalie-pants-1,2026-03-20,2026-04-03,15,
www.thehockeyshop.com-J0053,Bauer GSX Junior Goalie Stick (2023),Bauer GSX Junior Goalie Stick (2023),109.99,92.98,https://cdn.shopify.com/s/files/1/0020/1585/4658/files/goalie-sticks-bauer-gsx-junior-goalie-stick-2023-1221723588.jpg?v=1772698297,Goalie Gear,Goalie Stick,Junior,Bauer,In Stock,https://www.thehockeyshop.com/collections/hockey-deals-clearance,https://www.thehockeyshop.com/products/bauer-gsx-junior-goalie-stick,2026-03-20,2026-04-03,15,
www.thehockeyshop.com-J0054,Bauer GSX Senior Goalie Blocker (2023),Bauer GSX Senior Goalie Blocker (2023),209.99,177.98,https://cdn.shopify.com/s/files/1/0020/1585/4658/files/blockers-bauer-gsx-senior-goalie-blocker-2023-1221723838.jpg?v=1772707298,Goalie Gear,Blocker,Senior,Bauer,In Stock,https://www.thehockeyshop.com/collections/hockey-deals-clearance,https://www.thehockeyshop.com/products/bauer-gsx-senior-goalie-blocker-2023,2026-03-20,2026-04-03,15,
www.thehockeyshop.com-J0055,Bauer GSX Senior Goalie Catcher (2023),Bauer GSX Senior Goalie Catcher (2023),239.99,203.98,https://cdn.shopify.com/s/files/1/0020/1585/4658/files/catchers-bauer-gsx-senior-goalie-catcher-2023-1221723981.jpg?v=1772711231,Goalie Gear,Catcher Glove,Senior,Bauer,In Stock,https://www.thehockeyshop.com/collections/hockey-deals-clearance,https://www.thehockeyshop.com/products/bauer-gsx-senior-goalie-catcher-1,2026-03-20,2026-04-03,15,
www.thehockeyshop.com-J0056,Bauer GSX Senior Goalie Leg Pads (2023),Bauer GSX Senior Goalie Leg Pads (2023),649.99,551.98,https://cdn.shopify.com/s/files/1/0020/1585/4658/files/bauer-leg-pads-bauer-gsx-senior-goalie-leg-pads-s23-white-l-30444800704578.jpg?v=1768101503,Goalie Gear,Leg Pads,Senior,Bauer,In Stock,https://www.thehockeyshop.com/collections/hockey-deals-clearance,https://www.thehockeyshop.com/products/bauer-gsx-senior-goalie-leg-pads-1,2026-03-20,2026-04-03,15,
www.thehockeyshop.com-J0057,Bauer GSX Senior Goalie Stick (2023),Bauer GSX Senior Goalie Stick (2023),129.99,109.98,https://cdn.shopify.com/s/files/1/0020/1585/4658/files/goalie-sticks-bauer-gsx-senior-goalie-stick-2023-1221723600.jpg?v=1772698630,Goalie Gear,Goalie Stick,Senior,Bauer,In Stock,https://www.thehockeyshop.com/collections/hockey-deals-clearance,https://www.thehockeyshop.com/products/bauer-gsx-senior-goalie-stick,2026-03-20,2026-04-03,15,
www.thehockeyshop.com-J0058,Bauer HI-LO Street Roller Hockey Wheels - Yellow (82A),Bauer HI-LO Street Roller Hockey Wheels - Yellow (82A),5.00,3.98,https://cdn.shopify.com/s/files/1/0020/1585/4658/products/roller-hockey-wheels-bauer-hi-lo-street-roller-hockey-wheels-yellow-82a-1221761918.jpg?v=1773867097,Accessories,Other,,Bauer,In Stock,https://www.thehockeyshop.com/collections/hockey-deals-clearance,https://www.thehockeyshop.com/products/bauer-hi-lo-street-wheels,2026-03-20,2026-04-03,20,
www.thehockeyshop.com-J0059,Bauer Hockey Canada Adjustable Hat - Red,Bauer Hockey Canada Adjustable Hat - Red,35.99,26.98,https://cdn.shopify.com/s/files/1/0020/1585/4658/files/hats-bauer-hockey-canada-adjustable-hat-red-1221783322.jpg?v=1771984270,Accessories,Other,,Bauer,In Stock,https://www.thehockeyshop.com/collections/hockey-deals-clearance,https://www.thehockeyshop.com/products/bauer-hockey-canada-adjustable-hat-red,2026-03-20,2026-04-03,25,
www.thehockeyshop.com-J0060,Bauer Hockey Canada Core Crew Neck Shirt - Black,Bauer Hockey Canada Core Crew Neck Shirt - Black,89.99,66.98,https://cdn.shopify.com/s/files/1/0020/1585/4658/files/shirts-bauer-hockey-canada-core-crew-neck-shirt-black-1221783252.jpg?v=1771982558,Accessories,Other,,Bauer,Unknown,https://www.thehockeyshop.com/collections/hockey-deals-clearance,https://www.thehockeyshop.com/products/bauer-hockey-canada-core-crew-neck-shirt-black,2026-03-20,2026-04-03,26,
www.thehockeyshop.com-J0061,Bauer Hockey Canada Core Ultimate Hoody - Black,Bauer Hockey Canada Core Ultimate Hoody - Black,99.99,74.98,https://cdn.shopify.com/s/files/1/0020/1585/4658/files/hoodies-bauer-hockey-canada-core-ultimate-hoody-black-1221783245.jpg?v=1771982317,Accessories,Other,,Bauer,In Stock,https://www.thehockeyshop.com/collections/hockey-deals-clearance,https://www.thehockeyshop.com/products/bauer-hockey-canada-core-ultimate-hoody-black,2026-03-20,2026-04-03,25,
www.thehockeyshop.com-J0062,Bauer Hockey Canada Core Ultimate Hoody - Red,Bauer Hockey Canada Core Ultimate Hoody - Red,99.99,74.98,https://cdn.shopify.com/s/files/1/0020/1585/4658/files/hoodies-bauer-hockey-canada-core-ultimate-hoody-red-1221783249.jpg?v=1771982499,Accessories,Other,,Bauer,In Stock,https://www.thehockeyshop.com/collections/hockey-deals-clearance,https://www.thehockeyshop.com/products/bauer-hockey-canada-core-ultimate-hoody-red,2026-03-20,2026-04-03,25,
www.thehockeyshop.com-J0063,Bauer Hockey Canada Fisherman Beanie Toque - Black,Bauer Hockey Canada Fisherman Beanie Toque - Black,34.99,25.98,https://cdn.shopify.com/s/files/1/0020/1585/4658/files/toques-bauer-hockey-canada-fisherman-beanie-toque-black-1221783241.jpg?v=1771982171,Accessories,Other,,Bauer,In Stock,https://www.thehockeyshop.com/collections/hockey-deals-clearance,https://www.thehockeyshop.com/products/bauer-hockey-canada-fisherman-beanie-toque-black,2026-03-20,2026-04-03,26,
www.thehockeyshop.com-J0064,Bauer Hockey Canada Graphic Longsleeve Shirt - Black,Bauer Hockey Canada Graphic Longsleeve Shirt - Black,44.99,32.98,https://cdn.shopify.com/s/files/1/0020/1585/4658/files/shirts-bauer-hockey-canada-graphic-longsleeve-shirt-black-1221783258.jpg?v=1771982737,Accessories,Other,,Bauer,Unknown,https://www.thehockeyshop.com/collections/hockey-deals-clearance,https://www.thehockeyshop.com/products/bauer-hockey-canada-graphic-longsleeve-shirt-black,2026-03-20,2026-04-03,27,
www.thehockeyshop.com-J0065,Bauer Hockey Canada Graphic Shortsleeve Shirt - Black,Bauer Hockey Canada Graphic Shortsleeve Shirt - Black,37.99,27.98,https://cdn.shopify.com/s/files/1/0020/1585/4658/files/shirts-bauer-hockey-canada-graphic-shortsleeve-shirt-black-1221783271.jpg?v=1771983129,Accessories,Other,,Bauer,In Stock,https://www.thehockeyshop.com/collections/hockey-deals-clearance,https://www.thehockeyshop.com/products/bauer-hockey-canada-graphic-shortsleeve-shirt-black,2026-03-20,2026-04-03,26,
www.thehockeyshop.com-J0066,Bauer Hockey Canada Graphic Shortsleeve Shirt - Red,Bauer Hockey Canada Graphic Shortsleeve Shirt - Red,37.99,27.98,https://cdn.shopify.com/s/files/1/0020/1585/4658/files/shirts-bauer-hockey-canada-graphic-shortsleeve-shirt-red-1221783279.jpg?v=1771994410,Accessories,Other,,Bauer,In Stock,https://www.thehockeyshop.com/collections/hockey-deals-clearance,https://www.thehockeyshop.com/products/bauer-hockey-canada-graphic-shortsleeve-shirt-red,2026-03-20,2026-04-03,26,
www.thehockeyshop.com-J0067,Bauer Hockey Canada Graphic Shortsleeve Youth Shirt - Black,Bauer Hockey Canada Graphic Shortsleeve Youth Shirt - Black,31.99,23.98,https://cdn.shopify.com/s/files/1/0020/1585/4658/files/shirts-bauer-hockey-canada-graphic-shortsleeve-youth-shirt-black-1221783318.jpg?v=1771984150,Accessories,Other,Youth,Bauer,Unknown,https://www.thehockeyshop.com/collections/hockey-deals-clearance,https://www.thehockeyshop.com/products/bauer-hockey-canada-graphic-shortsleeve-youth-shirt-black,2026-03-20,2026-04-03,25,
www.thehockeyshop.com-J0068,Bauer Hockey Canada Graphic Shortsleeve Youth Shirt - Red,Bauer Hockey Canada Graphic Shortsleeve Youth Shirt - Red,31.99,23.98,https://cdn.shopify.com/s/files/1/0020/1585/4658/files/shirts-bauer-hockey-canada-graphic-shortsleeve-youth-shirt-red-1221783316.jpg?v=1771984119,Accessories,Other,Youth,Bauer,In Stock,https://www.thehockeyshop.com/collections/hockey-deals-clearance,https://www.thehockeyshop.com/products/bauer-hockey-canada-graphic-shortsleeve-youth-shirt-red,2026-03-20,2026-04-03,25,
www.thehockeyshop.com-J0069,Bauer Hockey Canada Olympic 2-Tone Hat - Black / Red,Bauer Hockey Canada Olympic 2-Tone Hat - Black / Red,39.99,29.98,https://cdn.shopify.com/s/files/1/0020/1585/4658/files/hats-bauer-hockey-canada-olympic-2-tone-hat-black-red-1221776942.jpg?v=1771803732,Accessories,Other,,Bauer,In Stock,https://www.thehockeyshop.com/collections/hockey-deals-clearance,https://www.thehockeyshop.com/products/bauer-hockey-canada-olympic-2-tone-hat-black-red,2026-03-20,2026-04-03,25,
www.thehockeyshop.com-J0070,Bauer Hockey Canada Olympic Adjustable Hat - Red,Bauer Hockey Canada Olympic Adjustable Hat - Red,35.99,26.98,https://cdn.shopify.com/s/files/1/0020/1585/4658/files/hats-bauer-hockey-canada-olympic-adjustable-hat-red-1221776938.jpg?v=1771803639,Accessories,Other,,Bauer,Unknown,https://www.thehockeyshop.com/collections/hockey-deals-clearance,https://www.thehockeyshop.com/products/bauer-hockey-canada-olympic-adjustable-hat-red,2026-03-20,2026-04-03,25,
www.thehockeyshop.com-J0071,Bauer Hockey Canada Olympic N&N Shortsleeve  Shirt - Cale Makar,Bauer Hockey Canada Olympic N&N Shortsleeve  Shirt - Cale Makar,49.99,36.98,https://cdn.shopify.com/s/files/1/0020/1585/4658/files/makar-main_131aeda2-af10-42b2-9881-c8140a711e8c.gif?v=1769204021,Accessories,Other,,Bauer,In Stock,https://www.thehockeyshop.com/collections/hockey-deals-clearance,https://www.thehockeyshop.com/products/bauer-hockey-canada-olympic-n-n-shortsleeve-shirt-cale-makar,2026-03-20,2026-04-03,26,
www.thehockeyshop.com-J0072,Bauer Hockey Canada Olympic N&N Shortsleeve Shirt - Connor McDavid,Bauer Hockey Canada Olympic N&N Shortsleeve Shirt - Connor McDavid,49.99,36.98,https://cdn.shopify.com/s/files/1/0020/1585/4658/files/mcdavid-main_17c4781d-8c3c-4643-9e7d-53c52fc3f56d.gif?v=1769204037,Accessories,Other,,Bauer,In Stock,https://www.thehockeyshop.com/collections/hockey-deals-clearance,https://www.thehockeyshop.com/products/bauer-hockey-canada-olympic-n-n-shortsleeve-shirt-conner-mcdavid,2026-03-20,2026-04-03,26,
www.thehockeyshop.com-J0073,Bauer Hockey Canada Olympic N&N Shortsleeve Shirt - Macklin Celebrini,Bauer Hockey Canada Olympic N&N Shortsleeve Shirt - Macklin Celebrini,49.99,36.98,https://cdn.shopify.com/s/files/1/0020/1585/4658/files/celebrini-main_1dd01e17-3e44-4750-afa0-f4cc832ee7fa.gif?v=1769204075,Accessories,Other,,Bauer,Unknown,https://www.thehockeyshop.com/collections/hockey-deals-clearance,https://www.thehockeyshop.com/products/bauer-hockey-canada-olympic-n-n-shortsleeve-shirt-macklin-celebrini,2026-03-20,2026-04-03,26,
www.thehockeyshop.com-J0074,Bauer Hockey Canada Olympic N&N Shortsleeve Shirt - Nathan MacKinnon,Bauer Hockey Canada Olympic N&N Shortsleeve Shirt - Nathan MacKinnon,49.99,36.98,https://cdn.shopify.com/s/files/1/0020/1585/4658/files/shirts-bauer-hockey-canada-olympic-n-n-shortsleeve-shirt-nathan-mackinnon-1221769513.gif?v=1771555511,Accessories,Other,,Bauer,In Stock,https://www.thehockeyshop.com/collections/hockey-deals-clearance,https://www.thehockeyshop.com/products/bauer-hockey-canada-olympic-n-n-shortsleeve-shirt-nathan-mackinnon,2026-03-20,2026-04-03,26,
www.thehockeyshop.com-J0075,Bauer Hockey Canada Olympic N&N Shortsleeve Shirt - Nick Suzuki,Bauer Hockey Canada Olympic N&N Shortsleeve Shirt - Nick Suzuki,49.99,36.98,https://cdn.shopify.com/s/files/1/0020/1585/4658/files/suzuki-main_e1fef72d-9c68-4f90-a23e-79501712555f.gif?v=1769204104,Accessories,Other,,Bauer,In Stock,https://www.thehockeyshop.com/collections/hockey-deals-clearance,https://www.thehockeyshop.com/products/bauer-hockey-canada-olympic-n-n-shortsleeve-shirt-nick-suzuki,2026-03-20,2026-04-03,26,
www.thehockeyshop.com-J0076,Bauer Hockey Canada Olympic N&N Shortsleeve Shirt - Renata Fast,Bauer Hockey Canada Olympic N&N Shortsleeve Shirt - Renata Fast,49.99,36.98,https://cdn.shopify.com/s/files/1/0020/1585/4658/files/shirts-bauer-hockey-canada-olympic-n-n-shortsleeve-shirt-renata-fast-1221769528.gif?v=1771552900,Accessories,Other,,Bauer,In Stock,https://www.thehockeyshop.com/collections/hockey-deals-clearance,https://www.thehockeyshop.com/products/bauer-hockey-canada-olympic-n-n-shortsleeve-shirt-renata-fast,2026-03-20,2026-04-03,26,
www.thehockeyshop.com-J0077,Bauer Hockey Canada Olympic N&N Shortsleeve Youth Shirt - Nathan MacKinnon,Bauer Hockey Canada Olympic N&N Shortsleeve Youth Shirt - Nathan MacKinnon,44.99,32.98,https://cdn.shopify.com/s/files/1/0020/1585/4658/files/shirts-bauer-hockey-canada-olympic-n-n-shortsleeve-youth-shirt-nathan-mackinnon-1221769534.gif?v=1771552934,Accessories,Other,Youth,Bauer,Unknown,https://www.thehockeyshop.com/collections/hockey-deals-clearance,https://www.thehockeyshop.com/products/bauer-hockey-canada-olympic-n-n-shortsleeve-youth-shirt-nathan-mackinnon,2026-03-20,2026-04-03,27,
www.thehockeyshop.com-J0078,Bauer Hockey Canada Olympic N&N Shortsleeve Youth Shirt - Nick Suzuki,Bauer Hockey Canada Olympic N&N Shortsleeve Youth Shirt - Nick Suzuki,44.99,32.98,https://cdn.shopify.com/s/files/1/0020/1585/4658/files/shirts-bauer-hockey-canada-olympic-n-n-shortsleeve-youth-shirt-nick-suzuki-1221769492.gif?v=1771552570,Accessories,Other,Youth,Bauer,Unknown,https://www.thehockeyshop.com/collections/hockey-deals-clearance,https://www.thehockeyshop.com/products/bauer-hockey-canada-olympic-n-n-shortsleeve-youth-shirt-nick-suzuki,2026-03-20,2026-04-03,27,
www.thehockeyshop.com-J0079,Bauer Hockey Canada Olympic N&N Shortsleeve Youth Shirt - Renata Fast,Bauer Hockey Canada Olympic N&N Shortsleeve Youth Shirt - Renata Fast,44.99,32.98,https://cdn.shopify.com/s/files/1/0020/1585/4658/files/shirts-bauer-hockey-canada-olympic-n-n-shortsleeve-youth-shirt-renata-fast-1221769501.gif?v=1771556590,Accessories,Other,Youth,Bauer,In Stock,https://www.thehockeyshop.com/collections/hockey-deals-clearance,https://www.thehockeyshop.com/products/bauer-hockey-canada-olympic-n-n-shortsleeve-youth-shirt-renata-fast,2026-03-20,2026-04-03,27,
www.thehockeyshop.com-J0080,Bauer Hockey Canada Olympic Semi-Pro Senior Jersey - Red - Marie-Philip Poulin,Bauer Hockey Canada Olympic Semi-Pro Senior Jersey - Red - Marie-Philip Poulin,399.99,299.98,https://cdn.shopify.com/s/files/1/0020/1585/4658/files/iihf-jerseys-bauer-hockey-canada-olympic-semi-pro-senior-jersey-red-marie-philip-poulin-1221776069.gif?v=1771755758,Accessories,Jersey,Senior,Bauer,Unknown,https://www.thehockeyshop.com/collections/hockey-deals-clearance,https://www.thehockeyshop.com/products/bauer-hockey-canada-olympic-semi-pro-senior-jersey-red-marie-philip-poulin,2026-03-20,2026-04-03,25,
www.thehockeyshop.com-J0081,Bauer Hockey Canada Olympic Semi-Pro Senior Jersey - Red - Nathan MacKinnon,Bauer Hockey Canada Olympic Semi-Pro Senior Jersey - Red - Nathan MacKinnon,399.99,299.98,https://cdn.shopify.com/s/files/1/0020/1585/4658/files/iihf-jerseys-bauer-hockey-canada-olympic-semi-pro-senior-jersey-red-nathan-mackinnon-1221776059.gif?v=1771774991,Accessories,Jersey,Senior,Bauer,Unknown,https://www.thehockeyshop.com/collections/hockey-deals-clearance,https://www.thehockeyshop.com/products/bauer-hockey-canada-olympic-semi-pro-senior-jersey-red-nathan-mckinnon,2026-03-20,2026-04-03,25,
www.thehockeyshop.com-J0082,Bauer Hockey Canada Olympic Stacked Hoody - Red,Bauer Hockey Canada Olympic Stacked Hoody - Red,99.99,74.98,https://cdn.shopify.com/s/files/1/0020/1585/4658/files/bauer-hoodies-bauer-hockey-canada-olympic-stacked-hoody-red-s-1212982229.gif?v=1766524040,Accessories,Other,,Bauer,Unknown,https://www.thehockeyshop.com/collections/hockey-deals-clearance,https://www.thehockeyshop.com/products/bauer-hockey-canada-olympic-stacked-hoody-red,2026-03-20,2026-04-03,25,
www.thehockeyshop.com-J0083,Bauer Hockey Canada Olympic Stacked Shortsleeve Shirt - Red,Bauer Hockey Canada Olympic Stacked Shortsleeve Shirt - Red,37.99,27.98,https://cdn.shopify.com/s/files/1/0020/1585/4658/files/shirts-bauer-hockey-canada-olympic-stacked-shortsleeve-shirt-red-1221776825.gif?v=1771787199,Accessories,Other,,Bauer,Unknown,https://www.thehockeyshop.com/collections/hockey-deals-clearance,https://www.thehockeyshop.com/products/bauer-hockey-canada-olympic-stacked-shortsleeve-shirt-red,2026-03-20,2026-04-03,26,
www.thehockeyshop.com-J0084,Bauer Hockey Canada Olympic Stacked Womens Hoody - Red,Bauer Hockey Canada Olympic Stacked Womens Hoody - Red,99.99,74.98,https://cdn.shopify.com/s/files/1/0020/1585/4658/files/bauer-hoodies-bauer-hockey-canada-olympic-stacked-womens-hoody-red-xs-1212982232.gif?v=1766524283,Accessories,Other,,Bauer,Unknown,https://www.thehockeyshop.com/collections/hockey-deals-clearance,https://www.thehockeyshop.com/products/bauer-hockey-canada-olympic-stacked-womens-hoody-red,2026-03-20,2026-04-03,25,
www.thehockeyshop.com-J0085,Bauer Hockey Canada Olympic Stacked Youth Hoody - Red,Bauer Hockey Canada Olympic Stacked Youth Hoody - Red,84.99,62.98,https://cdn.shopify.com/s/files/1/0020/1585/4658/files/hoodies-bauer-hockey-canada-olympic-stacked-youth-hoody-red-1221776831.gif?v=1771787378,Accessories,Other,Youth,Bauer,In Stock,https://www.thehockeyshop.com/collections/hockey-deals-clearance,https://www.thehockeyshop.com/products/bauer-hockey-canada-olympic-stacked-youth-hoody-red,2026-03-20,2026-04-03,26,
www.thehockeyshop.com-J0086,Bauer Hockey Canada Olympic Stripe Pom Knit Toque - Red / Black,Bauer Hockey Canada Olympic Stripe Pom Knit Toque - Red / Black,39.99,29.98,https://cdn.shopify.com/s/files/1/0020/1585/4658/files/toques-bauer-hockey-canada-olympic-stripe-pom-knit-toque-red-black-1221776820.gif?v=1771786990,Accessories,Other,,Bauer,In Stock,https://www.thehockeyshop.com/collections/hockey-deals-clearance,https://www.thehockeyshop.com/products/bauer-hockey-canada-olympic-stripe-pom-knit-toque-red-black,2026-03-20,2026-04-03,25,
www.thehockeyshop.com-J0087,Bauer Hockey Canada Olympic Senior Jersey - Red,Bauer Hockey Canada Olympic Senior Jersey - Red,149.99,111.98,https://cdn.shopify.com/s/files/1/0020/1585/4658/files/iihf-jerseys-bauer-hockey-canada-olympic-senior-jersey-red-1221776806.gif?v=1771786570,Accessories,Jersey,Senior,Bauer,In Stock,https://www.thehockeyshop.com/collections/hockey-deals-clearance,https://www.thehockeyshop.com/products/bauer-hockey-canada-oympic-senior-jersey-red,2026-03-20,2026-04-03,25,
www.thehockeyshop.com-J0088,Bauer Hockey Canada Olympic Youth Jersey - White,Bauer Hockey Canada Olympic Youth Jersey - White,109.99,81.98,https://cdn.shopify.com/s/files/1/0020/1585/4658/files/iihf-jerseys-bauer-hockey-canada-olympic-youth-jersey-white-1221776787.gif?v=1771786058,Accessories,Jersey,Youth,Bauer,Unknown,https://www.thehockeyshop.com/collections/hockey-deals-clearance,https://www.thehockeyshop.com/products/bauer-hockey-canada-oympic-youth-jersey-white,2026-03-20,2026-04-03,25,
www.thehockeyshop.com-J0089,Bauer Hockey Canada Performance Hat - Black,Bauer Hockey Canada Performance Hat - Black,39.99,29.98,https://cdn.shopify.com/s/files/1/0020/1585/4658/files/hats-bauer-hockey-canada-performance-hat-black-1221783335.jpg?v=1771984717,Accessories,Other,,Bauer,In Stock,https://www.thehockeyshop.com/collections/hockey-deals-clearance,https://www.thehockeyshop.com/products/bauer-hockey-canada-performance-hat-black,2026-03-20,2026-04-03,25,
www.thehockeyshop.com-J0090,Bauer Hockey Canada Street Hoody - Black,Bauer Hockey Canada Street Hoody - Black,109.99,81.98,https://cdn.shopify.com/s/files/1/0020/1585/4658/files/hoodies-bauer-hockey-canada-street-hoody-black-1221783285.webp?v=1771994771,Accessories,Other,,Bauer,In Stock,https://www.thehockeyshop.com/collections/hockey-deals-clearance,https://www.thehockeyshop.com/products/bauer-hockey-canada-street-hoody-black,2026-03-20,2026-04-03,25,
www.thehockeyshop.com-J0091,Bauer Hockey Canada Textured Full Zip Hoody - White,Bauer Hockey Canada Textured Full Zip Hoody - White,129.99,96.98,https://cdn.shopify.com/s/files/1/0020/1585/4658/files/hoodies-bauer-hockey-canada-textured-full-zip-hoody-white-1221783275.jpg?v=1771994170,Accessories,Other,,Bauer,In Stock,https://www.thehockeyshop.com/collections/hockey-deals-clearance,https://www.thehockeyshop.com/products/bauer-hockey-canada-textured-full-zip-hoody-white,2026-03-20,2026-04-03,25,
www.thehockeyshop.com-J0092,Bauer Hockey Canada TwoTone Pom Knit Toque - Black / Red,Bauer Hockey Canada TwoTone Pom Knit Toque - Black / Red,39.99,29.98,https://cdn.shopify.com/s/files/1/0020/1585/4658/files/toques-bauer-hockey-canada-twotone-pom-knit-toque-black-red-1221783336.jpg?v=1771984690,Accessories,Other,,Bauer,In Stock,https://www.thehockeyshop.com/collections/hockey-deals-clearance,https://www.thehockeyshop.com/products/bauer-hockey-canada-twotone-pom-knit-toque-black-red,2026-03-20,2026-04-03,25,
www.thehockeyshop.com-J0093,Bauer Hockey Canada Womens Graphic Shortsleeve Shirt - Red,Bauer Hockey Canada Womens Graphic Shortsleeve Shirt - Red,37.99,27.98,https://cdn.shopify.com/s/files/1/0020/1585/4658/files/shirts-bauer-hockey-canada-womens-graphic-shortsleeve-shirt-red-1221783306.jpg?v=1771983792,Accessories,Other,,Bauer,In Stock,https://www.thehockeyshop.com/collections/hockey-deals-clearance,https://www.thehockeyshop.com/products/bauer-hockey-canada-womens-graphic-shortsleeve-shirt-red,2026-03-20,2026-04-03,26,
www.thehockeyshop.com-J0094,Bauer Hockey Canada Womens Graphic Shortsleeve Shirt - White,Bauer Hockey Canada Womens Graphic Shortsleeve Shirt - White,37.99,27.98,https://cdn.shopify.com/s/files/1/0020/1585/4658/files/shirts-bauer-hockey-canada-womens-graphic-shortsleeve-shirt-white-1221782047.webp?v=1771957059,Accessories,Other,,Bauer,In Stock,https://www.thehockeyshop.com/collections/hockey-deals-clearance,https://www.thehockeyshop.com/products/bauer-hockey-canada-womens-graphic-shortsleeve-shirt-white,2026-03-20,2026-04-03,26,
www.thehockeyshop.com-J0095,Bauer Hockey Half Sauce Kit,Bauer Hockey Half Sauce Kit,119.99,95.98,https://cdn.shopify.com/s/files/1/0020/1585/4658/products/shooting-targets-aids-bauer-hockey-half-sauce-kit-1221743704.jpg?v=1773318338,Accessories,Other,,Bauer,In Stock,https://www.thehockeyshop.com/collections/hockey-deals-clearance,https://www.thehockeyshop.com/products/bauer-hockey-half-sauce-kit,2026-03-20,2026-04-03,20,
www.thehockeyshop.com-J0096,Bauer Intarsia Youth Knit Pom Toque,Bauer Intarsia Youth Knit Pom Toque,34.99,19.95,https://cdn.shopify.com/s/files/1/0020/1585/4658/files/toques-bauer-intarsia-youth-knit-pom-toque-1221770525.gif?v=1771599250,Accessories,Other,Youth,Bauer,In Stock,https://www.thehockeyshop.com/collections/hockey-deals-clearance,https://www.thehockeyshop.com/products/bauer-intarsia-youth-knit-pom-toque,2026-03-20,2026-04-03,43,
www.thehockeyshop.com-J0097,Bauer Konekt HF2 Intermediate Goalie Skates,Bauer Konekt HF2 Intermediate Goalie Skates,649.99,454.97,https://cdn.shopify.com/s/files/1/0020/1585/4658/files/goalie-skates-bauer-konekt-hf2-intermediate-goalie-skates-1221723096.jpg?v=1772685790,Goalie Gear,Goalie Skates,Intermediate,Bauer,Unknown,https://www.thehockeyshop.com/collections/hockey-deals-clearance,https://www.thehockeyshop.com/products/bauer-konekt-hf2-intermediate-goalie-skates,2026-03-20,2026-04-03,30,
www.thehockeyshop.com-J0098,Bauer Konekt HF2 Senior Goalie Skates,Bauer Konekt HF2 Senior Goalie Skates,749.99,524.97,https://cdn.shopify.com/s/files/1/0020/1585/4658/products/goalie-skates-bauer-konekt-hf2-senior-goalie-skates-1221723113.jpg?v=1772686478,Goalie Gear,Goalie Skates,Senior,Bauer,In Stock,https://www.thehockeyshop.com/collections/hockey-deals-clearance,https://www.thehockeyshop.com/products/bauer-konekt-hf2-senior-goalie-skates,2026-03-20,2026-04-03,30,
www.thehockeyshop.com-J0099,Bauer Konekt2 Senior Goalie Skates,Bauer Konekt2 Senior Goalie Skates,1149.99,1099.99,https://cdn.shopify.com/s/files/1/0020/1585/4658/files/goalie-skates-bauer-konekt2-senior-goalie-skates-1221791938.jpg?v=1772269270,Goalie Gear,Goalie Skates,Senior,Bauer,In Stock,https://www.thehockeyshop.com/collections/hockey-deals-clearance,https://www.thehockeyshop.com/products/bauer-konekt2-senior-goalie-skates,2026-03-20,2026-04-03,4,
www.thehockeyshop.com-J0100,Bauer Longsleeve Graphic Youth Shirt,Bauer Longsleeve Graphic Youth Shirt,34.99,19.95,https://cdn.shopify.com/s/files/1/0020/1585/4658/files/shirts-bauer-longsleeve-graphic-youth-shirt-1221770531.gif?v=1771732870,Accessories,Other,Youth,Bauer,In Stock,https://www.thehockeyshop.com/collections/hockey-deals-clearance,https://www.thehockeyshop.com/products/bauer-longsleeve-graphic-youth-shirt,2026-03-20,2026-04-03,43,
www.thehockeyshop.com-J0101,Bauer - Navy Core Fitted Hat,Bauer - Navy Core Fitted Hat,34.99,19.95,https://cdn.shopify.com/s/files/1/0020/1585/4658/files/hats-bauer-navy-core-fitted-hat-1221727056.jpg?v=1772807051,Accessories,Other,,Bauer,In Stock,https://www.thehockeyshop.com/collections/hockey-deals-clearance,https://www.thehockeyshop.com/products/bauer-navy-core-fitted-hat,2026-03-20,2026-04-03,43,
www.thehockeyshop.com-J0102,Bauer - Navy Core Fitted Youth Hat,Bauer - Navy Core Fitted Youth Hat,34.99,19.95,https://cdn.shopify.com/s/files/1/0020/1585/4658/files/hats-bauer-navy-core-fitted-youth-hat-1221727062.jpg?v=1772807260,Accessories,Other,Youth,Bauer,In Stock,https://www.thehockeyshop.com/collections/hockey-deals-clearance,https://www.thehockeyshop.com/products/bauer-navy-core-fitted-youth-hat,2026-03-20,2026-04-03,43,
www.thehockeyshop.com-J0103,Bauer Nexus League Pro Stock Intermediate Hockey Stick (2024),Bauer Nexus League Pro Stock Intermediate Hockey Stick (2024),329.99,164.90,https://cdn.shopify.com/s/files/1/0020/1585/4658/files/hockey-sticks-bauer-nexus-league-pro-stock-senior-hockey-stick-2024-1221788409.jpg?v=1772163760,Player Gear,Stick,Intermediate,Bauer,In Stock,https://www.thehockeyshop.com/collections/hockey-deals-clearance,https://www.thehockeyshop.com/products/bauer-nexus-league-intermediate-hockey-stick-1,2026-03-20,2026-04-03,50,
www.thehockeyshop.com-J0105,Bauer Nexus Tracer Junior Hockey Stick - 50 Flex Red,Bauer Nexus Tracer Junior Hockey Stick - 50 Flex Red,279.99,269.99,https://cdn.shopify.com/s/files/1/0020/1585/4658/files/hockey-sticks-bauer-nexus-tracer-junior-hockey-stick-50-flex-red-1221778529.jpg?v=1771839430,Player Gear,Stick,Junior,Bauer,In Stock,https://www.thehockeyshop.com/collections/hockey-deals-clearance,https://www.thehockeyshop.com/products/bauer-nexus-tracer-junior-hockey-stick-50-flex-red,2026-03-20,2026-04-03,4,
www.thehockeyshop.com-J0106,Bauer Nexus Tracer Senior Hockey Stick - Blue,Bauer Nexus Tracer Senior Hockey Stick - Blue,409.99,399.99,https://cdn.shopify.com/s/files/1/0020/1585/4658/files/hockey-sticks-bauer-nexus-tracer-senior-hockey-stick-blue-1221778559.jpg?v=1771840329,Player Gear,Stick,Senior,Bauer,Unknown,https://www.thehockeyshop.com/collections/hockey-deals-clearance,https://www.thehockeyshop.com/products/bauer-nexus-tracer-senior-hockey-stick-blue,2026-03-20,2026-04-03,2,
www.thehockeyshop.com-J0107,Bauer NME CSA Goalie Cage,Bauer NME CSA Goalie Cage,89.99,74.99,https://cdn.shopify.com/s/files/1/0020/1585/4658/products/goalie-cages-bauer-nme-csa-goalie-cage-1221763032.jpg?v=1773901211,Accessories,Other,,Bauer,In Stock,https://www.thehockeyshop.com/collections/hockey-deals-clearance,https://www.thehockeyshop.com/products/bauer-nme-csa-goalie-cage,2026-03-20,2026-04-03,17,
www.thehockeyshop.com-J0108,Bauer Performance Compression Junior Jock Pants (2022),Bauer Performance Compression Junior Jock Pants (2022),84.99,71.98,https://cdn.shopify.com/s/files/1/0020/1585/4658/products/bauer-jock-pants-bauer-performance-compression-junior-jock-pants-l-29162746249282.jpg?v=1768081742,Player Gear,Hockey Pants,Junior,Bauer,In Stock,https://www.thehockeyshop.com/collections/hockey-deals-clearance,https://www.thehockeyshop.com/products/bauer-performance-compression-junior-jock-pants,2026-03-20,2026-04-03,15,
www.thehockeyshop.com-J0109,Bauer Performance Compression Junior Jock Shorts (2022),Bauer Performance Compression Junior Jock Shorts (2022),74.99,62.98,https://cdn.shopify.com/s/files/1/0020/1585/4658/products/bauer-jock-shorts-bauer-performance-compression-junior-jock-shorts-l-29162769514562.jpg?v=1768081954,Accessories,Other,Junior,Bauer,In Stock,https://www.thehockeyshop.com/collections/hockey-deals-clearance,https://www.thehockeyshop.com/products/bauer-performance-compression-junior-jock-shorts,2026-03-20,2026-04-03,16,
www.thehockeyshop.com-J0110,Bauer Performance Compression Senior Jock Pants (2022),Bauer Performance Compression Senior Jock Pants (2022),84.99,71.98,https://cdn.shopify.com/s/files/1/0020/1585/4658/products/bauer-jock-pants-bauer-performance-compression-senior-jock-pants-xxl-29162746478658.jpg?v=1768081899,Player Gear,Hockey Pants,Senior,Bauer,In Stock,https://www.thehockeyshop.com/collections/hockey-deals-clearance,https://www.thehockeyshop.com/products/bauer-performance-compression-senior-jock-pants,2026-03-20,2026-04-03,15,
www.thehockeyshop.com-J0111,Bauer Performance Compression Senior Jock Shorts (2022),Bauer Performance Compression Senior Jock Shorts (2022),74.99,62.98,https://cdn.shopify.com/s/files/1/0020/1585/4658/products/jock-shorts-bauer-performance-compression-senior-jock-shorts-2022-1221732046.jpg?v=1772948230,Accessories,Other,Senior,Bauer,In Stock,https://www.thehockeyshop.com/collections/hockey-deals-clearance,https://www.thehockeyshop.com/products/bauer-performance-compression-senior-jock-shorts,2026-03-20,2026-04-03,16,
www.thehockeyshop.com-J0112,Bauer Performance Junior Baselayer Pants (2022),Bauer Performance Junior Baselayer Pants (2022),64.99,54.98,https://cdn.shopify.com/s/files/1/0020/1585/4658/products/pants-bauer-performance-junior-baselayer-pants-2022-1221731491.jpg?v=1772925190,Player Gear,Hockey Pants,Junior,Bauer,In Stock,https://www.thehockeyshop.com/collections/hockey-deals-clearance,https://www.thehockeyshop.com/products/bauer-performance-junior-baselayer-pants,2026-03-20,2026-04-03,15,
www.thehockeyshop.com-J0113,Bauer Performance Junior Baselayer Shirt (2022),Bauer Performance Junior Baselayer Shirt (2022),64.99,54.98,https://cdn.shopify.com/s/files/1/0020/1585/4658/products/shirts-bauer-performance-junior-baselayer-shirt-2022-1221731511.jpg?v=1772925938,Accessories,Other,Junior,Bauer,In Stock,https://www.thehockeyshop.com/collections/hockey-deals-clearance,https://www.thehockeyshop.com/products/bauer-performance-junior-baselayer-shirt,2026-03-20,2026-04-03,15,
www.thehockeyshop.com-J0114,Bauer Performance Senior Baselayer Pants (2022),Bauer Performance Senior Baselayer Pants (2022),69.99,58.98,https://cdn.shopify.com/s/files/1/0020/1585/4658/products/pants-bauer-performance-senior-baselayer-pants-2022-1221731492.jpg?v=1772925249,Player Gear,Hockey Pants,Senior,Bauer,In Stock,https://www.thehockeyshop.com/collections/hockey-deals-clearance,https://www.thehockeyshop.com/products/bauer-performance-senior-baselayer-pants,2026-03-20,2026-04-03,16,
www.thehockeyshop.com-J0115,Bauer Performance Senior Baselayer Shirt (2022),Bauer Performance Senior Baselayer Shirt (2022),69.99,58.98,https://cdn.shopify.com/s/files/1/0020/1585/4658/products/shirts-bauer-performance-senior-baselayer-shirt-2022-1221731514.jpg?v=1772925971,Accessories,Other,Senior,Bauer,In Stock,https://www.thehockeyshop.com/collections/hockey-deals-clearance,https://www.thehockeyshop.com/products/bauer-performance-senior-baselayer-shirt,2026-03-20,2026-04-03,16,
www.thehockeyshop.com-J0116,Bauer Performance Skate Socks - Low - (2021),Bauer Performance Skate Socks - Low - (2021),22.99,15.97,https://cdn.shopify.com/s/files/1/0020/1585/4658/products/socks-bauer-performance-skate-socks-low-2021-1221743641.jpg?v=1773326774,Player Gear,Skates,,Bauer,Unknown,https://www.thehockeyshop.com/collections/hockey-deals-clearance,https://www.thehockeyshop.com/products/bauer-performance-skate-socks-low,2026-03-20,2026-04-03,31,
www.thehockeyshop.com-J0117,Bauer Plaid Senior Snapback,Bauer Plaid Senior Snapback,39.99,19.95,https://cdn.shopify.com/s/files/1/0020/1585/4658/files/hats-bauer-plaid-senior-snapback-1221770515.gif?v=1771598714,Accessories,Other,Senior,Bauer,In Stock,https://www.thehockeyshop.com/collections/hockey-deals-clearance,https://www.thehockeyshop.com/products/bauer-plaid-senior-snapback,2026-03-20,2026-04-03,50,
www.thehockeyshop.com-J0118,Bauer Pro 360 Cut Resistant Hockey Skate Socks,Bauer Pro 360 Cut Resistant Hockey Skate Socks,49.99,34.97,https://cdn.shopify.com/s/files/1/0020/1585/4658/products/socks-bauer-pro-360-cut-resistant-hockey-skate-socks-1221731483.jpg?v=1772924917,Player Gear,Skates,,Bauer,Unknown,https://www.thehockeyshop.com/collections/hockey-deals-clearance,https://www.thehockeyshop.com/products/bauer-pro-360-cut-resistant-hockey-skate-socks,2026-03-20,2026-04-03,30,
www.thehockeyshop.com-J0121,Bauer Pro Junior Baselayer Pants (2022),Bauer Pro Junior Baselayer Pants (2022),84.99,71.98,https://cdn.shopify.com/s/files/1/0020/1585/4658/products/pants-bauer-pro-junior-baselayer-pants-2022-1221731494.jpg?v=1772925338,Player Gear,Hockey Pants,Junior,Bauer,In Stock,https://www.thehockeyshop.com/collections/hockey-deals-clearance,https://www.thehockeyshop.com/products/bauer-pro-junior-baselayer-pants,2026-03-20,2026-04-03,15,
www.thehockeyshop.com-J0122,Bauer Pro Junior Baselayer Shirt (2022),Bauer Pro Junior Baselayer Shirt (2022),94.99,79.98,https://cdn.shopify.com/s/files/1/0020/1585/4658/products/shirts-bauer-pro-junior-baselayer-shirt-2022-1221731515.jpg?v=1772926058,Accessories,Other,Junior,Bauer,In Stock,https://www.thehockeyshop.com/collections/hockey-deals-clearance,https://www.thehockeyshop.com/products/bauer-pro-junior-baselayer-shirt,2026-03-20,2026-04-03,16,
www.thehockeyshop.com-J0123,Bauer Pro Senior Baselayer Pants (2022),Bauer Pro Senior Baselayer Pants (2022),84.99,71.98,https://cdn.shopify.com/s/files/1/0020/1585/4658/products/pants-bauer-pro-senior-baselayer-pants-2022-1221731496.jpg?v=1772925370,Player Gear,Hockey Pants,Senior,Bauer,In Stock,https://www.thehockeyshop.com/collections/hockey-deals-clearance,https://www.thehockeyshop.com/products/bauer-pro-senior-baselayer-pants,2026-03-20,2026-04-03,15,
www.thehockeyshop.com-J0124,Bauer Pro Senior Baselayer Shirt (2022),Bauer Pro Senior Baselayer Shirt (2022),94.99,79.98,https://cdn.shopify.com/s/files/1/0020/1585/4658/products/shirts-bauer-pro-senior-baselayer-shirt-2022-1221731516.jpg?v=1772926031,Accessories,Other,Senior,Bauer,In Stock,https://www.thehockeyshop.com/collections/hockey-deals-clearance,https://www.thehockeyshop.com/products/bauer-pro-senior-baselayer-shirt,2026-03-20,2026-04-03,16,
www.thehockeyshop.com-J0125,Bauer Pro Senior Goalie Skates - (2021),Bauer Pro Senior Goalie Skates - (2021),929.99,464.90,https://cdn.shopify.com/s/files/1/0020/1585/4658/products/goalie-skates-bauer-pro-senior-goalie-skates-2021-1221743549.jpg?v=1773315731,Goalie Gear,Goalie Skates,Senior,Bauer,In Stock,https://www.thehockeyshop.com/collections/hockey-deals-clearance,https://www.thehockeyshop.com/products/bauer-pro-senior-goalie-skates,2026-03-20,2026-04-03,50,
www.thehockeyshop.com-J0126,Bauer Pro Stock Senior Chest & Arm Protector,Bauer Pro Stock Senior Chest & Arm Protector,899.99,699.98,https://cdn.shopify.com/s/files/1/0020/1585/4658/files/chest-protectors-bauer-pro-stock-senior-chest-arm-protector-1221770932.png?v=1771602619,Accessories,Other,Senior,Bauer,In Stock,https://www.thehockeyshop.com/collections/hockey-deals-clearance,https://www.thehockeyshop.com/products/bauer-pro-stock-senior-chest-arm-protector,2026-03-20,2026-04-03,22,
www.thehockeyshop.com-J0127,Bauer Profile III Senior Hockey Cage - (2021),Bauer Profile III Senior Hockey Cage - (2021),79.99,47.95,https://cdn.shopify.com/s/files/1/0020/1585/4658/products/bauer-hockey-cages-bauer-profile-iii-senior-hockey-cage-silver-xs-28743991099458.jpg?v=1768004013,Accessories,Other,Senior,Bauer,In Stock,https://www.thehockeyshop.com/collections/hockey-deals-clearance,https://www.thehockeyshop.com/products/bauer-profile-iii-senior-cage,2026-03-20,2026-04-03,40,
www.thehockeyshop.com-J0128,Bauer ProSharp AdvantEdge Home Sharpening Machine,Bauer ProSharp AdvantEdge Home Sharpening Machine,1199.99,1049.98,https://cdn.shopify.com/s/files/1/0020/1585/4658/files/sharpening-machine-bauer-prosharp-advantedge-home-sharpening-machine-1221791664.jpg?v=1772265818,Accessories,Other,,Bauer,In Stock,https://www.thehockeyshop.com/collections/hockey-deals-clearance,https://www.thehockeyshop.com/products/bauer-prosharp-advantedge-home-sharpening-machine,2026-03-20,2026-04-03,13,
www.thehockeyshop.com-J0129,Bauer PROTO-R Intermediate Hockey Stick - Gold,Bauer PROTO-R Intermediate Hockey Stick - Gold,379.99,227.95,https://cdn.shopify.com/s/files/1/0020/1585/4658/files/hockey-sticks-bauer-proto-r-intermediate-hockey-stick-gold-1221784678.jpg?v=1772049099,Player Gear,Stick,Intermediate,Bauer,Unknown,https://www.thehockeyshop.com/collections/hockey-deals-clearance,https://www.thehockeyshop.com/products/bauer-proto-intermediate-hockey-stick-gold,2026-03-20,2026-04-03,40,
www.thehockeyshop.com-J0130,Bauer PROTO-R Junior Hockey Stick - 50 Flex - Gold,Bauer PROTO-R Junior Hockey Stick - 50 Flex - Gold,289.99,202.97,https://cdn.shopify.com/s/files/1/0020/1585/4658/files/hockey-sticks-bauer-proto-r-junior-hockey-stick-50-flex-gold-1221787945.jpg?v=1772149271,Player Gear,Stick,Junior,Bauer,Unknown,https://www.thehockeyshop.com/collections/hockey-deals-clearance,https://www.thehockeyshop.com/products/bauer-proto-junior-hockey-stick-50-flex-custom-color,2026-03-20,2026-04-03,30,
www.thehockeyshop.com-J0131,Bauer PROTO-R Senior Hockey Stick,Bauer PROTO-R Senior Hockey Stick,429.99,257.95,https://cdn.shopify.com/s/files/1/0020/1585/4658/files/hockey-sticks-bauer-proto-r-senior-hockey-stick-1221800325.jpg?v=1772538518,Player Gear,Stick,Senior,Bauer,In Stock,https://www.thehockeyshop.com/collections/hockey-deals-clearance,https://www.thehockeyshop.com/products/bauer-proto-senior-hockey-stick,2026-03-20,2026-04-03,40,
www.thehockeyshop.com-J0132,Bauer PROTO-R Senior Hockey Stick - Gold,Bauer PROTO-R Senior Hockey Stick - Gold,429.99,257.95,https://cdn.shopify.com/s/files/1/0020/1585/4658/files/hockey-sticks-bauer-proto-r-senior-hockey-stick-gold-1221788131.jpg?v=1772164118,Player Gear,Stick,Senior,Bauer,In Stock,https://www.thehockeyshop.com/collections/hockey-deals-clearance,https://www.thehockeyshop.com/products/bauer-proto-senior-hockey-stick-custom-color,2026-03-20,2026-04-03,40,
www.thehockeyshop.com-J0134,Bauer PWHL Adjustable Hat - Boston Fleet,Bauer PWHL Adjustable Hat - Boston Fleet,35.99,26.98,https://cdn.shopify.com/s/files/1/0020/1585/4658/files/hats-bauer-pwhl-adjustable-hat-boston-fleet-1221777434.jpg?v=1771825358,Accessories,Other,,Bauer,In Stock,https://www.thehockeyshop.com/collections/hockey-deals-clearance,https://www.thehockeyshop.com/products/bauer-pwhl-adjustable-hat-boston-fleet,2026-03-20,2026-04-03,25,
www.thehockeyshop.com-J0135,Bauer PWHL Adjustable Hat - Ottawa Charge,Bauer PWHL Adjustable Hat - Ottawa Charge,35.99,26.98,https://cdn.shopify.com/s/files/1/0020/1585/4658/files/hats-bauer-pwhl-adjustable-hat-ottawa-charge-1221777429.jpg?v=1771825118,Accessories,Other,,Bauer,In Stock,https://www.thehockeyshop.com/collections/hockey-deals-clearance,https://www.thehockeyshop.com/products/bauer-pwhl-adjustable-hat-ottawa-charge,2026-03-20,2026-04-03,25,
www.thehockeyshop.com-J0136,Bauer PWHL Adjustable Hat - Toronto Sceptres,Bauer PWHL Adjustable Hat - Toronto Sceptres,35.99,26.98,https://cdn.shopify.com/s/files/1/0020/1585/4658/files/hats-bauer-pwhl-adjustable-hat-toronto-sceptres-1221777428.jpg?v=1771825091,Accessories,Other,,Bauer,In Stock,https://www.thehockeyshop.com/collections/hockey-deals-clearance,https://www.thehockeyshop.com/products/bauer-pwhl-adjustable-hat-toronto-sceptres,2026-03-20,2026-04-03,25,
www.thehockeyshop.com-J0137,Bauer PWHL Flatbrim Snapback Hat - Boston Fleet,Bauer PWHL Flatbrim Snapback Hat - Boston Fleet,37.99,27.98,https://cdn.shopify.com/s/files/1/0020/1585/4658/files/hats-bauer-pwhl-flatbrim-snapback-hat-boston-fleet-1221770681.gif?v=1771590071,Accessories,Other,,Bauer,In Stock,https://www.thehockeyshop.com/collections/hockey-deals-clearance,https://www.thehockeyshop.com/products/bauer-pwhl-flatbrim-snapback-hat-boston-fleet,2026-03-20,2026-04-03,26,
www.thehockeyshop.com-J0138,Bauer PWHL Flatbrim Snapback Hat - Minnesota Frost,Bauer PWHL Flatbrim Snapback Hat - Minnesota Frost,37.99,27.98,https://cdn.shopify.com/s/files/1/0020/1585/4658/files/hats-bauer-pwhl-flatbrim-snapback-hat-minnesota-frost-1221770779.gif?v=1771592951,Accessories,Other,,Bauer,In Stock,https://www.thehockeyshop.com/collections/hockey-deals-clearance,https://www.thehockeyshop.com/products/bauer-pwhl-flatbrim-snapback-hat-minnesota-frost,2026-03-20,2026-04-03,26,
www.thehockeyshop.com-J0139,Bauer PWHL Flatbrim Snapback Hat - New York Sirens,Bauer PWHL Flatbrim Snapback Hat - New York Sirens,37.99,27.98,https://cdn.shopify.com/s/files/1/0020/1585/4658/files/hats-bauer-pwhl-flatbrim-snapback-hat-new-york-sirens-1221770705.gif?v=1771590819,Accessories,Other,,Bauer,In Stock,https://www.thehockeyshop.com/collections/hockey-deals-clearance,https://www.thehockeyshop.com/products/bauer-pwhl-flatbrim-snapback-hat-new-york-sirens,2026-03-20,2026-04-03,26,
www.thehockeyshop.com-J0140,Bauer PWHL Flatbrim Snapback Hat - Ottawa Charge,Bauer PWHL Flatbrim Snapback Hat - Ottawa Charge,37.99,27.98,https://cdn.shopify.com/s/files/1/0020/1585/4658/files/hats-bauer-pwhl-flatbrim-snapback-hat-ottawa-charge-1221770731.gif?v=1771591510,Accessories,Other,,Bauer,In Stock,https://www.thehockeyshop.com/collections/hockey-deals-clearance,https://www.thehockeyshop.com/products/bauer-pwhl-flatbrim-snapback-hat-ottawa-charge,2026-03-20,2026-04-03,26,
www.thehockeyshop.com-J0141,Bauer PWHL Flatbrim Youth Snapback Hat - Ottawa Charge,Bauer PWHL Flatbrim Youth Snapback Hat - Ottawa Charge,32.99,23.98,https://cdn.shopify.com/s/files/1/0020/1585/4658/files/hats-bauer-pwhl-flatbrim-youth-snapback-hat-ottawa-charge-1221770661.gif?v=1771589438,Accessories,Other,Youth,Bauer,In Stock,https://www.thehockeyshop.com/collections/hockey-deals-clearance,https://www.thehockeyshop.com/products/bauer-pwhl-flatbrim-youth-snapback-hat-ottawa-charge,2026-03-20,2026-04-03,27,
www.thehockeyshop.com-J0142,Bauer PWHL Flatbrim Youth Snapback Hat - Toronto Sceptres,Bauer PWHL Flatbrim Youth Snapback Hat - Toronto Sceptres,32.99,23.98,https://cdn.shopify.com/s/files/1/0020/1585/4658/files/hats-bauer-pwhl-flatbrim-youth-snapback-hat-toronto-sceptres-1221770625.gif?v=1771588392,Accessories,Other,Youth,Bauer,In Stock,https://www.thehockeyshop.com/collections/hockey-deals-clearance,https://www.thehockeyshop.com/products/bauer-pwhl-flatbrim-youth-snapback-hat-toronto-sceptres,2026-03-20,2026-04-03,27,
www.thehockeyshop.com-J0143,Bauer PWHL Graphic Shortsleeve Junior Shirt - Montreal Victoire,Bauer PWHL Graphic Shortsleeve Junior Shirt - Montreal Victoire,31.99,23.98,https://cdn.shopify.com/s/files/1/0020/1585/4658/files/shirts-bauer-pwhl-graphic-shortsleeve-junior-shirt-montreal-victoire-1221777415.webp?v=1771824731,Accessories,Other,Junior,Bauer,In Stock,https://www.thehockeyshop.com/collections/hockey-deals-clearance,https://www.thehockeyshop.com/products/bauer-pwhl-graphic-shortsleeve-junior-shirt-montreal-victoire,2026-03-20,2026-04-03,25,
www.thehockeyshop.com-J0144,Bauer PWHL Graphic Shortsleeve Junior Shirt - Ottawa Charge,Bauer PWHL Graphic Shortsleeve Junior Shirt - Ottawa Charge,31.99,23.98,https://cdn.shopify.com/s/files/1/0020/1585/4658/files/shirts-bauer-pwhl-graphic-shortsleeve-junior-shirt-ottawa-charge-1221777411.webp?v=1771824610,Accessories,Other,Junior,Bauer,In Stock,https://www.thehockeyshop.com/collections/hockey-deals-clearance,https://www.thehockeyshop.com/products/bauer-pwhl-graphic-shortsleeve-junior-shirt-ottawa-charge,2026-03-20,2026-04-03,25,
www.thehockeyshop.com-J0145,Bauer PWHL Graphic Shortsleeve Junior Shirt - Toronto Sceptres,Bauer PWHL Graphic Shortsleeve Junior Shirt - Toronto Sceptres,31.99,23.98,https://cdn.shopify.com/s/files/1/0020/1585/4658/files/shirts-bauer-pwhl-graphic-shortsleeve-junior-shirt-toronto-sceptres-1221777403.webp?v=1771824371,Accessories,Other,Junior,Bauer,In Stock,https://www.thehockeyshop.com/collections/hockey-deals-clearance,https://www.thehockeyshop.com/products/bauer-pwhl-graphic-shortsleeve-junior-shirt-toronto-sceptres,2026-03-20,2026-04-03,25,
www.thehockeyshop.com-J0146,Bauer PWHL Graphic Shortsleeve Senior Shirt - Boston Fleet,Bauer PWHL Graphic Shortsleeve Senior Shirt - Boston Fleet,37.99,27.98,https://cdn.shopify.com/s/files/1/0020/1585/4658/files/shirts-bauer-pwhl-graphic-shortsleeve-senior-shirt-boston-fleet-1221777400.webp?v=1771824339,Accessories,Other,Senior,Bauer,In Stock,https://www.thehockeyshop.com/collections/hockey-deals-clearance,https://www.thehockeyshop.com/products/bauer-pwhl-graphic-shortsleeve-senior-shirt-boston-fleet,2026-03-20,2026-04-03,26,
www.thehockeyshop.com-J0147,Bauer PWHL Graphic Shortsleeve Senior Shirt - Minnesota Frost,Bauer PWHL Graphic Shortsleeve Senior Shirt - Minnesota Frost,37.99,27.98,https://cdn.shopify.com/s/files/1/0020/1585/4658/files/shirts-bauer-pwhl-graphic-shortsleeve-senior-shirt-minnesota-frost-1221777392.webp?v=1771824071,Accessories,Other,Senior,Bauer,In Stock,https://www.thehockeyshop.com/collections/hockey-deals-clearance,https://www.thehockeyshop.com/products/bauer-pwhl-graphic-shortsleeve-senior-shirt-minnesota-frost,2026-03-20,2026-04-03,26,
www.thehockeyshop.com-J0148,Bauer PWHL Graphic Shortsleeve Senior Shirt - Montreal Victoire,Bauer PWHL Graphic Shortsleeve Senior Shirt - Montreal Victoire,37.99,27.98,https://cdn.shopify.com/s/files/1/0020/1585/4658/files/shirts-bauer-pwhl-graphic-shortsleeve-senior-shirt-montreal-victoire-1221777396.webp?v=1771824189,Accessories,Other,Senior,Bauer,In Stock,https://www.thehockeyshop.com/collections/hockey-deals-clearance,https://www.thehockeyshop.com/products/bauer-pwhl-graphic-shortsleeve-senior-shirt-montreal-victoire,2026-03-20,2026-04-03,26,
www.thehockeyshop.com-J0149,Bauer PWHL Graphic Shortsleeve Senior Shirt - Ottawa Charge,Bauer PWHL Graphic Shortsleeve Senior Shirt - Ottawa Charge,37.99,27.98,https://cdn.shopify.com/s/files/1/0020/1585/4658/files/shirts-bauer-pwhl-graphic-shortsleeve-senior-shirt-ottawa-charge-1221777384.webp?v=1771823857,Accessories,Other,Senior,Bauer,In Stock,https://www.thehockeyshop.com/collections/hockey-deals-clearance,https://www.thehockeyshop.com/products/bauer-pwhl-graphic-shortsleeve-senior-shirt-ottawa-charge,2026-03-20,2026-04-03,26,
www.thehockeyshop.com-J0150,Bauer PWHL Graphic Shortsleeve Womens Shirt - New York Sirens,Bauer PWHL Graphic Shortsleeve Womens Shirt - New York Sirens,37.99,27.98,https://cdn.shopify.com/s/files/1/0020/1585/4658/files/shirts-bauer-pwhl-graphic-shortsleeve-womens-shirt-new-york-sirens-1221777438.webp?v=1771815157,Accessories,Other,,Bauer,In Stock,https://www.thehockeyshop.com/collections/hockey-deals-clearance,https://www.thehockeyshop.com/products/bauer-pwhl-graphic-shortsleeve-womens-shirt-new-york-sirens,2026-03-20,2026-04-03,26,
www.thehockeyshop.com-J0151,Bauer PWHL Graphic Shortsleeve Womens Shirt - Toronto Sceptres,Bauer PWHL Graphic Shortsleeve Womens Shirt - Toronto Sceptres,37.99,27.98,https://cdn.shopify.com/s/files/1/0020/1585/4658/files/shirts-bauer-pwhl-graphic-shortsleeve-womens-shirt-toronto-sceptres-1221777364.webp?v=1771842672,Accessories,Other,,Bauer,In Stock,https://www.thehockeyshop.com/collections/hockey-deals-clearance,https://www.thehockeyshop.com/products/bauer-pwhl-graphic-shortsleeve-womens-shirt-toronto-sceptres,2026-03-20,2026-04-03,26,
www.thehockeyshop.com-J0152,Bauer PWHL Knit Pom Youth Toque - Montreal Victoire,Bauer PWHL Knit Pom Youth Toque - Montreal Victoire,32.99,23.98,https://cdn.shopify.com/s/files/1/0020/1585/4658/files/toques-bauer-pwhl-knit-pom-youth-toque-montreal-victoire-1221770569.jpg?v=1771599828,Accessories,Other,Youth,Bauer,In Stock,https://www.thehockeyshop.com/collections/hockey-deals-clearance,https://www.thehockeyshop.com/products/bauer-pwhl-knit-pom-youth-toque-montreal-victoire,2026-03-20,2026-04-03,27,
www.thehockeyshop.com-J0153,Bauer PWHL Knit Pom Youth Toque - Ottawa Charge,Bauer PWHL Knit Pom Youth Toque - Ottawa Charge,32.99,23.98,https://cdn.shopify.com/s/files/1/0020/1585/4658/files/toques-bauer-pwhl-knit-pom-youth-toque-ottawa-charge-1221770570.jpg?v=1771600390,Accessories,Other,Youth,Bauer,In Stock,https://www.thehockeyshop.com/collections/hockey-deals-clearance,https://www.thehockeyshop.com/products/bauer-pwhl-knit-pom-youth-toque-ottawa-charge,2026-03-20,2026-04-03,27,
www.thehockeyshop.com-J0154,Bauer PWHL Knit Pom Youth Toque - Toronto Sceptres,Bauer PWHL Knit Pom Youth Toque - Toronto Sceptres,32.99,23.98,https://cdn.shopify.com/s/files/1/0020/1585/4658/files/toques-bauer-pwhl-knit-pom-youth-toque-toronto-sceptres-1221770571.jpg?v=1771600031,Accessories,Other,Youth,Bauer,In Stock,https://www.thehockeyshop.com/collections/hockey-deals-clearance,https://www.thehockeyshop.com/products/bauer-pwhl-knit-pom-youth-toque-toronto-sceptres,2026-03-20,2026-04-03,27,
www.thehockeyshop.com-J0155,Bauer PWHL Patch Knit Pom Toque Montreal Victoire,Bauer PWHL Patch Knit Pom Toque Montreal Victoire,39.99,29.98,https://cdn.shopify.com/s/files/1/0020/1585/4658/files/toques-bauer-pwhl-patch-knit-pom-toque-montreal-victoire-1221770761.gif?v=1771592529,Accessories,Other,,Bauer,In Stock,https://www.thehockeyshop.com/collections/hockey-deals-clearance,https://www.thehockeyshop.com/products/bauer-pwhl-patch-knit-pom-toque-montreal-victoire,2026-03-20,2026-04-03,25,
www.thehockeyshop.com-J0156,Bauer PWHL Patch Knit Pom Toque New York Sirens,Bauer PWHL Patch Knit Pom Toque New York Sirens,39.99,29.98,https://cdn.shopify.com/s/files/1/0020/1585/4658/files/toques-bauer-pwhl-patch-knit-pom-toque-new-york-sirens-1221770711.gif?v=1771590942,Accessories,Other,,Bauer,In Stock,https://www.thehockeyshop.com/collections/hockey-deals-clearance,https://www.thehockeyshop.com/products/bauer-pwhl-patch-knit-pom-toque-new-york-sirens,2026-03-20,2026-04-03,25,
www.thehockeyshop.com-J0157,Bauer PWHL Patch Knit Pom Toque Ottawa Charge,Bauer PWHL Patch Knit Pom Toque Ottawa Charge,39.99,29.98,https://cdn.shopify.com/s/files/1/0020/1585/4658/files/toques-bauer-pwhl-patch-knit-pom-toque-ottawa-charge-1221770737.gif?v=1771591899,Accessories,Other,,Bauer,In Stock,https://www.thehockeyshop.com/collections/hockey-deals-clearance,https://www.thehockeyshop.com/products/bauer-pwhl-patch-knit-pom-toque-ottawa-charge,2026-03-20,2026-04-03,25,
www.thehockeyshop.com-J0158,Bauer PWHL Patch Snapback Hat - Boston Fleet,Bauer PWHL Patch Snapback Hat - Boston Fleet,37.99,27.98,https://cdn.shopify.com/s/files/1/0020/1585/4658/files/hats-bauer-pwhl-patch-snapback-hat-boston-fleet-1221770678.gif?v=1771590341,Accessories,Other,,Bauer,In Stock,https://www.thehockeyshop.com/collections/hockey-deals-clearance,https://www.thehockeyshop.com/products/bauer-pwhl-patch-snapback-hat-boston-fleet,2026-03-20,2026-04-03,26,
www.thehockeyshop.com-J0159,Bauer PWHL Patch Snapback Hat - Minnesota Frost,Bauer PWHL Patch Snapback Hat - Minnesota Frost,37.99,27.98,https://cdn.shopify.com/s/files/1/0020/1585/4658/files/hats-bauer-pwhl-patch-snapback-hat-minnesota-frost-1221770776.gif?v=1771592891,Accessories,Other,,Bauer,In Stock,https://www.thehockeyshop.com/collections/hockey-deals-clearance,https://www.thehockeyshop.com/products/bauer-pwhl-patch-snapback-hat-minnesota-frost,2026-03-20,2026-04-03,26,
www.thehockeyshop.com-J0160,Bauer PWHL Patch Snapback Hat - Montreal Victoire,Bauer PWHL Patch Snapback Hat - Montreal Victoire,37.99,27.98,https://cdn.shopify.com/s/files/1/0020/1585/4658/files/hats-bauer-pwhl-patch-snapback-hat-montreal-victoire-1221770785.gif?v=1771593552,Accessories,Other,,Bauer,In Stock,https://www.thehockeyshop.com/collections/hockey-deals-clearance,https://www.thehockeyshop.com/products/bauer-pwhl-patch-snapback-hat-montreal-victoire,2026-03-20,2026-04-03,26,
www.thehockeyshop.com-J0161,Bauer PWHL Patch Snapback Hat - New York Sirens,Bauer PWHL Patch Snapback Hat - New York Sirens,37.99,27.98,https://cdn.shopify.com/s/files/1/0020/1585/4658/files/hats-bauer-pwhl-patch-snapback-hat-new-york-sirens-1221770702.gif?v=1771734791,Accessories,Other,,Bauer,In Stock,https://www.thehockeyshop.com/collections/hockey-deals-clearance,https://www.thehockeyshop.com/products/bauer-pwhl-patch-snapback-hat-new-york-sirens,2026-03-20,2026-04-03,26,
www.thehockeyshop.com-J0162,Bauer PWHL Patch Snapback Hat - Ottawa Charge,Bauer PWHL Patch Snapback Hat - Ottawa Charge,37.99,27.98,https://cdn.shopify.com/s/files/1/0020/1585/4658/files/hats-bauer-pwhl-patch-snapback-hat-ottawa-charge-1221770728.gif?v=1771733077,Accessories,Other,,Bauer,In Stock,https://www.thehockeyshop.com/collections/hockey-deals-clearance,https://www.thehockeyshop.com/products/bauer-pwhl-patch-snapback-hat-ottawa-charge,2026-03-20,2026-04-03,26,
www.thehockeyshop.com-J0163,Bauer PWHL Patch Snapback Hat - Toronto Sceptres,Bauer PWHL Patch Snapback Hat - Toronto Sceptres,37.99,27.98,https://cdn.shopify.com/s/files/1/0020/1585/4658/files/hats-bauer-pwhl-patch-snapback-hat-toronto-sceptres-1221770601.gif?v=1771585150,Accessories,Other,,Bauer,In Stock,https://www.thehockeyshop.com/collections/hockey-deals-clearance,https://www.thehockeyshop.com/products/bauer-pwhl-patch-snapback-hat-toronto-sceptres,2026-03-20,2026-04-03,26,
www.thehockeyshop.com-J0164,Bauer PWHL Patch Youth Snapback Hat - Boston Fleet,Bauer PWHL Patch Youth Snapback Hat - Boston Fleet,32.99,23.98,https://cdn.shopify.com/s/files/1/0020/1585/4658/files/hats-bauer-pwhl-patch-youth-snapback-hat-boston-fleet-1221770583.gif?v=1771732691,Accessories,Other,Youth,Bauer,In Stock,https://www.thehockeyshop.com/collections/hockey-deals-clearance,https://www.thehockeyshop.com/products/bauer-pwhl-patch-youth-snapback-hat-boston-fleet,2026-03-20,2026-04-03,27,
www.thehockeyshop.com-J0165,Bauer PWHL Patch Youth Snapback Hat - Minnesota Frost,Bauer PWHL Patch Youth Snapback Hat - Minnesota Frost,32.99,23.98,https://cdn.shopify.com/s/files/1/0020/1585/4658/files/hats-bauer-pwhl-patch-youth-snapback-hat-minnesota-frost-1221770658.gif?v=1771589557,Accessories,Other,Youth,Bauer,In Stock,https://www.thehockeyshop.com/collections/hockey-deals-clearance,https://www.thehockeyshop.com/products/bauer-pwhl-patch-youth-snapback-hat-minnesota-frost,2026-03-20,2026-04-03,27,
www.thehockeyshop.com-J0166,Bauer PWHL Patch Youth Snapback Hat - Montreal Victoire,Bauer PWHL Patch Youth Snapback Hat - Montreal Victoire,32.99,23.98,https://cdn.shopify.com/s/files/1/0020/1585/4658/files/hats-bauer-pwhl-patch-youth-snapback-hat-montreal-victoire-1221770646.gif?v=1771589078,Accessories,Other,Youth,Bauer,In Stock,https://www.thehockeyshop.com/collections/hockey-deals-clearance,https://www.thehockeyshop.com/products/bauer-pwhl-patch-youth-snapback-hat-montreal-victoire,2026-03-20,2026-04-03,27,
www.thehockeyshop.com-J0167,Bauer PWHL Patch Youth Snapback Hat - New York Sirens,Bauer PWHL Patch Youth Snapback Hat - New York Sirens,32.99,23.98,https://cdn.shopify.com/s/files/1/0020/1585/4658/files/hats-bauer-pwhl-patch-youth-snapback-hat-new-york-sirens-1221770593.gif?v=1771735452,Accessories,Other,Youth,Bauer,In Stock,https://www.thehockeyshop.com/collections/hockey-deals-clearance,https://www.thehockeyshop.com/products/bauer-pwhl-patch-youth-snapback-hat-new-york-sirens,2026-03-20,2026-04-03,27,
www.thehockeyshop.com-J0168,Bauer PWHL Patch Youth Snapback Hat - Ottawa Charge,Bauer PWHL Patch Youth Snapback Hat - Ottawa Charge,32.99,23.98,https://cdn.shopify.com/s/files/1/0020/1585/4658/files/hats-bauer-pwhl-patch-youth-snapback-hat-ottawa-charge-1221770634.gif?v=1771588839,Accessories,Other,Youth,Bauer,In Stock,https://www.thehockeyshop.com/collections/hockey-deals-clearance,https://www.thehockeyshop.com/products/bauer-pwhl-patch-youth-snapback-hat-ottawa-charge,2026-03-20,2026-04-03,27,
www.thehockeyshop.com-J0169,Bauer PWHL Patch Youth Snapback Hat - Toronto Sceptres,Bauer PWHL Patch Youth Snapback Hat - Toronto Sceptres,32.99,23.98,https://cdn.shopify.com/s/files/1/0020/1585/4658/files/hats-bauer-pwhl-patch-youth-snapback-hat-toronto-sceptres-1221770622.gif?v=1771588331,Accessories,Other,Youth,Bauer,In Stock,https://www.thehockeyshop.com/collections/hockey-deals-clearance,https://www.thehockeyshop.com/products/bauer-pwhl-patch-youth-snapback-hat-toronto-sceptres,2026-03-20,2026-04-03,27,
www.thehockeyshop.com-J0170,Bauer PWHL Shortsleeve Senior Shirt - Boston Fleet,Bauer PWHL Shortsleeve Senior Shirt - Boston Fleet,39.99,29.98,https://cdn.shopify.com/s/files/1/0020/1585/4658/files/shirts-bauer-pwhl-shortsleeve-senior-shirt-boston-fleet-1221770675.gif?v=1771733138,Accessories,Other,Senior,Bauer,In Stock,https://www.thehockeyshop.com/collections/hockey-deals-clearance,https://www.thehockeyshop.com/products/bauer-pwhl-shortsleeve-senior-shirt-boston-fleet,2026-03-20,2026-04-03,25,
www.thehockeyshop.com-J0171,Bauer PWHL Shortsleeve Senior Shirt - Minnesota Frost,Bauer PWHL Shortsleeve Senior Shirt - Minnesota Frost,39.99,29.98,https://cdn.shopify.com/s/files/1/0020/1585/4658/files/shirts-bauer-pwhl-shortsleeve-senior-shirt-minnesota-frost-1221770773.gif?v=1771592771,Accessories,Other,Senior,Bauer,In Stock,https://www.thehockeyshop.com/collections/hockey-deals-clearance,https://www.thehockeyshop.com/products/bauer-pwhl-shortsleeve-senior-shirt-minnesota-frost,2026-03-20,2026-04-03,25,
www.thehockeyshop.com-J0172,Bauer PWHL Shortsleeve Senior Shirt - Montreal Victoire,Bauer PWHL Shortsleeve Senior Shirt - Montreal Victoire,39.99,29.98,https://cdn.shopify.com/s/files/1/0020/1585/4658/files/shirts-bauer-pwhl-shortsleeve-senior-shirt-montreal-victoire-1221770749.gif?v=1771592137,Accessories,Other,Senior,Bauer,In Stock,https://www.thehockeyshop.com/collections/hockey-deals-clearance,https://www.thehockeyshop.com/products/bauer-pwhl-shortsleeve-senior-shirt-montreal-victoire,2026-03-20,2026-04-03,25,
www.thehockeyshop.com-J0173,Bauer PWHL Shortsleeve Senior Shirt - New York Sirens,Bauer PWHL Shortsleeve Senior Shirt - New York Sirens,39.99,29.98,https://cdn.shopify.com/s/files/1/0020/1585/4658/files/shirts-bauer-pwhl-shortsleeve-senior-shirt-new-york-sirens-1221770699.gif?v=1771734851,Accessories,Other,Senior,Bauer,In Stock,https://www.thehockeyshop.com/collections/hockey-deals-clearance,https://www.thehockeyshop.com/products/bauer-pwhl-shortsleeve-senior-shirt-new-york-sirens,2026-03-20,2026-04-03,25,
www.thehockeyshop.com-J0174,Bauer PWHL Shortsleeve Senior Shirt - Ottawa Charge,Bauer PWHL Shortsleeve Senior Shirt - Ottawa Charge,39.99,29.98,https://cdn.shopify.com/s/files/1/0020/1585/4658/files/shirts-bauer-pwhl-shortsleeve-senior-shirt-ottawa-charge-1221770725.gif?v=1771591360,Accessories,Other,Senior,Bauer,In Stock,https://www.thehockeyshop.com/collections/hockey-deals-clearance,https://www.thehockeyshop.com/products/bauer-pwhl-shortsleeve-senior-shirt-ottawa-charge,2026-03-20,2026-04-03,25,
www.thehockeyshop.com-J0175,Bauer PWHL Shortsleeve Senior Shirt - Toronto Sceptres,Bauer PWHL Shortsleeve Senior Shirt - Toronto Sceptres,39.99,29.98,https://cdn.shopify.com/s/files/1/0020/1585/4658/files/shirts-bauer-pwhl-shortsleeve-senior-shirt-toronto-sceptres-1221770598.gif?v=1771735478,Accessories,Other,Senior,Bauer,In Stock,https://www.thehockeyshop.com/collections/hockey-deals-clearance,https://www.thehockeyshop.com/products/bauer-pwhl-shortsleeve-senior-shirt-toronto-sceptres,2026-03-20,2026-04-03,25,
www.thehockeyshop.com-J0176,Bauer PWHL Shortsleeve Youth Shirt - Boston Fleet,Bauer PWHL Shortsleeve Youth Shirt - Boston Fleet,31.99,23.98,https://cdn.shopify.com/s/files/1/0020/1585/4658/files/shirts-bauer-pwhl-shortsleeve-youth-shirt-boston-fleet-1221770584.gif?v=1771600358,Accessories,Other,Youth,Bauer,In Stock,https://www.thehockeyshop.com/collections/hockey-deals-clearance,https://www.thehockeyshop.com/products/bauer-pwhl-shortsleeve-youth-shirt-boston-fleet,2026-03-20,2026-04-03,25,
www.thehockeyshop.com-J0177,Bauer PWHL Shortsleeve Youth Shirt - Minnesota Frost,Bauer PWHL Shortsleeve Youth Shirt - Minnesota Frost,31.99,23.98,https://cdn.shopify.com/s/files/1/0020/1585/4658/files/shirts-bauer-pwhl-shortsleeve-youth-shirt-minnesota-frost-1221770655.gif?v=1771589232,Accessories,Other,Youth,Bauer,In Stock,https://www.thehockeyshop.com/collections/hockey-deals-clearance,https://www.thehockeyshop.com/products/bauer-pwhl-shortsleeve-youth-shirt-minnesota-frost,2026-03-20,2026-04-03,25,
www.thehockeyshop.com-J0178,Bauer PWHL Shortsleeve Youth Shirt - Montreal Victoire,Bauer PWHL Shortsleeve Youth Shirt - Montreal Victoire,31.99,23.98,https://cdn.shopify.com/s/files/1/0020/1585/4658/files/shirts-bauer-pwhl-shortsleeve-youth-shirt-montreal-victoire-1221770643.gif?v=1771588957,Accessories,Other,Youth,Bauer,In Stock,https://www.thehockeyshop.com/collections/hockey-deals-clearance,https://www.thehockeyshop.com/products/bauer-pwhl-shortsleeve-youth-shirt-montreal-victoire,2026-03-20,2026-04-03,25,
www.thehockeyshop.com-J0179,Bauer PWHL Shortsleeve Youth Shirt - New York Sirens,Bauer PWHL Shortsleeve Youth Shirt - New York Sirens,31.99,23.98,https://cdn.shopify.com/s/files/1/0020/1585/4658/files/shirts-bauer-pwhl-shortsleeve-youth-shirt-new-york-sirens-1221770572.gif?v=1771599878,Accessories,Other,Youth,Bauer,In Stock,https://www.thehockeyshop.com/collections/hockey-deals-clearance,https://www.thehockeyshop.com/products/bauer-pwhl-shortsleeve-youth-shirt-new-york-sirens,2026-03-20,2026-04-03,25,
www.thehockeyshop.com-J0180,Bauer PWHL Shortsleeve Youth Shirt - Ottawa Charge,Bauer PWHL Shortsleeve Youth Shirt - Ottawa Charge,31.99,23.98,https://cdn.shopify.com/s/files/1/0020/1585/4658/files/shirts-bauer-pwhl-shortsleeve-youth-shirt-ottawa-charge-1221770631.gif?v=1771735031,Accessories,Other,Youth,Bauer,In Stock,https://www.thehockeyshop.com/collections/hockey-deals-clearance,https://www.thehockeyshop.com/products/bauer-pwhl-shortsleeve-youth-shirt-ottawa-charge,2026-03-20,2026-04-03,25,
www.thehockeyshop.com-J0181,Bauer PWHL Team Mitten Minnesota Frost,Bauer PWHL Team Mitten Minnesota Frost,39.99,29.98,https://cdn.shopify.com/s/files/1/0020/1585/4658/files/accessories-bauer-pwhl-team-mitten-minnesota-frost-1221770666.gif?v=1771589620,Accessories,Other,,Bauer,In Stock,https://www.thehockeyshop.com/collections/hockey-deals-clearance,https://www.thehockeyshop.com/products/bauer-pwhl-team-mitten-minnesota-frost,2026-03-20,2026-04-03,25,
www.thehockeyshop.com-J0182,Bauer PWHL Team Mitten Montreal Victoire,Bauer PWHL Team Mitten Montreal Victoire,39.99,29.98,https://cdn.shopify.com/s/files/1/0020/1585/4658/files/gloves-bauer-pwhl-team-mitten-montreal-victoire-1221770766.gif?v=1771595140,Accessories,Other,,Bauer,In Stock,https://www.thehockeyshop.com/collections/hockey-deals-clearance,https://www.thehockeyshop.com/products/bauer-pwhl-team-mitten-montreal-victoire,2026-03-20,2026-04-03,25,
www.thehockeyshop.com-J0183,Bauer PWHL Team Mitten New York Sirens,Bauer PWHL Team Mitten New York Sirens,39.99,29.98,https://cdn.shopify.com/s/files/1/0020/1585/4658/files/gloves-bauer-pwhl-team-mitten-new-york-sirens-1221770716.gif?v=1771734670,Accessories,Other,,Bauer,In Stock,https://www.thehockeyshop.com/collections/hockey-deals-clearance,https://www.thehockeyshop.com/products/bauer-pwhl-team-mitten-new-york-sirens,2026-03-20,2026-04-03,25,
www.thehockeyshop.com-J0184,Bauer PWHL Team Mitten Ottawa Charge,Bauer PWHL Team Mitten Ottawa Charge,39.99,29.98,https://cdn.shopify.com/s/files/1/0020/1585/4658/files/accessories-bauer-pwhl-team-mitten-ottawa-charge-1221770742.gif?v=1771591990,Accessories,Other,,Bauer,In Stock,https://www.thehockeyshop.com/collections/hockey-deals-clearance,https://www.thehockeyshop.com/products/bauer-pwhl-team-mitten-ottawa-charge,2026-03-20,2026-04-03,25,
www.thehockeyshop.com-J0185,Bauer PWHL Team Mitten Toronto Sceptres,Bauer PWHL Team Mitten Toronto Sceptres,39.99,29.98,https://cdn.shopify.com/s/files/1/0020/1585/4658/files/accessories-bauer-pwhl-team-mitten-toronto-sceptres-1221770637.gif?v=1771588780,Accessories,Other,,Bauer,In Stock,https://www.thehockeyshop.com/collections/hockey-deals-clearance,https://www.thehockeyshop.com/products/bauer-pwhl-team-mitten-toronto-sceptres,2026-03-20,2026-04-03,25,
www.thehockeyshop.com-J0186,Bauer PWHL Team Scarf Minnsota Frost,Bauer PWHL Team Scarf Minnsota Frost,39.99,29.98,https://cdn.shopify.com/s/files/1/0020/1585/4658/files/scarf-bauer-pwhl-team-scarf-minnsota-frost-1221770663.gif?v=1771735060,Accessories,Other,,Bauer,In Stock,https://www.thehockeyshop.com/collections/hockey-deals-clearance,https://www.thehockeyshop.com/products/bauer-pwhl-team-scarf-minnsota-frost,2026-03-20,2026-04-03,25,
www.thehockeyshop.com-J0187,Bauer PWHL Team Scarf Montreal Victoire,Bauer PWHL Team Scarf Montreal Victoire,39.99,29.98,https://cdn.shopify.com/s/files/1/0020/1585/4658/files/scarf-bauer-pwhl-team-scarf-montreal-victoire-1221770763.gif?v=1771592501,Accessories,Other,,Bauer,In Stock,https://www.thehockeyshop.com/collections/hockey-deals-clearance,https://www.thehockeyshop.com/products/bauer-pwhl-team-scarf-montreal-victoire,2026-03-20,2026-04-03,25,
www.thehockeyshop.com-J0188,Bauer PWHL Team Scarf New York Sirens,Bauer PWHL Team Scarf New York Sirens,39.99,29.98,https://cdn.shopify.com/s/files/1/0020/1585/4658/files/scarf-bauer-pwhl-team-scarf-new-york-sirens-1221770713.gif?v=1771734731,Accessories,Other,,Bauer,In Stock,https://www.thehockeyshop.com/collections/hockey-deals-clearance,https://www.thehockeyshop.com/products/bauer-pwhl-team-scarf-new-york-sirens,2026-03-20,2026-04-03,25,
www.thehockeyshop.com-J0189,Bauer PWHL Team Scarf Ottawa Charge,Bauer PWHL Team Scarf Ottawa Charge,39.99,29.98,https://cdn.shopify.com/s/files/1/0020/1585/4658/files/scarf-bauer-pwhl-team-scarf-ottawa-charge-1221770739.gif?v=1771591782,Accessories,Other,,Bauer,In Stock,https://www.thehockeyshop.com/collections/hockey-deals-clearance,https://www.thehockeyshop.com/products/bauer-pwhl-team-scarf-ottawa-charge,2026-03-20,2026-04-03,25,
www.thehockeyshop.com-J0190,Bauer PWHL Team Scarf Toronto Sceptres,Bauer PWHL Team Scarf Toronto Sceptres,39.99,29.98,https://cdn.shopify.com/s/files/1/0020/1585/4658/files/scarf-bauer-pwhl-team-scarf-toronto-sceptres-1221770612.gif?v=1771585479,Accessories,Other,,Bauer,In Stock,https://www.thehockeyshop.com/collections/hockey-deals-clearance,https://www.thehockeyshop.com/products/bauer-pwhl-team-scarf-toronto-sceptres,2026-03-20,2026-04-03,25,
www.thehockeyshop.com-J0191,Bauer PWHL Twill Adjustable Hat - Boston Fleet,Bauer PWHL Twill Adjustable Hat - Boston Fleet,37.99,27.98,https://cdn.shopify.com/s/files/1/0020/1585/4658/files/hats-bauer-pwhl-twill-adjustable-hat-boston-fleet-1221770684.gif?v=1771590158,Accessories,Other,,Bauer,In Stock,https://www.thehockeyshop.com/collections/hockey-deals-clearance,https://www.thehockeyshop.com/products/bauer-pwhl-twill-adjustable-hat-boston-fleet,2026-03-20,2026-04-03,26,
www.thehockeyshop.com-J0192,Bauer PWHL Twill Adjustable Hat - Minnesota Frost,Bauer PWHL Twill Adjustable Hat - Minnesota Frost,37.99,27.98,https://cdn.shopify.com/s/files/1/0020/1585/4658/files/hats-bauer-pwhl-twill-adjustable-hat-minnesota-frost-1221770782.gif?v=1771593098,Accessories,Other,,Bauer,In Stock,https://www.thehockeyshop.com/collections/hockey-deals-clearance,https://www.thehockeyshop.com/products/bauer-pwhl-twill-adjustable-hat-minnesota-frost,2026-03-20,2026-04-03,26,
www.thehockeyshop.com-J0193,Bauer PWHL Twill Adjustable Hat - Montreal Victoire,Bauer PWHL Twill Adjustable Hat - Montreal Victoire,37.99,27.98,https://cdn.shopify.com/s/files/1/0020/1585/4658/files/hats-bauer-pwhl-twill-adjustable-hat-montreal-victoire-1221770758.gif?v=1771592410,Accessories,Other,,Bauer,In Stock,https://www.thehockeyshop.com/collections/hockey-deals-clearance,https://www.thehockeyshop.com/products/bauer-pwhl-twill-adjustable-hat-montreal-victoire,2026-03-20,2026-04-03,26,
www.thehockeyshop.com-J0194,Bauer PWHL Twill Adjustable Hat - New York Sirens,Bauer PWHL Twill Adjustable Hat - New York Sirens,37.99,27.98,https://cdn.shopify.com/s/files/1/0020/1585/4658/files/hats-bauer-pwhl-twill-adjustable-hat-new-york-sirens-1221770708.gif?v=1771590853,Accessories,Other,,Bauer,In Stock,https://www.thehockeyshop.com/collections/hockey-deals-clearance,https://www.thehockeyshop.com/products/bauer-pwhl-twill-adjustable-hat-new-york-sirens,2026-03-20,2026-04-03,26,
www.thehockeyshop.com-J0195,Bauer PWHL Twill Adjustable Hat - Ottawa Charge,Bauer PWHL Twill Adjustable Hat - Ottawa Charge,37.99,27.98,https://cdn.shopify.com/s/files/1/0020/1585/4658/files/hats-bauer-pwhl-twill-adjustable-hat-ottawa-charge-1221770734.gif?v=1771591718,Accessories,Other,,Bauer,In Stock,https://www.thehockeyshop.com/collections/hockey-deals-clearance,https://www.thehockeyshop.com/products/bauer-pwhl-twill-adjustable-hat-ottawa-charge,2026-03-20,2026-04-03,26,
www.thehockeyshop.com-J0196,Bauer PWHL Twill Adjustable Hat - Toronto Sceptres,Bauer PWHL Twill Adjustable Hat - Toronto Sceptres,37.99,27.98,https://cdn.shopify.com/s/files/1/0020/1585/4658/files/hats-bauer-pwhl-twill-adjustable-hat-toronto-sceptres-1221770607.gif?v=1771585358,Accessories,Other,,Bauer,In Stock,https://www.thehockeyshop.com/collections/hockey-deals-clearance,https://www.thehockeyshop.com/products/bauer-pwhl-twill-adjustable-hat-toronto-sceptres,2026-03-20,2026-04-03,26,
www.thehockeyshop.com-J0197,Bauer PWHL Ultimate Hoody - Ottawa,Bauer PWHL Ultimate Hoody - Ottawa,99.99,69.97,https://cdn.shopify.com/s/files/1/0020/1585/4658/files/hoodies-bauer-pwhl-ultimate-hoody-ottawa-1221785512.jpg?v=1772076759,Accessories,Other,,Bauer,In Stock,https://www.thehockeyshop.com/collections/hockey-deals-clearance,https://www.thehockeyshop.com/products/bauer-pwhl-ultimate-hoody-ottawa,2026-03-20,2026-04-03,30,
www.thehockeyshop.com-J0198,Bauer PWHL Ultimate Junior Hoody - Boston Fleet,Bauer PWHL Ultimate Junior Hoody - Boston Fleet,84.99,59.97,https://cdn.shopify.com/s/files/1/0020/1585/4658/files/hoodies-bauer-pwhl-ultimate-junior-hoody-boston-fleet-1221770615.gif?v=1771585512,Accessories,Other,Junior,Bauer,In Stock,https://www.thehockeyshop.com/collections/hockey-deals-clearance,https://www.thehockeyshop.com/products/bauer-pwhl-ultimate-junior-hoody-boston-fleet,2026-03-20,2026-04-03,29,
www.thehockeyshop.com-J0199,Bauer PWHL Ultimate Junior Hoody - Minnesota Frost,Bauer PWHL Ultimate Junior Hoody - Minnesota Frost,84.99,59.97,https://cdn.shopify.com/s/files/1/0020/1585/4658/files/hoodies-bauer-pwhl-ultimate-junior-hoody-minnesota-frost-1221770654.gif?v=1771589259,Accessories,Other,Junior,Bauer,In Stock,https://www.thehockeyshop.com/collections/hockey-deals-clearance,https://www.thehockeyshop.com/products/bauer-pwhl-ultimate-junior-hoody-minnesota-frost,2026-03-20,2026-04-03,29,
www.thehockeyshop.com-J0200,Bauer PWHL Ultimate Junior Hoody - Montreal Victoire,Bauer PWHL Ultimate Junior Hoody - Montreal Victoire,84.99,59.97,https://cdn.shopify.com/s/files/1/0020/1585/4658/files/hoodies-bauer-pwhl-ultimate-junior-hoody-montreal-victoire-1221770642.gif?v=1771588929,Accessories,Other,Junior,Bauer,In Stock,https://www.thehockeyshop.com/collections/hockey-deals-clearance,https://www.thehockeyshop.com/products/bauer-pwhl-ultimate-junior-hoody-montreal-victoire,2026-03-20,2026-04-03,29,
www.thehockeyshop.com-J0201,Bauer PWHL Ultimate Junior Hoody - New York Sirens,Bauer PWHL Ultimate Junior Hoody - New York Sirens,84.99,59.97,https://cdn.shopify.com/s/files/1/0020/1585/4658/files/hoodies-bauer-pwhl-ultimate-junior-hoody-new-york-sirens-1221770575.gif?v=1771599941,Accessories,Other,Junior,Bauer,In Stock,https://www.thehockeyshop.com/collections/hockey-deals-clearance,https://www.thehockeyshop.com/products/bauer-pwhl-ultimate-junior-hoody-new-york-sirens,2026-03-20,2026-04-03,29,
www.thehockeyshop.com-J0202,Bauer PWHL Ultimate Junior Hoody - Ottawa Charge,Bauer PWHL Ultimate Junior Hoody - Ottawa Charge,84.99,59.97,https://cdn.shopify.com/s/files/1/0020/1585/4658/files/hoodies-bauer-pwhl-ultimate-junior-hoody-ottawa-charge-1221770630.gif?v=1771588571,Accessories,Other,Junior,Bauer,In Stock,https://www.thehockeyshop.com/collections/hockey-deals-clearance,https://www.thehockeyshop.com/products/bauer-pwhl-ultimate-junior-hoody-ottawa-charge,2026-03-20,2026-04-03,29,
www.thehockeyshop.com-J0203,Bauer PWHL Ultimate Junior Hoody - Toronto Sceptres,Bauer PWHL Ultimate Junior Hoody - Toronto Sceptres,84.99,59.97,https://cdn.shopify.com/s/files/1/0020/1585/4658/files/hoodies-bauer-pwhl-ultimate-junior-hoody-toronto-sceptres-1221770618.gif?v=1771585633,Accessories,Other,Junior,Bauer,In Stock,https://www.thehockeyshop.com/collections/hockey-deals-clearance,https://www.thehockeyshop.com/products/bauer-pwhl-ultimate-junior-hoody-toronto-sceptres,2026-03-20,2026-04-03,29,
www.thehockeyshop.com-J0204,Bauer PWHL Ultimate Senior Hoody - Boston Fleet,Bauer PWHL Ultimate Senior Hoody - Boston Fleet,99.99,69.97,https://cdn.shopify.com/s/files/1/0020/1585/4658/files/hoodies-bauer-pwhl-ultimate-senior-hoody-boston-fleet-1221770674.gif?v=1771733199,Accessories,Other,Senior,Bauer,In Stock,https://www.thehockeyshop.com/collections/hockey-deals-clearance,https://www.thehockeyshop.com/products/bauer-pwhl-ultimate-senior-hoody-boston-fleet,2026-03-20,2026-04-03,30,
www.thehockeyshop.com-J0205,Bauer PWHL Ultimate Senior Hoody -Minnesota Frost,Bauer PWHL Ultimate Senior Hoody -Minnesota Frost,99.99,69.97,https://cdn.shopify.com/s/files/1/0020/1585/4658/files/hoodies-bauer-pwhl-ultimate-senior-hoody-minnesota-frost-1221770772.gif?v=1771593038,Accessories,Other,Senior,Bauer,In Stock,https://www.thehockeyshop.com/collections/hockey-deals-clearance,https://www.thehockeyshop.com/products/bauer-pwhl-ultimate-senior-hoody-minnesota-frost,2026-03-20,2026-04-03,30,
www.thehockeyshop.com-J0206,Bauer PWHL Ultimate Senior Hoody -Montreal Victoire,Bauer PWHL Ultimate Senior Hoody -Montreal Victoire,99.99,69.97,https://cdn.shopify.com/s/files/1/0020/1585/4658/files/hoodies-bauer-pwhl-ultimate-senior-hoody-montreal-victoire-1221770748.gif?v=1771592110,Accessories,Other,Senior,Bauer,In Stock,https://www.thehockeyshop.com/collections/hockey-deals-clearance,https://www.thehockeyshop.com/products/bauer-pwhl-ultimate-senior-hoody-montreal-victoire,2026-03-20,2026-04-03,30,
www.thehockeyshop.com-J0207,Bauer PWHL Ultimate Senior Hoody - New York Sirens,Bauer PWHL Ultimate Senior Hoody - New York Sirens,99.99,69.97,https://cdn.shopify.com/s/files/1/0020/1585/4658/files/hoodies-bauer-pwhl-ultimate-senior-hoody-new-york-sirens-1221770698.gif?v=1771734940,Accessories,Other,Senior,Bauer,In Stock,https://www.thehockeyshop.com/collections/hockey-deals-clearance,https://www.thehockeyshop.com/products/bauer-pwhl-ultimate-senior-hoody-new-york-sirens,2026-03-20,2026-04-03,30,
www.thehockeyshop.com-J0208,Bauer PWHL Ultimate Senior Hoody - Ottawa Charge,Bauer PWHL Ultimate Senior Hoody - Ottawa Charge,99.99,69.97,https://cdn.shopify.com/s/files/1/0020/1585/4658/files/hoodies-bauer-pwhl-ultimate-senior-hoody-ottawa-charge-1221770724.gif?v=1771591331,Accessories,Other,Senior,Bauer,In Stock,https://www.thehockeyshop.com/collections/hockey-deals-clearance,https://www.thehockeyshop.com/products/bauer-pwhl-ultimate-senior-hoody-ottawa-charge,2026-03-20,2026-04-03,30,
www.thehockeyshop.com-J0209,Bauer PWHL Ultimate Senior Hoody - Toronto Sceptres,Bauer PWHL Ultimate Senior Hoody - Toronto Sceptres,99.99,69.97,https://cdn.shopify.com/s/files/1/0020/1585/4658/files/hoodies-bauer-pwhl-ultimate-senior-hoody-toronto-sceptres-1221770597.gif?v=1771585057,Accessories,Other,Senior,Bauer,In Stock,https://www.thehockeyshop.com/collections/hockey-deals-clearance,https://www.thehockeyshop.com/products/bauer-pwhl-ultimate-senior-hoody-toronto-sceptres,2026-03-20,2026-04-03,30,
www.thehockeyshop.com-J0210,Bauer Re-AKT 65 Hockey Helmet,Bauer Re-AKT 65 Hockey Helmet,109.99,76.97,https://cdn.shopify.com/s/files/1/0020/1585/4658/files/helmets-bauer-re-akt-65-hockey-helmet-1221722444.jpg?v=1772673192,Accessories,Helmet,,Bauer,In Stock,https://www.thehockeyshop.com/collections/hockey-deals-clearance,https://www.thehockeyshop.com/products/bauer-re-akt-65-helmet,2026-03-20,2026-04-03,30,
www.thehockeyshop.com-J0211,Bauer Re-AKT 65 Hockey Helmet / Cage Combo,Bauer Re-AKT 65 Hockey Helmet / Cage Combo,159.99,111.97,https://cdn.shopify.com/s/files/1/0020/1585/4658/files/helmet-cage-combo-bauer-re-akt-65-hockey-helmet-cage-combo-1221723018.jpg?v=1772683689,Accessories,Helmet,,Bauer,Unknown,https://www.thehockeyshop.com/collections/hockey-deals-clearance,https://www.thehockeyshop.com/products/bauer-re-akt-65-hockey-helmet-cage-combo,2026-03-20,2026-04-03,30,
www.thehockeyshop.com-J0212,Bauer RE-AKT 85 Hockey Helmet,Bauer RE-AKT 85 Hockey Helmet,159.99,111.97,https://cdn.shopify.com/s/files/1/0020/1585/4658/products/bauer-helmets-bauer-re-akt-85-hockey-helmet-black-l-29162716528706.jpg?v=1768078252,Accessories,Helmet,,Bauer,Unknown,https://www.thehockeyshop.com/collections/hockey-deals-clearance,https://www.thehockeyshop.com/products/bauer-re-akt-85-hockey-helmet,2026-03-20,2026-04-03,30,
www.thehockeyshop.com-J0213,Bauer RE-AKT 95 Hockey Helmet / Cage Combo,Bauer RE-AKT 95 Hockey Helmet / Cage Combo,249.99,149.95,https://cdn.shopify.com/s/files/1/0020/1585/4658/products/helmet-cage-combo-bauer-re-akt-95-hockey-helmet-cage-combo-1221730058.jpg?v=1772900290,Accessories,Helmet,,Bauer,In Stock,https://www.thehockeyshop.com/collections/hockey-deals-clearance,https://www.thehockeyshop.com/products/bauer-re-akt-95-hockey-helmet-cage-combo,2026-03-20,2026-04-03,40,
www.thehockeyshop.com-J0214,Bauer Reactor Clamp-On Passer,Bauer Reactor Clamp-On Passer,149.99,119.98,https://cdn.shopify.com/s/files/1/0020/1585/4658/files/fitness-training-bauer-reactor-clamp-on-passer-1221798839.webp?v=1772484817,Accessories,Other,,Bauer,In Stock,https://www.thehockeyshop.com/collections/hockey-deals-clearance,https://www.thehockeyshop.com/products/bauer-reactor-clamp-on-passer,2026-03-20,2026-04-03,20,
www.thehockeyshop.com-J0215,Bauer Reactor Digital Radar II,Bauer Reactor Digital Radar II,219.99,175.98,https://cdn.shopify.com/s/files/1/0020/1585/4658/files/fitness-training-bauer-reactor-digital-radar-ii-1221790852.jpg?v=1772241850,Accessories,Other,,Bauer,In Stock,https://www.thehockeyshop.com/collections/hockey-deals-clearance,https://www.thehockeyshop.com/products/bauer-reactor-digital-radar-ii,2026-03-20,2026-04-03,20,
www.thehockeyshop.com-J0216,Bauer R5 Pro Intermediate Goalie Catcher,Bauer R5 Pro Intermediate Goalie Catcher,369.99,221.95,https://cdn.shopify.com/s/files/1/0020/1585/4658/files/catchers-bauer-r5-pro-intermediate-goalie-catcher-1221787666.jpg?v=1772141890,Goalie Gear,Catcher Glove,Intermediate,Bauer,In Stock,https://www.thehockeyshop.com/collections/hockey-deals-clearance,https://www.thehockeyshop.com/products/bauer-reactor-pro-intermediate-goalie-catcher,2026-03-20,2026-04-03,40,
www.thehockeyshop.com-J0217,Bauer Reactor R5 Pro Intermediate Goalie Blocker,Bauer Reactor R5 Pro Intermediate Goalie Blocker,299.99,179.95,https://cdn.shopify.com/s/files/1/0020/1585/4658/files/blockers-bauer-reactor-r5-pro-intermediate-goalie-blocker-1221787652.jpg?v=1772141502,Goalie Gear,Blocker,Intermediate,Bauer,In Stock,https://www.thehockeyshop.com/collections/hockey-deals-clearance,https://www.thehockeyshop.com/products/bauer-reactor-r5-pro-intermediate-goalie-blocker,2026-03-20,2026-04-03,40,
www.thehockeyshop.com-J0218,Bauer Reactor R5 Pro Senior Goalie Blocker,Bauer Reactor R5 Pro Senior Goalie Blocker,379.99,227.95,https://cdn.shopify.com/s/files/1/0020/1585/4658/files/blockers-bauer-reactor-r5-pro-senior-goalie-blocker-1221787577.jpg?v=1772147677,Goalie Gear,Blocker,Senior,Bauer,In Stock,https://www.thehockeyshop.com/collections/hockey-deals-clearance,https://www.thehockeyshop.com/products/bauer-reactor-r5-pro-senior-goalie-blocker,2026-03-20,2026-04-03,40,
www.thehockeyshop.com-J0219,Bauer Reactor R5 Pro Senior Goalie Catcher,Bauer Reactor R5 Pro Senior Goalie Catcher,409.99,245.95,https://cdn.shopify.com/s/files/1/0020/1585/4658/files/catchers-bauer-reactor-r5-pro-senior-goalie-catcher-1221787641.jpg?v=1772141112,Goalie Gear,Catcher Glove,Senior,Bauer,In Stock,https://www.thehockeyshop.com/collections/hockey-deals-clearance,https://www.thehockeyshop.com/products/bauer-reactor-r5-pro-senior-goalie-catcher,2026-03-20,2026-04-03,40,
www.thehockeyshop.com-J0220,"Bauer Reactor Shooting Targets - 6""","Bauer Reactor Shooting Targets - 6""",64.99,51.98,https://cdn.shopify.com/s/files/1/0020/1585/4658/files/shooting-targets-aids-bauer-reactor-shooting-targets-6-1221790892.jpg?v=1772250610,Accessories,Other,,Bauer,In Stock,https://www.thehockeyshop.com/collections/hockey-deals-clearance,https://www.thehockeyshop.com/products/bauer-reactor-shooting-targets-6,2026-03-20,2026-04-03,20,
www.thehockeyshop.com-J0221,Bauer Reactor Shooting Tarp,Bauer Reactor Shooting Tarp,349.99,279.98,https://cdn.shopify.com/s/files/1/0020/1585/4658/files/shooting-tarps-bauer-reactor-shooting-tarp-1221790847.jpg?v=1772241759,Accessories,Other,,Bauer,In Stock,https://www.thehockeyshop.com/collections/hockey-deals-clearance,https://www.thehockeyshop.com/products/bauer-reactor-shooting-tarp,2026-03-20,2026-04-03,20,
www.thehockeyshop.com-J0222,Bauer RSX Senior Roller Hockey Skates,Bauer RSX Senior Roller Hockey Skates,259.99,181.97,https://cdn.shopify.com/s/files/1/0020/1585/4658/products/roller-hockey-skates-bauer-rsx-senior-roller-hockey-skates-1221761962.jpg?v=1773868150,Player Gear,Skates,Senior,Bauer,Unknown,https://www.thehockeyshop.com/collections/hockey-deals-clearance,https://www.thehockeyshop.com/products/bauer-rsx-senior-inline-hockey-skates,2026-03-20,2026-04-03,30,
www.thehockeyshop.com-J0223,Bauer Supreme Heavyweight Senior Jacket - Grey,Bauer Supreme Heavyweight Senior Jacket - Grey,174.99,86.95,https://cdn.shopify.com/s/files/1/0020/1585/4658/files/jackets-bauer-supreme-heavyweight-senior-jacket-grey-1221790487.jpg?v=1772226010,Accessories,Other,Senior,Bauer,In Stock,https://www.thehockeyshop.com/collections/hockey-deals-clearance,https://www.thehockeyshop.com/products/bauer-supreme-heavyweight-senior-jacket-grey,2026-03-20,2026-04-03,50,
www.thehockeyshop.com-J0224,Bauer Supreme Lightweight Junior Jacket - Black,Bauer Supreme Lightweight Junior Jacket - Black,94.99,20.00,https://cdn.shopify.com/s/files/1/0020/1585/4658/files/jackets-bauer-supreme-lightweight-junior-jacket-black-1221750807.jpg?v=1773542861,Accessories,Other,Junior,Bauer,Unknown,https://www.thehockeyshop.com/collections/hockey-deals-clearance,https://www.thehockeyshop.com/products/bauer-supreme-lightweight-junior-jacket,2026-03-20,2026-04-03,79,
www.thehockeyshop.com-J0225,Bauer Supreme Lightweight Junior Jacket - Navy,Bauer Supreme Lightweight Junior Jacket - Navy,94.99,20.00,https://cdn.shopify.com/s/files/1/0020/1585/4658/files/jackets-bauer-supreme-lightweight-junior-jacket-navy-1221790477.jpg?v=1772225500,Accessories,Other,Junior,Bauer,In Stock,https://www.thehockeyshop.com/collections/hockey-deals-clearance,https://www.thehockeyshop.com/products/bauer-supreme-lightweight-junior-jacket-navy,2026-03-20,2026-04-03,79,
www.thehockeyshop.com-J0226,Bauer Supreme Lightweight Senior Jacket - Navy,Bauer Supreme Lightweight Senior Jacket - Navy,99.99,20.00,https://cdn.shopify.com/s/files/1/0020/1585/4658/files/jackets-bauer-supreme-lightweight-senior-jacket-navy-1221790479.jpg?v=1772225559,Accessories,Other,Senior,Bauer,In Stock,https://www.thehockeyshop.com/collections/hockey-deals-clearance,https://www.thehockeyshop.com/products/bauer-supreme-lightweight-senior-jacket-navy,2026-03-20,2026-04-03,80,
www.thehockeyshop.com-J0227,Bauer Supreme M5 Pro Intermediate Hockey Skates w/ Pulse Steel,Bauer Supreme M5 Pro Intermediate Hockey Skates w/ Pulse Steel,709.99,425.95,https://cdn.shopify.com/s/files/1/0020/1585/4658/products/hockey-skates-bauer-supreme-m5-pro-intermediate-hockey-skates-w-pulse-steel-1221733856.jpg?v=1773006338,Player Gear,Skates,Intermediate,Bauer,Unknown,https://www.thehockeyshop.com/collections/hockey-deals-clearance,https://www.thehockeyshop.com/products/bauer-supreme-m5-pro-intermediate-hockey-skates,2026-03-20,2026-04-03,40,
www.thehockeyshop.com-J0228,Bauer Supreme Mach Intermediate Hockey Skates w/ Pulse TI Steel,Bauer Supreme Mach Intermediate Hockey Skates w/ Pulse TI Steel,1069.99,641.95,https://cdn.shopify.com/s/files/1/0020/1585/4658/products/hockey-skates-bauer-supreme-mach-intermediate-hockey-skates-w-pulse-ti-steel-1221733891.jpg?v=1773007390,Player Gear,Skates,Intermediate,Bauer,In Stock,https://www.thehockeyshop.com/collections/hockey-deals-clearance,https://www.thehockeyshop.com/products/bauer-supreme-mach-intermediate-hockey-skates,2026-03-20,2026-04-03,40,
www.thehockeyshop.com-J0229,Bauer Supreme Mach Pro Stock Senior Goalie Blocker - Yaroslav Askarov,Bauer Supreme Mach Pro Stock Senior Goalie Blocker - Yaroslav Askarov,609.99,299.95,https://cdn.shopify.com/s/files/1/0020/1585/4658/files/blockers-bauer-supreme-mach-pro-stock-senior-goalie-blocker-yaroslav-askarov-1221775499.jpg?v=1771769170,Goalie Gear,Blocker,Senior,Bauer,In Stock,https://www.thehockeyshop.com/collections/hockey-deals-clearance,https://www.thehockeyshop.com/products/bauer-supreme-mach-pro-stock-senior-goalie-blocker-yaroslav-askarov,2026-03-20,2026-04-03,51,
www.thehockeyshop.com-J0230,Bauer Supreme Mach Pro Stock Senior Goalie Leg Pads - DigiPrint Cayden Primeau,Bauer Supreme Mach Pro Stock Senior Goalie Leg Pads - DigiPrint Cayden Primeau,2599.99,1499.95,https://cdn.shopify.com/s/files/1/0020/1585/4658/files/leg-pads-bauer-supreme-mach-pro-stock-senior-goalie-leg-pads-digiprint-cayden-primeau-1221775464.jpg?v=1771768151,Goalie Gear,Leg Pads,Senior,Bauer,In Stock,https://www.thehockeyshop.com/collections/hockey-deals-clearance,https://www.thehockeyshop.com/products/bauer-supreme-mach-pro-stock-senior-goalie-leg-pads-digiprint-cayden-primeau,2026-03-20,2026-04-03,42,
www.thehockeyshop.com-J0231,Bauer Supreme Mach Pro Stock Senior Goalie Leg Pads - DigiPrint Erik Kallgren,Bauer Supreme Mach Pro Stock Senior Goalie Leg Pads - DigiPrint Erik Kallgren,2599.99,1499.95,https://cdn.shopify.com/s/files/1/0020/1585/4658/files/leg-pads-bauer-supreme-mach-pro-stock-senior-goalie-leg-pads-digiprint-erik-kallgren-1221775460.jpg?v=1771768057,Goalie Gear,Leg Pads,Senior,Bauer,In Stock,https://www.thehockeyshop.com/collections/hockey-deals-clearance,https://www.thehockeyshop.com/products/bauer-supreme-mach-pro-stock-senior-goalie-leg-pads-digiprint-erik-kallgren,2026-03-20,2026-04-03,42,
www.thehockeyshop.com-J0232,Bauer Supreme Mach Pro Stock Senior Goalie Leg Pads - Jake Oettinger,Bauer Supreme Mach Pro Stock Senior Goalie Leg Pads - Jake Oettinger,2269.99,1199.95,https://cdn.shopify.com/s/files/1/0020/1585/4658/files/leg-pads-bauer-supreme-mach-pro-stock-senior-goalie-leg-pads-jake-oettinger-1221775440.jpg?v=1771758758,Goalie Gear,Leg Pads,Senior,Bauer,In Stock,https://www.thehockeyshop.com/collections/hockey-deals-clearance,https://www.thehockeyshop.com/products/bauer-supreme-mach-pro-stock-senior-goalie-leg-pads-jake-oettinger,2026-03-20,2026-04-03,47,
www.thehockeyshop.com-J0233,Bauer Supreme Mach Senior Goalie Leg Pads - Pro Stock,Bauer Supreme Mach Senior Goalie Leg Pads - Pro Stock,2269.99,1199.95,https://cdn.shopify.com/s/files/1/0020/1585/4658/files/leg-pads-bauer-supreme-mach-senior-goalie-leg-pads-pro-stock-1221775273.jpg?v=1771753689,Goalie Gear,Leg Pads,Senior,Bauer,In Stock,https://www.thehockeyshop.com/collections/hockey-deals-clearance,https://www.thehockeyshop.com/products/bauer-supreme-mach-senior-goalie-leg-pads-pro-stock,2026-03-20,2026-04-03,47,
www.thehockeyshop.com-J0234,Bauer Supreme Midweight Junior Jacket - Navy,Bauer Supreme Midweight Junior Jacket - Navy,109.99,20.00,https://cdn.shopify.com/s/files/1/0020/1585/4658/files/jackets-bauer-supreme-midweight-junior-jacket-navy-1221790481.jpg?v=1772225590,Accessories,Other,Junior,Bauer,In Stock,https://www.thehockeyshop.com/collections/hockey-deals-clearance,https://www.thehockeyshop.com/products/bauer-supreme-midweight-junior-jacket-navy,2026-03-20,2026-04-03,82,
www.thehockeyshop.com-J0235,Bauer Supreme MVPro Intermediate Goalie Catcher,Bauer Supreme MVPro Intermediate Goalie Catcher,319.99,191.95,https://cdn.shopify.com/s/files/1/0020/1585/4658/files/catchers-bauer-supreme-mvpro-intermediate-goalie-catcher-1221791115.jpg?v=1772246831,Goalie Gear,Catcher Glove,Intermediate,Bauer,In Stock,https://www.thehockeyshop.com/collections/hockey-deals-clearance,https://www.thehockeyshop.com/products/bauer-supreme-mvpro-intermediate-goalie-catcher,2026-03-20,2026-04-03,40,
www.thehockeyshop.com-J0236,Bauer Supreme MVPro Senior Goalie Catcher,Bauer Supreme MVPro Senior Goalie Catcher,359.99,215.95,https://cdn.shopify.com/s/files/1/0020/1585/4658/files/catchers-bauer-supreme-mvpro-senior-goalie-catcher-1221791157.jpg?v=1772258739,Goalie Gear,Catcher Glove,Senior,Bauer,In Stock,https://www.thehockeyshop.com/collections/hockey-deals-clearance,https://www.thehockeyshop.com/products/bauer-supreme-mvpro-senior-goalie-catcher,2026-03-20,2026-04-03,40,
www.thehockeyshop.com-J0237,Bauer Supreme Pro Tall Skate Socks - (2021),Bauer Supreme Pro Tall Skate Socks - (2021),34.99,23.97,https://cdn.shopify.com/s/files/1/0020/1585/4658/products/socks-bauer-supreme-pro-tall-skate-socks-2021-1221743644.jpg?v=1773326830,Player Gear,Skates,,Bauer,In Stock,https://www.thehockeyshop.com/collections/hockey-deals-clearance,https://www.thehockeyshop.com/products/bauer-supreme-pro-skate-socks-tall,2026-03-20,2026-04-03,31,
www.thehockeyshop.com-J0239,Bauer SV-Pro Junior Goalie Leg Pads,Bauer SV-Pro Junior Goalie Leg Pads,669.99,649.99,https://cdn.shopify.com/s/files/1/0020/1585/4658/files/leg-pads-bauer-sv-pro-junior-goalie-leg-pads-1221778868.jpg?v=1771848670,Goalie Gear,Leg Pads,Junior,Bauer,In Stock,https://www.thehockeyshop.com/collections/hockey-deals-clearance,https://www.thehockeyshop.com/products/bauer-sv-pro-junior-goalie-leg-pads,2026-03-20,2026-04-03,3,
www.thehockeyshop.com-J0240,Bauer Team Fleece Full Zip Senior Hoody,Bauer Team Fleece Full Zip Senior Hoody,109.99,54.99,https://cdn.shopify.com/s/files/1/0020/1585/4658/files/jackets-bauer-team-fleece-full-zip-senior-hoody-1221769708.gif?v=1771736559,Accessories,Other,Senior,Bauer,In Stock,https://www.thehockeyshop.com/collections/hockey-deals-clearance,https://www.thehockeyshop.com/products/bauer-team-fleece-full-zip-senior-hoody,2026-03-20,2026-04-03,50,
www.thehockeyshop.com-J0241,Bauer Training Cone Toppers,Bauer Training Cone Toppers,18.99,14.98,https://cdn.shopify.com/s/files/1/0020/1585/4658/files/fitness-training-bauer-training-cone-toppers-1221778945.png?v=1771852540,Accessories,Other,,Bauer,In Stock,https://www.thehockeyshop.com/collections/hockey-deals-clearance,https://www.thehockeyshop.com/products/bauer-training-cone-coppers,2026-03-20,2026-04-03,21,
www.thehockeyshop.com-J0242,Bauer Vapor 3X Intermediate Hockey Gloves,Bauer Vapor 3X Intermediate Hockey Gloves,129.99,90.97,https://cdn.shopify.com/s/files/1/0020/1585/4658/products/gloves-bauer-vapor-3x-intermediate-hockey-gloves-1221733206.jpg?v=1772993770,Player Gear,Gloves,Intermediate,Bauer,Unknown,https://www.thehockeyshop.com/collections/hockey-deals-clearance,https://www.thehockeyshop.com/products/bauer-vapor-3x-intermediate-hockey-gloves,2026-03-20,2026-04-03,30,
www.thehockeyshop.com-J0243,Bauer Vapor 3X Intermediate Hockey Shoulder Pads,Bauer Vapor 3X Intermediate Hockey Shoulder Pads,129.99,77.95,https://cdn.shopify.com/s/files/1/0020/1585/4658/products/shoulder-pads-bauer-vapor-3x-intermediate-hockey-shoulder-pads-1221732934.jpg?v=1772977897,Accessories,Other,Intermediate,Bauer,In Stock,https://www.thehockeyshop.com/collections/hockey-deals-clearance,https://www.thehockeyshop.com/products/bauer-vapor-3x-intermediate-shoulder-pads,2026-03-20,2026-04-03,40,
www.thehockeyshop.com-J0244,Bauer Vapor 3X Junior Hockey Shoulder Pads,Bauer Vapor 3X Junior Hockey Shoulder Pads,119.99,71.95,https://cdn.shopify.com/s/files/1/0020/1585/4658/products/shoulder-pads-bauer-vapor-3x-junior-hockey-shoulder-pads-1221732972.jpg?v=1772979517,Accessories,Other,Junior,Bauer,In Stock,https://www.thehockeyshop.com/collections/hockey-deals-clearance,https://www.thehockeyshop.com/products/bauer-vapor-3x-junior-hockey-shoulder-pads,2026-03-20,2026-04-03,40,
www.thehockeyshop.com-J0245,Bauer Vapor 3X Pro Intermediate Hockey Elbow Pads,Bauer Vapor 3X Pro Intermediate Hockey Elbow Pads,139.99,83.95,https://cdn.shopify.com/s/files/1/0020/1585/4658/products/elbow-pads-bauer-vapor-3x-pro-intermediate-hockey-elbow-pads-1221732327.jpg?v=1772951017,Accessories,Other,Intermediate,Bauer,In Stock,https://www.thehockeyshop.com/collections/hockey-deals-clearance,https://www.thehockeyshop.com/products/bauer-vapor-3x-pro-intermediate-hockey-elbow-pads,2026-03-20,2026-04-03,40,
www.thehockeyshop.com-J0246,Bauer Vapor 3X Pro Intermediate Hockey Shoulder Pads,Bauer Vapor 3X Pro Intermediate Hockey Shoulder Pads,179.99,107.95,https://cdn.shopify.com/s/files/1/0020/1585/4658/products/shoulder-pads-bauer-vapor-3x-pro-intermediate-hockey-shoulder-pads-1221732954.jpg?v=1772978949,Accessories,Other,Intermediate,Bauer,In Stock,https://www.thehockeyshop.com/collections/hockey-deals-clearance,https://www.thehockeyshop.com/products/bauer-vapor-3x-pro-intermediate-shoulder-pads,2026-03-20,2026-04-03,40,
www.thehockeyshop.com-J0247,Bauer Vapor 3X Pro Junior Hockey Gloves,Bauer Vapor 3X Pro Junior Hockey Gloves,169.99,118.97,https://cdn.shopify.com/s/files/1/0020/1585/4658/products/gloves-bauer-vapor-3x-pro-junior-hockey-gloves-1221733308.jpg?v=1772996257,Player Gear,Gloves,Junior,Bauer,In Stock,https://www.thehockeyshop.com/collections/hockey-deals-clearance,https://www.thehockeyshop.com/products/bauer-vapor-3x-pro-junior-hockey-gloves,2026-03-20,2026-04-03,30,
www.thehockeyshop.com-J0248,Bauer Vapor 3X Pro Junior Hockey Shoulder Pads,Bauer Vapor 3X Pro Junior Hockey Shoulder Pads,169.99,99.95,https://cdn.shopify.com/s/files/1/0020/1585/4658/products/shoulder-pads-bauer-vapor-3x-pro-junior-hockey-shoulder-pads-1221732995.jpg?v=1772980237,Accessories,Other,Junior,Bauer,In Stock,https://www.thehockeyshop.com/collections/hockey-deals-clearance,https://www.thehockeyshop.com/products/bauer-vapor-3x-pro-junior-hockey-shoulder-pads,2026-03-20,2026-04-03,41,
www.thehockeyshop.com-J0249,Bauer Vapor 3X Pro Senior Hockey Shoulder Pads,Bauer Vapor 3X Pro Senior Hockey Shoulder Pads,199.99,119.95,https://cdn.shopify.com/s/files/1/0020/1585/4658/products/shoulder-pads-bauer-vapor-3x-pro-senior-hockey-shoulder-pads-1221733122.jpg?v=1772991850,Accessories,Other,Senior,Bauer,In Stock,https://www.thehockeyshop.com/collections/hockey-deals-clearance,https://www.thehockeyshop.com/products/bauer-vapor-3x-pro-senior-hockey-shoulder-pads,2026-03-20,2026-04-03,40,
www.thehockeyshop.com-J0250,Bauer Vapor Fleece Zip Junior Hoodie,Bauer Vapor Fleece Zip Junior Hoodie,89.99,44.99,https://cdn.shopify.com/s/files/1/0020/1585/4658/products/hoodies-bauer-vapor-fleece-zip-junior-hoodie-1221750791.jpg?v=1773542378,Accessories,Other,Junior,Bauer,In Stock,https://www.thehockeyshop.com/collections/hockey-deals-clearance,https://www.thehockeyshop.com/products/bauer-vapor-fleece-zip-junior-hoody,2026-03-20,2026-04-03,50,
www.thehockeyshop.com-J0256,Bauer Vapor Hyperlite Intermediate Hockey Elbow Pads,Bauer Vapor Hyperlite Intermediate Hockey Elbow Pads,179.99,107.95,https://cdn.shopify.com/s/files/1/0020/1585/4658/products/elbow-pads-bauer-vapor-hyperlite-intermediate-hockey-elbow-pads-1221732555.jpg?v=1772959238,Accessories,Other,Intermediate,Bauer,In Stock,https://www.thehockeyshop.com/collections/hockey-deals-clearance,https://www.thehockeyshop.com/products/bauer-vapor-hyperlite-intermediate-hockey-elbow-pads,2026-03-20,2026-04-03,40,
www.thehockeyshop.com-J0257,Bauer Vapor Hyperlite Intermediate Hockey Gloves,Bauer Vapor Hyperlite Intermediate Hockey Gloves,239.99,167.97,https://cdn.shopify.com/s/files/1/0020/1585/4658/products/gloves-bauer-vapor-hyperlite-intermediate-hockey-gloves-1221733361.jpg?v=1772981439,Player Gear,Gloves,Intermediate,Bauer,In Stock,https://www.thehockeyshop.com/collections/hockey-deals-clearance,https://www.thehockeyshop.com/products/bauer-vapor-hyperlite-intermediate-hockey-gloves,2026-03-20,2026-04-03,30,
www.thehockeyshop.com-J0258,Bauer Vapor Hyperlite Intermediate Shoulder Pads,Bauer Vapor Hyperlite Intermediate Shoulder Pads,249.99,149.95,https://cdn.shopify.com/s/files/1/0020/1585/4658/products/shoulder-pads-bauer-vapor-hyperlite-intermediate-shoulder-pads-1221733102.jpg?v=1772991279,Accessories,Other,Intermediate,Bauer,In Stock,https://www.thehockeyshop.com/collections/hockey-deals-clearance,https://www.thehockeyshop.com/products/bauer-vapor-hyperlite-intermediate-shoulder-pads,2026-03-20,2026-04-03,40,
www.thehockeyshop.com-J0259,Bauer Vapor Hyperlite Junior Hockey Elbow Pads,Bauer Vapor Hyperlite Junior Hockey Elbow Pads,169.99,99.95,https://cdn.shopify.com/s/files/1/0020/1585/4658/products/elbow-pads-bauer-vapor-hyperlite-junior-hockey-elbow-pads-1221732618.jpg?v=1772965150,Accessories,Other,Junior,Bauer,Unknown,https://www.thehockeyshop.com/collections/hockey-deals-clearance,https://www.thehockeyshop.com/products/bauer-vapor-hyperlite-junior-hockey-elbow-pads,2026-03-20,2026-04-03,41,
www.thehockeyshop.com-J0260,Bauer Vapor Hyperlite Junior Hockey Shoulder Pads,Bauer Vapor Hyperlite Junior Hockey Shoulder Pads,219.99,131.95,https://cdn.shopify.com/s/files/1/0020/1585/4658/products/shoulder-pads-bauer-vapor-hyperlite-junior-hockey-shoulder-pads-1221733042.jpg?v=1772989449,Accessories,Other,Junior,Bauer,In Stock,https://www.thehockeyshop.com/collections/hockey-deals-clearance,https://www.thehockeyshop.com/products/bauer-vapor-hyperlite-junior-hockey-shoulder-pads,2026-03-20,2026-04-03,40,
www.thehockeyshop.com-J0261,Bauer Vapor Hyperlite Senior Hockey Gloves,Bauer Vapor Hyperlite Senior Hockey Gloves,259.99,181.97,https://cdn.shopify.com/s/files/1/0020/1585/4658/products/gloves-bauer-vapor-hyperlite-senior-hockey-gloves-1221733387.jpg?v=1772982192,Player Gear,Gloves,Senior,Bauer,In Stock,https://www.thehockeyshop.com/collections/hockey-deals-clearance,https://www.thehockeyshop.com/products/bauer-vapor-hyperlite-senior-hockey-gloves,2026-03-20,2026-04-03,30,
www.thehockeyshop.com-J0262,Bauer Vapor Hyperlite Senior Hockey Shoulder Pads,Bauer Vapor Hyperlite Senior Hockey Shoulder Pads,259.99,155.95,https://cdn.shopify.com/s/files/1/0020/1585/4658/products/shoulder-pads-bauer-vapor-hyperlite-senior-hockey-shoulder-pads-1221733072.jpg?v=1772990377,Accessories,Other,Senior,Bauer,In Stock,https://www.thehockeyshop.com/collections/hockey-deals-clearance,https://www.thehockeyshop.com/products/bauer-vapor-hyperlite-senior-hockey-shoulder-pads,2026-03-20,2026-04-03,40,
www.thehockeyshop.com-J0263,Bauer Vapor HyperLite 2 Hockey Helmet,Bauer Vapor HyperLite 2 Hockey Helmet,499.99,324.97,https://cdn.shopify.com/s/files/1/0020/1585/4658/files/bauer-helmets-bauer-vapor-hyperlite-2-hockey-helmet-black-m-l-30666979737666.jpg?v=1768104418,Accessories,Helmet,,Bauer,In Stock,https://www.thehockeyshop.com/collections/hockey-deals-clearance,https://www.thehockeyshop.com/products/bauer-vapor-hyperlite2-hockey-helmet,2026-03-20,2026-04-03,35,
www.thehockeyshop.com-J0264,Bauer Vapor HyperLite 2 Intermediate Hockey Skates,Bauer Vapor HyperLite 2 Intermediate Hockey Skates,1109.99,776.97,https://cdn.shopify.com/s/files/1/0020/1585/4658/files/hockey-skates-bauer-vapor-hyperlite-2-intermediate-hockey-skates-1221723575.jpg?v=1772697851,Player Gear,Skates,Intermediate,Bauer,Unknown,https://www.thehockeyshop.com/collections/hockey-deals-clearance,https://www.thehockeyshop.com/products/bauer-vapor-hyperlite2-intermediate-hockey-skates,2026-03-20,2026-04-03,30,
www.thehockeyshop.com-J0265,Bauer Vapor HyperLite 2 Junior Hockey Stick - 30 Flex,Bauer Vapor HyperLite 2 Junior Hockey Stick - 30 Flex,219.99,131.95,https://cdn.shopify.com/s/files/1/0020/1585/4658/files/bauer-hockey-sticks-bauer-vapor-hyperlite2-junior-hockey-stick-30-flex-p28-l-30-30560503234626.jpg?v=1768103187,Player Gear,Stick,Junior,Bauer,In Stock,https://www.thehockeyshop.com/collections/hockey-deals-clearance,https://www.thehockeyshop.com/products/bauer-vapor-hyperlite2-junior-hockey-stick-30-flex,2026-03-20,2026-04-03,40,
www.thehockeyshop.com-J0266,Bauer Vapor HyperLite 2 Junior Hockey Stick - 40 Flex,Bauer Vapor HyperLite 2 Junior Hockey Stick - 40 Flex,249.99,149.95,https://cdn.shopify.com/s/files/1/0020/1585/4658/files/hockey-sticks-bauer-vapor-hyperlite-2-junior-hockey-stick-40-flex-1221723527.jpg?v=1772709338,Player Gear,Stick,Junior,Bauer,In Stock,https://www.thehockeyshop.com/collections/hockey-deals-clearance,https://www.thehockeyshop.com/products/bauer-vapor-hyperlite2-junior-hockey-stick-40-flex,2026-03-20,2026-04-03,40,
www.thehockeyshop.com-J0267,Bauer Vapor HyperLite2 Pro Stock Senior Goalie Catcher - Justus Annunen,Bauer Vapor HyperLite2 Pro Stock Senior Goalie Catcher - Justus Annunen,719.99,399.95,https://cdn.shopify.com/s/files/1/0020/1585/4658/files/catchers-bauer-vapor-hyperlite2-pro-stock-senior-goalie-catcher-justus-annunen-1221775365.jpg?v=1771748678,Goalie Gear,Catcher Glove,Senior,Bauer,In Stock,https://www.thehockeyshop.com/collections/hockey-deals-clearance,https://www.thehockeyshop.com/products/bauer-vapor-hyperlite2-pro-stock-senior-goalie-catcher-justus-annunen,2026-03-20,2026-04-03,44,
www.thehockeyshop.com-J0268,Bauer Vapor HyperLite2 Pro Stock Senior Goalie Leg Pads - Yaroslav Askarov,Bauer Vapor HyperLite2 Pro Stock Senior Goalie Leg Pads - Yaroslav Askarov,2269.99,1199.95,https://cdn.shopify.com/s/files/1/0020/1585/4658/files/leg-pads-bauer-vapor-hyperlite2-pro-stock-senior-goalie-leg-pads-yaroslav-askarov-1221775321.jpg?v=1771745137,Goalie Gear,Leg Pads,Senior,Bauer,In Stock,https://www.thehockeyshop.com/collections/hockey-deals-clearance,https://www.thehockeyshop.com/products/bauer-vapor-hyperlite2-pro-stock-senior-goalie-leg-pads-yaroslav-askarov,2026-03-20,2026-04-03,47,
www.thehockeyshop.com-J0269,Bauer Vapor HyperLite2 Senior Chest & Arm Protector - THS Spec,Bauer Vapor HyperLite2 Senior Chest & Arm Protector - THS Spec,869.99,499.95,https://cdn.shopify.com/s/files/1/0020/1585/4658/files/chest-protectors-bauer-vapor-hyperlite2-senior-chest-arm-protector-ths-spec-1221791279.jpg?v=1772261976,Accessories,Other,Senior,Bauer,In Stock,https://www.thehockeyshop.com/collections/hockey-deals-clearance,https://www.thehockeyshop.com/products/bauer-vapor-hyperlite2-senior-chest-arm-protector-ths-spec,2026-03-20,2026-04-03,43,
www.thehockeyshop.com-J0270,Bauer Vapor HyperLite 2 Senior Hockey Skates,Bauer Vapor HyperLite 2 Senior Hockey Skates,1309.99,916.97,https://cdn.shopify.com/s/files/1/0020/1585/4658/files/bauer-hockey-skates-bauer-vapor-hyperlite2-senior-hockey-skates-7-fit-1-30497579499586.jpg?v=1768102903,Player Gear,Skates,Senior,Bauer,In Stock,https://www.thehockeyshop.com/collections/hockey-deals-clearance,https://www.thehockeyshop.com/products/bauer-vapor-hyperlite2-senior-hockey-skates,2026-03-20,2026-04-03,30,
www.thehockeyshop.com-J0271,Bauer Vapor HyperLite2 Senior Pro Stock Goalie Stick - Jake Oettinger,Bauer Vapor HyperLite2 Senior Pro Stock Goalie Stick - Jake Oettinger,399.99,249.95,https://cdn.shopify.com/s/files/1/0020/1585/4658/files/thehockeyshop-com-bauer-vapor-hyperlite2-senior-pro-stock-goalie-stick-jake-oettinger-green-p31-l-24-1209013022.jpg?v=1768193368,Goalie Gear,Goalie Stick,Senior,Bauer,In Stock,https://www.thehockeyshop.com/collections/hockey-deals-clearance,https://www.thehockeyshop.com/products/bauer-vapor-hyperlite2-senior-pro-stock-goalie-stick-jake-oettinger,2026-03-20,2026-04-03,38,
www.thehockeyshop.com-J0272,Bauer Vapor HyperLite2 Senior Pro Stock Goalie Stick - Joseph Woll,Bauer Vapor HyperLite2 Senior Pro Stock Goalie Stick - Joseph Woll,399.99,249.95,https://cdn.shopify.com/s/files/1/0020/1585/4658/files/thehockeyshop-com-bauer-vapor-hyperlite2-senior-pro-stock-goalie-stick-joseph-woll-blue-p31-l-24-1209013016.jpg?v=1768193379,Goalie Gear,Goalie Stick,Senior,Bauer,In Stock,https://www.thehockeyshop.com/collections/hockey-deals-clearance,https://www.thehockeyshop.com/products/bauer-vapor-hyperlite2-senior-pro-stock-goalie-stick-joseph-woll,2026-03-20,2026-04-03,38,
www.thehockeyshop.com-J0273,Bauer Vapor HyperLite2 Senior Pro Stock Goalie Stick - Linus Ullmark,Bauer Vapor HyperLite2 Senior Pro Stock Goalie Stick - Linus Ullmark,399.99,249.95,https://cdn.shopify.com/s/files/1/0020/1585/4658/files/goalie-sticks-bauer-vapor-hyperlite2-senior-pro-stock-goalie-stick-linus-ullmark-1221775293.jpg?v=1771744271,Goalie Gear,Goalie Stick,Senior,Bauer,In Stock,https://www.thehockeyshop.com/collections/hockey-deals-clearance,https://www.thehockeyshop.com/products/bauer-vapor-hyperlite2-senior-pro-stock-goalie-stick-linus-ullmark,2026-03-20,2026-04-03,38,
www.thehockeyshop.com-J0274,Bauer Vapor Junior Hockey Stick - (2023),Bauer Vapor Junior Hockey Stick - (2023),89.99,53.95,https://cdn.shopify.com/s/files/1/0020/1585/4658/files/bauer-hockey-sticks-bauer-vapor-junior-hockey-stick-p92-l-30-30549970845762.jpg?v=1768103462,Player Gear,Stick,Junior,Bauer,In Stock,https://www.thehockeyshop.com/collections/hockey-deals-clearance,https://www.thehockeyshop.com/products/bauer-vapor-junior-hockey-stick,2026-03-20,2026-04-03,40,
www.thehockeyshop.com-J0275,Bauer Vapor League Pro Stock Senior Hockey Stick (2023),Bauer Vapor League Pro Stock Senior Hockey Stick (2023),299.99,149.90,https://cdn.shopify.com/s/files/1/0020/1585/4658/files/bauer-hockey-sticks-bauer-vapor-league-senior-hockey-stick-2024-p28-l-70-32090815365186.jpg?v=1768109443,Player Gear,Stick,Senior,Bauer,In Stock,https://www.thehockeyshop.com/collections/hockey-deals-clearance,https://www.thehockeyshop.com/products/bauer-vapor-league-senior-hockey-stick-2023,2026-03-20,2026-04-03,50,
www.thehockeyshop.com-J0276,Bauer Vapor Shift Pro Intermediate Hockey Shoulder Pads - 2022,Bauer Vapor Shift Pro Intermediate Hockey Shoulder Pads - 2022,149.99,89.95,https://cdn.shopify.com/s/files/1/0020/1585/4658/products/shoulder-pads-bauer-vapor-shift-pro-intermediate-hockey-shoulder-pads-2022-1221732857.jpg?v=1772975529,Accessories,Other,Intermediate,Bauer,In Stock,https://www.thehockeyshop.com/collections/hockey-deals-clearance,https://www.thehockeyshop.com/products/bauer-vapor-shift-pro-intermediate-hockey-shoulder-pads-s22,2026-03-20,2026-04-03,40,
www.thehockeyshop.com-J0277,Bauer Vapor X Shift Pro Intermediate Hockey Skates - (2023),Bauer Vapor X Shift Pro Intermediate Hockey Skates - (2023),609.99,426.97,https://cdn.shopify.com/s/files/1/0020/1585/4658/files/hockey-skates-bauer-vapor-x-shift-pro-intermediate-hockey-skates-2023-1221722386.jpg?v=1772680838,Player Gear,Skates,Intermediate,Bauer,In Stock,https://www.thehockeyshop.com/collections/hockey-deals-clearance,https://www.thehockeyshop.com/products/bauer-vapor-shift-pro-intermediate-hockey-skates,2026-03-20,2026-04-03,30,
www.thehockeyshop.com-J0278,Bauer Vapor Shift Pro Junior Hockey Pants (2025),Bauer Vapor Shift Pro Junior Hockey Pants (2025),159.99,127.98,https://cdn.shopify.com/s/files/1/0020/1585/4658/files/hockey-pants-bauer-vapor-shift-pro-junior-hockey-pants-2025-1221774803.jpg?v=1771714062,Player Gear,Hockey Pants,Junior,Bauer,In Stock,https://www.thehockeyshop.com/collections/hockey-deals-clearance,https://www.thehockeyshop.com/products/bauer-vapor-shift-pro-junior-hockey-pants-2025,2026-03-20,2026-04-03,20,
www.thehockeyshop.com-J0279,Bauer Vapor Shift Pro Junior Hockey Pants,Bauer Vapor Shift Pro Junior Hockey Pants,119.99,71.95,https://cdn.shopify.com/s/files/1/0020/1585/4658/products/hockey-pants-bauer-vapor-shift-pro-junior-hockey-pants-1221732210.jpg?v=1772962957,Player Gear,Hockey Pants,Junior,Bauer,In Stock,https://www.thehockeyshop.com/collections/hockey-deals-clearance,https://www.thehockeyshop.com/products/bauer-vapor-shift-pro-junior-hockey-pants-s22,2026-03-20,2026-04-03,40,
www.thehockeyshop.com-J0280,Bauer Vapor Shift Pro Junior Hockey Shoulder Pads - 2022,Bauer Vapor Shift Pro Junior Hockey Shoulder Pads - 2022,139.99,83.95,https://cdn.shopify.com/s/files/1/0020/1585/4658/products/shoulder-pads-bauer-vapor-shift-pro-junior-hockey-shoulder-pads-2022-1221732914.jpg?v=1772977298,Accessories,Other,Junior,Bauer,In Stock,https://www.thehockeyshop.com/collections/hockey-deals-clearance,https://www.thehockeyshop.com/products/bauer-vapor-shift-pro-junior-hockey-shoulder-pads-s22,2026-03-20,2026-04-03,40,
www.thehockeyshop.com-J0281,Bauer Vapor Shift Pro Junior Hockey Stick - (2023),Bauer Vapor Shift Pro Junior Hockey Stick - (2023),199.99,119.95,https://cdn.shopify.com/s/files/1/0020/1585/4658/files/hockey-sticks-bauer-vapor-shift-pro-junior-hockey-stick-2023-1221722167.jpg?v=1772666618,Player Gear,Stick,Junior,Bauer,Unknown,https://www.thehockeyshop.com/collections/hockey-deals-clearance,https://www.thehockeyshop.com/products/bauer-vapor-shift-pro-junior-hockey-stick,2026-03-20,2026-04-03,40,
www.thehockeyshop.com-J0282,Bauer Vapor Shift Pro Senior Hockey Pants (2025),Bauer Vapor Shift Pro Senior Hockey Pants (2025),189.99,151.98,https://cdn.shopify.com/s/files/1/0020/1585/4658/files/hockey-pants-bauer-vapor-shift-pro-senior-hockey-pants-2025-1221774789.jpg?v=1771713757,Player Gear,Hockey Pants,Senior,Bauer,In Stock,https://www.thehockeyshop.com/collections/hockey-deals-clearance,https://www.thehockeyshop.com/products/bauer-vapor-shift-pro-senior-hockey-pants-2025,2026-03-20,2026-04-03,20,
www.thehockeyshop.com-J0283,Bauer Vapor Shift Pro Senior Hockey Shoulder Pads - (2022),Bauer Vapor Shift Pro Senior Hockey Shoulder Pads - (2022),159.99,95.95,https://cdn.shopify.com/s/files/1/0020/1585/4658/products/shoulder-pads-bauer-vapor-shift-pro-senior-hockey-shoulder-pads-2022-1221732894.jpg?v=1772976697,Accessories,Other,Senior,Bauer,In Stock,https://www.thehockeyshop.com/collections/hockey-deals-clearance,https://www.thehockeyshop.com/products/bauer-vapor-shift-pro-senior-hockey-shoulder-pads-s22,2026-03-20,2026-04-03,40,
www.thehockeyshop.com-J0284,Bauer Vapor X Shift Pro Senior Hockey Skates - (2023),Bauer Vapor X Shift Pro Senior Hockey Skates - (2023),729.99,510.97,https://cdn.shopify.com/s/files/1/0020/1585/4658/files/bauer-hockey-skates-bauer-vapor-x-shift-pro-senior-hockey-skates-8-5-fit-2-32526133166146.jpg?v=1768106052,Player Gear,Skates,Senior,Bauer,In Stock,https://www.thehockeyshop.com/collections/hockey-deals-clearance,https://www.thehockeyshop.com/products/bauer-vapor-shift-pro-senior-hockey-skates,2026-03-20,2026-04-03,30,
www.thehockeyshop.com-J0285,Bauer Vapor Team Pique Senior Polo Shirt,Bauer Vapor Team Pique Senior Polo Shirt,49.99,10.00,https://cdn.shopify.com/s/files/1/0020/1585/4658/products/shirts-bauer-vapor-team-pique-senior-polo-shirt-1221743113.jpg?v=1773299497,Accessories,Other,Senior,Bauer,In Stock,https://www.thehockeyshop.com/collections/hockey-deals-clearance,https://www.thehockeyshop.com/products/bauer-vapor-team-pique-senior-polo-shirt-s21,2026-03-20,2026-04-03,80,
www.thehockeyshop.com-J0286,Bauer Vapor Team Tech Shortsleeve Youth Shirt,Bauer Vapor Team Tech Shortsleeve Youth Shirt,32.99,9.95,https://cdn.shopify.com/s/files/1/0020/1585/4658/products/shirts-bauer-vapor-team-tech-shortsleeve-youth-shirt-1221750784.jpg?v=1773542113,Accessories,Other,Youth,Bauer,In Stock,https://www.thehockeyshop.com/collections/hockey-deals-clearance,https://www.thehockeyshop.com/products/bauer-vapor-team-tech-junior-shirt,2026-03-20,2026-04-03,70,
www.thehockeyshop.com-J0287,Bauer Vapor Team Tech Shortsleeve Senior Shirt,Bauer Vapor Team Tech Shortsleeve Senior Shirt,34.99,9.95,https://cdn.shopify.com/s/files/1/0020/1585/4658/products/shirts-bauer-vapor-team-tech-shortsleeve-senior-shirt-1221750780.jpg?v=1773542018,Accessories,Other,Senior,Bauer,In Stock,https://www.thehockeyshop.com/collections/hockey-deals-clearance,https://www.thehockeyshop.com/products/bauer-vapor-team-tech-senior-shirt,2026-03-20,2026-04-03,72,
www.thehockeyshop.com-J0288,Bauer Vapor Velocity Intermediate Hockey Pants,Bauer Vapor Velocity Intermediate Hockey Pants,89.99,62.97,https://cdn.shopify.com/s/files/1/0020/1585/4658/products/hockey-pants-bauer-vapor-velocity-intermediate-hockey-pants-1221732104.jpg?v=1772970098,Player Gear,Hockey Pants,Intermediate,Bauer,In Stock,https://www.thehockeyshop.com/collections/hockey-deals-clearance,https://www.thehockeyshop.com/products/bauer-vapor-velocity-intermediate-hockey-pants-s22,2026-03-20,2026-04-03,30,
www.thehockeyshop.com-J0289,Bauer Vapor Velocity Intermediate Hockey Shoulder Pads - (2022),Bauer Vapor Velocity Intermediate Hockey Shoulder Pads - (2022),89.99,53.95,https://cdn.shopify.com/s/files/1/0020/1585/4658/files/shoulder-pads-bauer-vapor-velocity-intermediate-hockey-shoulder-pads-2022-1221732803.jpg?v=1772974297,Accessories,Other,Intermediate,Bauer,In Stock,https://www.thehockeyshop.com/collections/hockey-deals-clearance,https://www.thehockeyshop.com/products/bauer-vapor-velocity-intermediate-hockey-shoulder-pads-s22,2026-03-20,2026-04-03,40,
www.thehockeyshop.com-J0290,Bauer Vapor Velocity Intermediate Hockey Skates - (2023),Bauer Vapor Velocity Intermediate Hockey Skates - (2023),399.99,279.97,https://cdn.shopify.com/s/files/1/0020/1585/4658/files/hockey-skates-bauer-vapor-velocity-intermediate-hockey-skates-2023-1221722365.jpg?v=1772671717,Player Gear,Skates,Intermediate,Bauer,In Stock,https://www.thehockeyshop.com/collections/hockey-deals-clearance,https://www.thehockeyshop.com/products/bauer-vapor-velocity-intermediate-hockey-skates,2026-03-20,2026-04-03,30,
www.thehockeyshop.com-J0291,Bauer Vapor Velocity Junior Hockey Shoulder Pads - (2022),Bauer Vapor Velocity Junior Hockey Shoulder Pads - (2022),79.99,47.95,https://cdn.shopify.com/s/files/1/0020/1585/4658/products/shoulder-pads-bauer-vapor-velocity-junior-hockey-shoulder-pads-2022-1221732874.jpg?v=1772976069,Accessories,Other,Junior,Bauer,In Stock,https://www.thehockeyshop.com/collections/hockey-deals-clearance,https://www.thehockeyshop.com/products/bauer-vapor-velocity-junior-hockey-shoulder-pads-s22,2026-03-20,2026-04-03,40,
www.thehockeyshop.com-J0292,Bauer Vapor Velocity Senior Hockey Skates - (2023),Bauer Vapor Velocity Senior Hockey Skates - (2023),499.99,349.97,https://cdn.shopify.com/s/files/1/0020/1585/4658/files/bauer-hockey-skates-bauer-vapor-velocity-senior-hockey-skates-8-5-fit-1-32526212890690.jpg?v=1768106145,Player Gear,Skates,Senior,Bauer,In Stock,https://www.thehockeyshop.com/collections/hockey-deals-clearance,https://www.thehockeyshop.com/products/bauer-vapor-velocity-senior-hockey-skates,2026-03-20,2026-04-03,30,
www.thehockeyshop.com-J0293,Bauer Vapor X Series Senior Hockey Skates - 2024,Bauer Vapor X Series Senior Hockey Skates - 2024,249.99,199.98,https://cdn.shopify.com/s/files/1/0020/1585/4658/files/hockey-skates-bauer-vapor-x-series-senior-hockey-skates-2024-1221723189.jpg?v=1772701177,Player Gear,Skates,Senior,Bauer,In Stock,https://www.thehockeyshop.com/collections/hockey-deals-clearance,https://www.thehockeyshop.com/products/bauer-vapor-x-series-senior-hockey-skates,2026-03-20,2026-04-03,20,
www.thehockeyshop.com-J0294,Bauer Vapor X3 Intermediate Hockey Skates,Bauer Vapor X3 Intermediate Hockey Skates,299.99,209.97,https://cdn.shopify.com/s/files/1/0020/1585/4658/files/hockey-skates-bauer-vapor-x3-intermediate-hockey-skates-1221723203.jpg?v=1772701597,Player Gear,Skates,Intermediate,Bauer,In Stock,https://www.thehockeyshop.com/collections/hockey-deals-clearance,https://www.thehockeyshop.com/products/bauer-vapor-x3-intermediate-hockey-skates,2026-03-20,2026-04-03,30,
www.thehockeyshop.com-J0295,Bauer Vapor X3 Intermediate Hockey Stick,Bauer Vapor X3 Intermediate Hockey Stick,149.99,89.95,https://cdn.shopify.com/s/files/1/0020/1585/4658/files/hockey-sticks-bauer-vapor-x3-intermediate-hockey-stick-1221723396.jpg?v=1772689838,Player Gear,Stick,Intermediate,Bauer,In Stock,https://www.thehockeyshop.com/collections/hockey-deals-clearance,https://www.thehockeyshop.com/products/bauer-vapor-x3-intermediate-hockey-stick,2026-03-20,2026-04-03,40,
www.thehockeyshop.com-J0296,Bauer Vapor X3 Junior Hockey Stick,Bauer Vapor X3 Junior Hockey Stick,129.99,77.95,https://cdn.shopify.com/s/files/1/0020/1585/4658/files/hockey-sticks-bauer-vapor-x3-junior-hockey-stick-1221723384.jpg?v=1772689477,Player Gear,Stick,Junior,Bauer,In Stock,https://www.thehockeyshop.com/collections/hockey-deals-clearance,https://www.thehockeyshop.com/products/bauer-vapor-x3-junior-hockey-stick,2026-03-20,2026-04-03,40,
www.thehockeyshop.com-J0297,Bauer Vapor X4 Intermediate Hockey Skates,Bauer Vapor X4 Intermediate Hockey Skates,449.99,314.97,https://cdn.shopify.com/s/files/1/0020/1585/4658/files/bauer-hockey-skates-bauer-vapor-x4-intermediate-hockey-skates-5-fit-2-30497631666242.jpg?v=1768103749,Player Gear,Skates,Intermediate,Bauer,In Stock,https://www.thehockeyshop.com/collections/hockey-deals-clearance,https://www.thehockeyshop.com/products/bauer-vapor-x4-intermediate-hockey-skates,2026-03-20,2026-04-03,30,
www.thehockeyshop.com-J0298,Bauer Vapor X4 Intermediate Hockey Stick,Bauer Vapor X4 Intermediate Hockey Stick,189.99,113.95,https://cdn.shopify.com/s/files/1/0020/1585/4658/files/hockey-sticks-bauer-vapor-x4-intermediate-hockey-stick-1221723430.jpg?v=1772694938,Player Gear,Stick,Intermediate,Bauer,Unknown,https://www.thehockeyshop.com/collections/hockey-deals-clearance,https://www.thehockeyshop.com/products/bauer-vapor-x4-intermediate-hockey-stick,2026-03-20,2026-04-03,40,
www.thehockeyshop.com-J0299,Bauer Vapor X4 Junior Hockey Stick,Bauer Vapor X4 Junior Hockey Stick,169.99,101.95,https://cdn.shopify.com/s/files/1/0020/1585/4658/files/hockey-sticks-bauer-vapor-x4-junior-hockey-stick-1221723419.jpg?v=1772690498,Player Gear,Stick,Junior,Bauer,In Stock,https://www.thehockeyshop.com/collections/hockey-deals-clearance,https://www.thehockeyshop.com/products/bauer-vapor-x4-junior-hockey-stick,2026-03-20,2026-04-03,40,
www.thehockeyshop.com-J0300,Bauer Vapor X4 Senior Hockey Skates,Bauer Vapor X4 Senior Hockey Skates,549.99,384.97,https://cdn.shopify.com/s/files/1/0020/1585/4658/files/bauer-hockey-skates-bauer-vapor-x4-senior-hockey-skates-30497627209794.jpg?v=1768103708,Player Gear,Skates,Senior,Bauer,In Stock,https://www.thehockeyshop.com/collections/hockey-deals-clearance,https://www.thehockeyshop.com/products/bauer-vapor-x4-senior-hockey-skates,2026-03-20,2026-04-03,30,
www.thehockeyshop.com-J0301,Bauer Vapor X4 Senior Hockey Stick,Bauer Vapor X4 Senior Hockey Stick,189.99,113.95,https://cdn.shopify.com/s/files/1/0020/1585/4658/files/hockey-sticks-bauer-vapor-x4-senior-hockey-stick-1221723454.jpg?v=1772695660,Player Gear,Stick,Senior,Bauer,In Stock,https://www.thehockeyshop.com/collections/hockey-deals-clearance,https://www.thehockeyshop.com/products/bauer-vapor-x4-senior-hockey-stick,2026-03-20,2026-04-03,40,
www.thehockeyshop.com-J0302,Bauer Vapor X5 Pro Intermediate Goalie Blocker,Bauer Vapor X5 Pro Intermediate Goalie Blocker,249.99,149.95,https://cdn.shopify.com/s/files/1/0020/1585/4658/files/blockers-bauer-vapor-x5-pro-intermediate-goalie-blocker-1221723788.jpg?v=1772706340,Goalie Gear,Blocker,Intermediate,Bauer,Unknown,https://www.thehockeyshop.com/collections/hockey-deals-clearance,https://www.thehockeyshop.com/products/bauer-vapor-x5-pro-intermediate-goalie-blocker,2026-03-20,2026-04-03,40,
www.thehockeyshop.com-J0303,Bauer Vapor X5 Pro Intermediate Goalie Catcher,Bauer Vapor X5 Pro Intermediate Goalie Catcher,319.99,191.95,https://cdn.shopify.com/s/files/1/0020/1585/4658/files/catchers-bauer-vapor-x5-pro-intermediate-goalie-catcher-1221723953.jpg?v=1772711080,Goalie Gear,Catcher Glove,Intermediate,Bauer,In Stock,https://www.thehockeyshop.com/collections/hockey-deals-clearance,https://www.thehockeyshop.com/products/bauer-vapor-x5-pro-intermediate-goalie-catcher,2026-03-20,2026-04-03,40,
www.thehockeyshop.com-J0304,Bauer Vapor X5 Pro Intermediate Goalie Stick,Bauer Vapor X5 Pro Intermediate Goalie Stick,249.99,149.95,https://cdn.shopify.com/s/files/1/0020/1585/4658/files/goalie-sticks-bauer-vapor-x5-pro-intermediate-goalie-stick-1221723043.jpg?v=1772684170,Goalie Gear,Goalie Stick,Intermediate,Bauer,Unknown,https://www.thehockeyshop.com/collections/hockey-deals-clearance,https://www.thehockeyshop.com/products/bauer-vapor-x5-pro-intermediate-goalie-stick,2026-03-20,2026-04-03,40,
www.thehockeyshop.com-J0305,Bauer Vapor X5 Pro Intermediate Hockey Skates,Bauer Vapor X5 Pro Intermediate Hockey Skates,719.99,503.97,https://cdn.shopify.com/s/files/1/0020/1585/4658/files/hockey-skates-bauer-vapor-x5-pro-intermediate-hockey-skates-1221723312.jpg?v=1772687859,Player Gear,Skates,Intermediate,Bauer,In Stock,https://www.thehockeyshop.com/collections/hockey-deals-clearance,https://www.thehockeyshop.com/products/bauer-vapor-x5-pro-intermediate-hockey-skates,2026-03-20,2026-04-03,30,
www.thehockeyshop.com-J0306,Bauer Vapor X5 Pro Intermediate Hockey Stick,Bauer Vapor X5 Pro Intermediate Hockey Stick,249.99,149.95,https://cdn.shopify.com/s/files/1/0020/1585/4658/files/hockey-sticks-bauer-vapor-x5-pro-intermediate-hockey-stick-1221723443.jpg?v=1772695297,Player Gear,Stick,Intermediate,Bauer,Unknown,https://www.thehockeyshop.com/collections/hockey-deals-clearance,https://www.thehockeyshop.com/products/bauer-vapor-x5-pro-intermediate-hockey-stick,2026-03-20,2026-04-03,40,
www.thehockeyshop.com-J0307,Bauer Vapor X5 Pro Junior Hockey Skates,Bauer Vapor X5 Pro Junior Hockey Skates,599.99,419.97,https://cdn.shopify.com/s/files/1/0020/1585/4658/files/bauer-hockey-skates-bauer-vapor-x5-pro-junior-hockey-skates-30497609449538.jpg?v=1768103640,Player Gear,Skates,Junior,Bauer,In Stock,https://www.thehockeyshop.com/collections/hockey-deals-clearance,https://www.thehockeyshop.com/products/bauer-vapor-x5-pro-junior-hockey-skates,2026-03-20,2026-04-03,30,
www.thehockeyshop.com-J0308,Bauer Vapor X5 Pro Senior Goalie Catcher,Bauer Vapor X5 Pro Senior Goalie Catcher,359.99,215.95,https://cdn.shopify.com/s/files/1/0020/1585/4658/files/bauer-catchers-bauer-vapor-x5-pro-senior-catcher-white-regular-30692588093506.jpg?v=1768101775,Goalie Gear,Catcher Glove,Senior,Bauer,In Stock,https://www.thehockeyshop.com/collections/hockey-deals-clearance,https://www.thehockeyshop.com/products/bauer-vapor-x5-pro-senior-goalie-catcher,2026-03-20,2026-04-03,40,
www.thehockeyshop.com-J0309,Bauer Vapor X5 Pro Senior Goalie Leg Pads,Bauer Vapor X5 Pro Senior Goalie Leg Pads,1049.99,629.95,https://cdn.shopify.com/s/files/1/0020/1585/4658/products/leg-pads-bauer-vapor-x5-pro-senior-goalie-leg-pads-1221724152.jpg?v=1772713453,Goalie Gear,Leg Pads,Senior,Bauer,In Stock,https://www.thehockeyshop.com/collections/hockey-deals-clearance,https://www.thehockeyshop.com/products/bauer-vapor-x5-pro-senior-goalie-leg-pads,2026-03-20,2026-04-03,40,
www.thehockeyshop.com-J0310,Bauer Vapor X5 Pro Senior Goalie Stick,Bauer Vapor X5 Pro Senior Goalie Stick,259.99,155.95,https://cdn.shopify.com/s/files/1/0020/1585/4658/files/goalie-sticks-bauer-vapor-x5-pro-senior-goalie-stick-1221723064.jpg?v=1772684831,Goalie Gear,Goalie Stick,Senior,Bauer,Unknown,https://www.thehockeyshop.com/collections/hockey-deals-clearance,https://www.thehockeyshop.com/products/bauer-vapor-x5-pro-senior-goalie-stick,2026-03-20,2026-04-03,40,
www.thehockeyshop.com-J0311,Bauer Vapor X5 Pro Senior Hockey Skates,Bauer Vapor X5 Pro Senior Hockey Skates,869.99,608.97,https://cdn.shopify.com/s/files/1/0020/1585/4658/files/bauer-hockey-skates-bauer-vapor-x5-pro-senior-hockey-skates-8-fit-2-30560436486210.jpg?v=1768102806,Player Gear,Skates,Senior,Bauer,In Stock,https://www.thehockeyshop.com/collections/hockey-deals-clearance,https://www.thehockeyshop.com/products/bauer-vapor-x5-pro-senior-hockey-skates,2026-03-20,2026-04-03,30,
www.thehockeyshop.com-J0312,Bauer Vapor X5 Pro Youth Hockey Skates,Bauer Vapor X5 Pro Youth Hockey Skates,249.99,174.97,https://cdn.shopify.com/s/files/1/0020/1585/4658/files/hockey-skates-bauer-vapor-x5-pro-youth-hockey-skates-1221723284.jpg?v=1772703161,Player Gear,Skates,Youth,Bauer,In Stock,https://www.thehockeyshop.com/collections/hockey-deals-clearance,https://www.thehockeyshop.com/products/bauer-vapor-x5-pro-youth-hockey-skates,2026-03-20,2026-04-03,30,
www.thehockeyshop.com-J0313,Bauer Vapor X700 Senior Roller Hockey Goalie Skates,Bauer Vapor X700 Senior Roller Hockey Goalie Skates,299.99,199.95,https://cdn.shopify.com/s/files/1/0020/1585/4658/products/roller-hockey-skates-bauer-vapor-x700-senior-roller-hockey-goalie-skates-1221756317.jpg?v=1773697211,Goalie Gear,Goalie Skates,Senior,Bauer,In Stock,https://www.thehockeyshop.com/collections/hockey-deals-clearance,https://www.thehockeyshop.com/products/bauer-vapor-x700-senior-inline-goalie-skates-2019,2026-03-20,2026-04-03,33,
www.thehockeyshop.com-J0314,Bauer Vertexx Lightspeed Pulse TI Edge Goalie Steel Runner - 2 Pack,Bauer Vertexx Lightspeed Pulse TI Edge Goalie Steel Runner - 2 Pack,199.99,189.99,https://cdn.shopify.com/s/files/1/0020/1585/4658/products/goalie-skate-steel-bauer-vertexx-lightspeed-pulse-ti-edge-goalie-steel-runner-2-pack-1221740601.jpg?v=1773220810,Accessories,Other,,Bauer,In Stock,https://www.thehockeyshop.com/collections/hockey-deals-clearance,https://www.thehockeyshop.com/products/bauer-vertexx-lightspeed-pulse-ti-edge-goalie-steel-runner-2-pack,2026-03-20,2026-04-03,5,
www.thehockeyshop.com-J0315,Bauer X Intermediate Hockey Pants - 2021,Bauer X Intermediate Hockey Pants - 2021,79.99,55.97,https://cdn.shopify.com/s/files/1/0020/1585/4658/products/hockey-pants-bauer-x-intermediate-hockey-pants-2021-1221741959.jpg?v=1773270551,Player Gear,Hockey Pants,Intermediate,Bauer,Unknown,https://www.thehockeyshop.com/collections/hockey-deals-clearance,https://www.thehockeyshop.com/products/bauer-x-intermediate-hockey-pants,2026-03-20,2026-04-03,30,
www.thehockeyshop.com-J0316,Bauer X Intermediate Hockey Shoulder Pads - (2021),Bauer X Intermediate Hockey Shoulder Pads - (2021),84.99,58.97,https://cdn.shopify.com/s/files/1/0020/1585/4658/products/shoulder-pads-bauer-x-intermediate-hockey-shoulder-pads-2021-1221742432.jpg?v=1773275018,Accessories,Other,Intermediate,Bauer,In Stock,https://www.thehockeyshop.com/collections/hockey-deals-clearance,https://www.thehockeyshop.com/products/bauer-x-intermediate-hockey-shoulder-pads,2026-03-20,2026-04-03,31,
www.thehockeyshop.com-J0317,Bauer X-LP Junior Hockey Skates,Bauer X-LP Junior Hockey Skates,99.99,79.98,https://cdn.shopify.com/s/files/1/0020/1585/4658/products/hockey-skates-bauer-x-lp-junior-hockey-skates-1221741684.jpg?v=1773263831,Player Gear,Skates,Junior,Bauer,In Stock,https://www.thehockeyshop.com/collections/hockey-deals-clearance,https://www.thehockeyshop.com/products/bauer-x-lp-junior-hockey-skates,2026-03-20,2026-04-03,20,
www.thehockeyshop.com-J0318,Bauer X-LP Senior Hockey Skates,Bauer X-LP Senior Hockey Skates,149.99,119.98,https://cdn.shopify.com/s/files/1/0020/1585/4658/products/bauer-hockey-skates-bauer-x-lp-senior-hockey-skates-11-r-standard-28744077410370.jpg?v=1768057476,Player Gear,Skates,Senior,Bauer,In Stock,https://www.thehockeyshop.com/collections/hockey-deals-clearance,https://www.thehockeyshop.com/products/bauer-x-lp-senior-hockey-skates,2026-03-20,2026-04-03,20,
www.thehockeyshop.com-J0319,Bauer X-LP Youth Hockey Skates,Bauer X-LP Youth Hockey Skates,79.99,63.98,https://cdn.shopify.com/s/files/1/0020/1585/4658/products/bauer-hockey-skates-bauer-x-lp-youth-hockey-skates-y11-r-standard-28744077443138.jpg?v=1768057519,Player Gear,Skates,Youth,Bauer,In Stock,https://www.thehockeyshop.com/collections/hockey-deals-clearance,https://www.thehockeyshop.com/products/bauer-x-lp-youth-hockey-skates,2026-03-20,2026-04-03,20,
www.thehockeyshop.com-J0320,Bauer X-LS Intermediate Hockey Skates,Bauer X-LS Intermediate Hockey Skates,89.99,71.98,https://cdn.shopify.com/s/files/1/0020/1585/4658/files/hockey-skates-bauer-x-ls-intermediate-hockey-skates-1221741673.jpg?v=1773263531,Player Gear,Skates,Intermediate,Bauer,In Stock,https://www.thehockeyshop.com/collections/hockey-deals-clearance,https://www.thehockeyshop.com/products/bauer-x-ls-intermediate-hockey-skates,2026-03-20,2026-04-03,20,
www.thehockeyshop.com-J0321,Bauer X-LS Junior Hockey Skates,Bauer X-LS Junior Hockey Skates,79.99,63.98,https://cdn.shopify.com/s/files/1/0020/1585/4658/products/bauer-hockey-skates-bauer-x-ls-junior-hockey-skates-1-r-standard-28744077508674.jpg?v=1768057543,Player Gear,Skates,Junior,Bauer,In Stock,https://www.thehockeyshop.com/collections/hockey-deals-clearance,https://www.thehockeyshop.com/products/bauer-x-ls-junior-hockey-skates,2026-03-20,2026-04-03,20,
www.thehockeyshop.com-J0322,Bauer X-LS Senior Hockey Skates,Bauer X-LS Senior Hockey Skates,99.99,79.98,https://cdn.shopify.com/s/files/1/0020/1585/4658/products/bauer-hockey-skates-bauer-x-ls-senior-hockey-skates-9-r-standard-28744077541442.jpg?v=1768057568,Player Gear,Skates,Senior,Bauer,In Stock,https://www.thehockeyshop.com/collections/hockey-deals-clearance,https://www.thehockeyshop.com/products/bauer-x-ls-senior-hockey-skates,2026-03-20,2026-04-03,20,
www.thehockeyshop.com-J0323,Bauer X-LS Youth Hockey Skates,Bauer X-LS Youth Hockey Skates,69.99,55.98,https://cdn.shopify.com/s/files/1/0020/1585/4658/products/hockey-skates-bauer-x-ls-youth-hockey-skates-1221741663.jpg?v=1773263258,Player Gear,Skates,Youth,Bauer,In Stock,https://www.thehockeyshop.com/collections/hockey-deals-clearance,https://www.thehockeyshop.com/products/bauer-x-ls-youth-hockey-skates,2026-03-20,2026-04-03,20,
www.thehockeyshop.com-J0324,Bauer X Series Intermediate Hockey Skates - 2024,Bauer X Series Intermediate Hockey Skates - 2024,199.99,159.98,https://cdn.shopify.com/s/files/1/0020/1585/4658/files/bauer-hockey-skates-bauer-x-series-intermediate-hockey-skates-5-d-30497614790722.jpg?v=1768104037,Player Gear,Skates,Intermediate,Bauer,Unknown,https://www.thehockeyshop.com/collections/hockey-deals-clearance,https://www.thehockeyshop.com/products/bauer-x-series-intermediate-hockey-skates,2026-03-20,2026-04-03,20,
www.thehockeyshop.com-J0325,Bauer X Series Intermediate Hockey Stick - 2024,Bauer X Series Intermediate Hockey Stick - 2024,119.99,83.97,https://cdn.shopify.com/s/files/1/0020/1585/4658/files/hockey-sticks-bauer-x-series-intermediate-hockey-stick-2024-1221723321.jpg?v=1772688131,Player Gear,Stick,Intermediate,Bauer,In Stock,https://www.thehockeyshop.com/collections/hockey-deals-clearance,https://www.thehockeyshop.com/products/bauer-x-series-intermediate-hockey-stick,2026-03-20,2026-04-03,30,
www.thehockeyshop.com-J0326,Bauer X Series Junior Hockey Skates - 2024,Bauer X Series Junior Hockey Skates - 2024,179.99,143.98,https://cdn.shopify.com/s/files/1/0020/1585/4658/files/hockey-skates-bauer-x-series-junior-hockey-skates-2024-1221723131.jpg?v=1772686898,Player Gear,Skates,Junior,Bauer,In Stock,https://www.thehockeyshop.com/collections/hockey-deals-clearance,https://www.thehockeyshop.com/products/bauer-x-series-junior-hockey-skates,2026-03-20,2026-04-03,20,
www.thehockeyshop.com-J0327,Bauer X Series Junior Hockey Stick - 2024,Bauer X Series Junior Hockey Stick - 2024,109.99,76.97,https://cdn.shopify.com/s/files/1/0020/1585/4658/files/hockey-sticks-bauer-x-series-junior-hockey-stick-2024-1221723351.jpg?v=1772688729,Player Gear,Stick,Junior,Bauer,In Stock,https://www.thehockeyshop.com/collections/hockey-deals-clearance,https://www.thehockeyshop.com/products/bauer-x-series-junior-hockey-stick,2026-03-20,2026-04-03,30,
www.thehockeyshop.com-J0328,Bauer X Series Senior Hockey Stick - 2024,Bauer X Series Senior Hockey Stick - 2024,119.99,83.97,https://cdn.shopify.com/s/files/1/0020/1585/4658/files/bauer-hockey-sticks-bauer-x-series-senior-hockey-stick-p92-l-80-30535585792066.jpg?v=1768103563,Player Gear,Stick,Senior,Bauer,In Stock,https://www.thehockeyshop.com/collections/hockey-deals-clearance,https://www.thehockeyshop.com/products/bauer-x-series-senior-hockey-stick,2026-03-20,2026-04-03,30,
www.thehockeyshop.com-J0329,Bauer X Youth Hockey Shin Guards - (2021),Bauer X Youth Hockey Shin Guards - (2021),34.99,23.97,https://cdn.shopify.com/s/files/1/0020/1585/4658/products/shin-guards-bauer-x-youth-hockey-shin-guards-2021-1221742462.jpg?v=1773275891,Player Gear,Shin Guards,Youth,Bauer,In Stock,https://www.thehockeyshop.com/collections/hockey-deals-clearance,https://www.thehockeyshop.com/products/bauer-x-youth-hockey-shin-guards,2026-03-20,2026-04-03,31,
www.thehockeyshop.com-J0331,Blue Sports Compression Long Sleeve Junior Shirt,Blue Sports Compression Long Sleeve Junior Shirt,34.99,27.98,https://cdn.shopify.com/s/files/1/0020/1585/4658/products/shirts-blue-sports-compression-long-sleeve-junior-shirt-1221730707.jpg?v=1772910312,Accessories,Other,Junior,Blue Sports,In Stock,https://www.thehockeyshop.com/collections/hockey-deals-clearance,https://www.thehockeyshop.com/products/blue-sports-compression-longsleeve-junior-shirt,2026-03-20,2026-04-03,20,
www.thehockeyshop.com-J0332,Blue Sports Compression Longsleeve Junior Shirt - French Logo,Blue Sports Compression Longsleeve Junior Shirt - French Logo,34.99,19.95,https://cdn.shopify.com/s/files/1/0020/1585/4658/products/blue-sports-apparel-shirts-baselayer-junior-blue-sports-compression-longsleeve-junior-shirt-french-logo-30337303248962.jpg?v=1768095534,Accessories,Other,Junior,Blue Sports,In Stock,https://www.thehockeyshop.com/collections/hockey-deals-clearance,https://www.thehockeyshop.com/products/blue-sports-compression-longsleeve-junior-shirt-french-logo,2026-03-20,2026-04-03,43,
www.thehockeyshop.com-J0333,Blue Sports Compression Long Sleeve Senior Shirt,Blue Sports Compression Long Sleeve Senior Shirt,39.99,31.98,https://cdn.shopify.com/s/files/1/0020/1585/4658/products/shirts-blue-sports-compression-long-sleeve-senior-shirt-1221730722.jpg?v=1772910730,Accessories,Other,Senior,Blue Sports,In Stock,https://www.thehockeyshop.com/collections/hockey-deals-clearance,https://www.thehockeyshop.com/products/blue-sports-compression-longsleeve-senior-shirt,2026-03-20,2026-04-03,20,
www.thehockeyshop.com-J0334,Blue Sports Compression Longsleeve Senior Shirt - French Logo,Blue Sports Compression Longsleeve Senior Shirt - French Logo,39.99,19.95,https://cdn.shopify.com/s/files/1/0020/1585/4658/files/shirts-blue-sports-compression-longsleeve-senior-shirt-french-logo-1221726386.jpg?v=1772768290,Accessories,Other,Senior,Blue Sports,In Stock,https://www.thehockeyshop.com/collections/hockey-deals-clearance,https://www.thehockeyshop.com/products/blue-sports-compression-longsleeve-senior-shirt-french-logo,2026-03-20,2026-04-03,50,
www.thehockeyshop.com-J0335,Blue Sports Compression Long Sleeve Youth Shirt,Blue Sports Compression Long Sleeve Youth Shirt,29.99,23.98,https://cdn.shopify.com/s/files/1/0020/1585/4658/products/shirts-blue-sports-compression-long-sleeve-youth-shirt-1221730709.jpg?v=1772910399,Accessories,Other,Youth,Blue Sports,In Stock,https://www.thehockeyshop.com/collections/hockey-deals-clearance,https://www.thehockeyshop.com/products/blue-sports-compression-longsleeve-youth-shirt,2026-03-20,2026-04-03,20,
www.thehockeyshop.com-J0336,Blue Sports Compression Longsleeve Youth Shirt - French Logo,Blue Sports Compression Longsleeve Youth Shirt - French Logo,29.99,19.95,https://cdn.shopify.com/s/files/1/0020/1585/4658/products/shirts-blue-sports-compression-longsleeve-youth-shirt-french-logo-1221726380.jpg?v=1772768110,Accessories,Other,Youth,Blue Sports,In Stock,https://www.thehockeyshop.com/collections/hockey-deals-clearance,https://www.thehockeyshop.com/products/blue-sports-compression-longsleeve-youth-shirt-french-logo,2026-03-20,2026-04-03,33,
www.thehockeyshop.com-J0337,Brian's OPTiK Senior Knee Pads,Brian's OPTiK Senior Knee Pads,169.99,118.97,https://cdn.shopify.com/s/files/1/0020/1585/4658/products/knee-pads-brian-s-optik-senior-knee-pads-1221766493.jpg?v=1774004618,Accessories,Other,Senior,Brian's,In Stock,https://www.thehockeyshop.com/collections/hockey-deals-clearance,https://www.thehockeyshop.com/products/brian-s-optik-senior-knee-pads,2026-03-20,2026-04-03,30,
www.thehockeyshop.com-J0338,Brian's ICONIK Senior Goalie Leg Pads,Brian's ICONIK Senior Goalie Leg Pads,2399.99,1439.95,https://cdn.shopify.com/s/files/1/0020/1585/4658/files/leg-pads-brian-s-iconik-senior-goalie-leg-pads-1221797352.jpg?v=1772453918,Goalie Gear,Leg Pads,Senior,Brian's,In Stock,https://www.thehockeyshop.com/collections/hockey-deals-clearance,https://www.thehockeyshop.com/products/brians-iconic-senior-goalie-leg-pads,2026-03-20,2026-04-03,40,
www.thehockeyshop.com-J0339,Brian's ICONIK X Intermediate Goalie Blocker,Brian's ICONIK X Intermediate Goalie Blocker,329.99,230.97,https://cdn.shopify.com/s/files/1/0020/1585/4658/files/blockers-brian-s-iconik-x-intermediate-goalie-blocker-1221796027.jpg?v=1772404900,Goalie Gear,Blocker,Intermediate,Brian's,In Stock,https://www.thehockeyshop.com/collections/hockey-deals-clearance,https://www.thehockeyshop.com/products/brians-iconik-x-intermediate-goalie-blocker,2026-03-20,2026-04-03,30,
www.thehockeyshop.com-J0340,Brian's ICONIK X Intermediate Goalie Leg Pads,Brian's ICONIK X Intermediate Goalie Leg Pads,999.99,699.97,https://cdn.shopify.com/s/files/1/0020/1585/4658/files/leg-pads-brian-s-iconik-x-intermediate-goalie-leg-pads-1221796170.jpg?v=1772399917,Goalie Gear,Leg Pads,Intermediate,Brian's,In Stock,https://www.thehockeyshop.com/collections/hockey-deals-clearance,https://www.thehockeyshop.com/products/brians-iconik-x-intermediate-goalie-leg-pads,2026-03-20,2026-04-03,30,
www.thehockeyshop.com-J0341,Brian's ICONIK X Junior Goalie Blocker,Brian's ICONIK X Junior Goalie Blocker,249.99,174.97,https://cdn.shopify.com/s/files/1/0020/1585/4658/files/blockers-brian-s-iconik-x-junior-goalie-blocker-1221796011.jpg?v=1772404417,Goalie Gear,Blocker,Junior,Brian's,In Stock,https://www.thehockeyshop.com/collections/hockey-deals-clearance,https://www.thehockeyshop.com/products/brians-iconik-x-junior-goalie-blocker,2026-03-20,2026-04-03,30,
www.thehockeyshop.com-J0342,Brian's ICONIK X Junior Goalie Catcher,Brian's ICONIK X Junior Goalie Catcher,299.99,209.97,https://cdn.shopify.com/s/files/1/0020/1585/4658/files/catchers-brian-s-iconik-x-junior-goalie-catcher-1221795968.jpg?v=1772394518,Goalie Gear,Catcher Glove,Junior,Brian's,In Stock,https://www.thehockeyshop.com/collections/hockey-deals-clearance,https://www.thehockeyshop.com/products/brians-iconik-x-junior-goalie-catcher,2026-03-20,2026-04-03,30,
www.thehockeyshop.com-J0343,Brian's ICONIK X Junior Goalie Leg Pads,Brian's ICONIK X Junior Goalie Leg Pads,749.99,524.97,https://cdn.shopify.com/s/files/1/0020/1585/4658/files/leg-pads-brian-s-iconik-x-junior-goalie-leg-pads-1221796152.jpg?v=1772398118,Goalie Gear,Leg Pads,Junior,Brian's,In Stock,https://www.thehockeyshop.com/collections/hockey-deals-clearance,https://www.thehockeyshop.com/products/brians-iconik-x-junior-goalie-leg-pads,2026-03-20,2026-04-03,30,
www.thehockeyshop.com-J0344,Brian's ICONIK X Senior Goalie Catcher,Brian's ICONIK X Senior Goalie Catcher,479.99,335.98,https://cdn.shopify.com/s/files/1/0020/1585/4658/files/catchers-brian-s-iconik-x-senior-goalie-catcher-1221795994.jpg?v=1772395299,Goalie Gear,Catcher Glove,Senior,Brian's,In Stock,https://www.thehockeyshop.com/collections/hockey-deals-clearance,https://www.thehockeyshop.com/products/brians-iconik-x-senior-goalie-catcher,2026-03-20,2026-04-03,30,
www.thehockeyshop.com-J0345,Brian's ICONIK X Senior Goalie Leg Pads,Brian's ICONIK X Senior Goalie Leg Pads,1299.99,909.97,https://cdn.shopify.com/s/files/1/0020/1585/4658/files/leg-pads-brian-s-iconik-x-senior-goalie-leg-pads-1221796133.jpg?v=1772397519,Goalie Gear,Leg Pads,Senior,Brian's,In Stock,https://www.thehockeyshop.com/collections/hockey-deals-clearance,https://www.thehockeyshop.com/products/brians-iconik-x-senior-goalie-leg-pads,2026-03-20,2026-04-03,30,
www.thehockeyshop.com-J0346,Brian's OPTiK X3 Intermediate Goalie Blocker,Brian's OPTiK X3 Intermediate Goalie Blocker,319.99,159.90,https://cdn.shopify.com/s/files/1/0020/1585/4658/files/blockers-brian-s-optik-x3-intermediate-goalie-blocker-1221722041.jpg?v=1772660531,Goalie Gear,Blocker,Intermediate,Brian's,Unknown,https://www.thehockeyshop.com/collections/hockey-deals-clearance,https://www.thehockeyshop.com/products/brians-optik-x3-intermediate-goalie-blocker,2026-03-20,2026-04-03,50,
www.thehockeyshop.com-J0347,Brian's OPTiK X3 Intermediate Goalie Leg Pads,Brian's OPTiK X3 Intermediate Goalie Leg Pads,979.99,489.90,https://cdn.shopify.com/s/files/1/0020/1585/4658/files/leg-pads-brian-s-optik-x3-intermediate-goalie-leg-pads-1221722119.jpg?v=1772662871,Goalie Gear,Leg Pads,Intermediate,Brian's,Unknown,https://www.thehockeyshop.com/collections/hockey-deals-clearance,https://www.thehockeyshop.com/products/brians-optik-x3-intermediate-goalie-leg-pads,2026-03-20,2026-04-03,50,
www.thehockeyshop.com-J0348,Brian's OPTiK X3 Senior Goalie Blocker,Brian's OPTiK X3 Senior Goalie Blocker,369.99,184.90,https://cdn.shopify.com/s/files/1/0020/1585/4658/files/blockers-brian-s-optik-x3-senior-goalie-blocker-1221722059.jpg?v=1772661070,Goalie Gear,Blocker,Senior,Brian's,In Stock,https://www.thehockeyshop.com/collections/hockey-deals-clearance,https://www.thehockeyshop.com/products/brians-optik-x3-senior-goalie-blocker,2026-03-20,2026-04-03,50,
www.thehockeyshop.com-J0349,Calgary Flames Major League Socks,Calgary Flames Major League Socks,21.99,5.00,https://cdn.shopify.com/s/files/1/0020/1585/4658/products/socks-calgary-flames-major-league-socks-1221756098.jpg?v=1773694270,Accessories,Socks,,Major League Socks,In Stock,https://www.thehockeyshop.com/collections/hockey-deals-clearance,https://www.thehockeyshop.com/products/calgary-flames-major-league-socks,2026-03-20,2026-04-03,77,
www.thehockeyshop.com-J0350,Captodor After Sport Body Wipes,Captodor After Sport Body Wipes,9.99,5.99,https://cdn.shopify.com/s/files/1/0020/1585/4658/files/soap-sanitizers-captodor-after-sport-body-wipes-1221727412.png?v=1772809057,Accessories,Other,,Captodor,In Stock,https://www.thehockeyshop.com/collections/hockey-deals-clearance,https://www.thehockeyshop.com/products/captodor-after-sport-body-wipes,2026-03-20,2026-04-03,40,
www.thehockeyshop.com-J0351,CCM 1.5 Junior Knee & Thigh Pads,CCM 1.5 Junior Knee & Thigh Pads,79.99,63.98,https://cdn.shopify.com/s/files/1/0020/1585/4658/products/knee-pads-ccm-1-5-junior-knee-thigh-pads-1221762305.jpg?v=1773882339,Accessories,Other,Junior,CCM,In Stock,https://www.thehockeyshop.com/collections/hockey-deals-clearance,https://www.thehockeyshop.com/products/ccm-1-5-junior-knee-thigh-pads,2026-03-20,2026-04-03,20,
www.thehockeyshop.com-J0352,CCM 1.5 Senior Knee & Thigh Pads,CCM 1.5 Senior Knee & Thigh Pads,89.99,71.98,https://cdn.shopify.com/s/files/1/0020/1585/4658/products/ccm-knee-pads-ccm-1-5-senior-knee-thigh-pads-sr-28744293056578.jpg?v=1768026256,Accessories,Other,Senior,CCM,In Stock,https://www.thehockeyshop.com/collections/hockey-deals-clearance,https://www.thehockeyshop.com/products/ccm-1-5-senior-knee-thigh-pads,2026-03-20,2026-04-03,20,
www.thehockeyshop.com-J0353,CCM 1.5 Youth Knee & Thigh Pads,CCM 1.5 Youth Knee & Thigh Pads,59.99,47.98,https://cdn.shopify.com/s/files/1/0020/1585/4658/files/ccm-knee-pads-ccm-1-5-youth-knee-thigh-pads-yth-30335830392898.jpg?v=1768004981,Accessories,Other,Youth,CCM,In Stock,https://www.thehockeyshop.com/collections/hockey-deals-clearance,https://www.thehockeyshop.com/products/ccm-1-5-youth-knee-pads,2026-03-20,2026-04-03,20,
www.thehockeyshop.com-J0354,CCM 1.9 Intermediate Goalie Jock,CCM 1.9 Intermediate Goalie Jock,59.99,47.98,https://cdn.shopify.com/s/files/1/0020/1585/4658/products/ccm-goalie-jocks-ccm-1-9-intermediate-goalie-jock-black-int-28756506247234.jpg?v=1768026182,Accessories,Other,Intermediate,CCM,In Stock,https://www.thehockeyshop.com/collections/hockey-deals-clearance,https://www.thehockeyshop.com/products/ccm-19-intermediate-goalie-jock,2026-03-20,2026-04-03,20,
www.thehockeyshop.com-J0355,CCM 1.9 Junior Goalie Jock,CCM 1.9 Junior Goalie Jock,49.99,39.98,https://cdn.shopify.com/s/files/1/0020/1585/4658/products/ccm-goalie-jocks-ccm-1-9-junior-goalie-jock-black-jr-28756506607682.jpg?v=1768026189,Accessories,Other,Junior,CCM,In Stock,https://www.thehockeyshop.com/collections/hockey-deals-clearance,https://www.thehockeyshop.com/products/ccm-19-junior-goalie-jock,2026-03-20,2026-04-03,20,
www.thehockeyshop.com-J0356,CCM 1.9 Senior Goalie Jock,CCM 1.9 Senior Goalie Jock,69.99,55.98,https://cdn.shopify.com/s/files/1/0020/1585/4658/products/ccm-goalie-jocks-ccm-1-9-senior-goalie-jock-black-sr-28743878770754.jpg?v=1768021424,Accessories,Other,Senior,CCM,In Stock,https://www.thehockeyshop.com/collections/hockey-deals-clearance,https://www.thehockeyshop.com/products/ccm-19-sr-goal-jock,2026-03-20,2026-04-03,20,
www.thehockeyshop.com-J0357,CCM 480 Elite Senior Wheel Hockey Bag,CCM 480 Elite Senior Wheel Hockey Bag,209.99,146.97,https://cdn.shopify.com/s/files/1/0020/1585/4658/files/wheeled-hockey-bags-ccm-480-elite-senior-wheel-hockey-bag-1221721597.png?v=1772657170,Accessories,Other,Senior,CCM,In Stock,https://www.thehockeyshop.com/collections/hockey-deals-clearance,https://www.thehockeyshop.com/products/ccm-480-elite-senior-wheel-hockey-bag,2026-03-20,2026-04-03,30,
www.thehockeyshop.com-J0358,CCM All Outside Shortsleeve Mens Shirt,CCM All Outside Shortsleeve Mens Shirt,39.99,19.95,https://cdn.shopify.com/s/files/1/0020/1585/4658/files/shirts-ccm-all-outside-shortsleeve-mens-shirt-1221797027.jpg?v=1772427490,Accessories,Other,,CCM,In Stock,https://www.thehockeyshop.com/collections/hockey-deals-clearance,https://www.thehockeyshop.com/products/ccm-all-outside-shortsleeve-mens-shirt,2026-03-20,2026-04-03,50,
www.thehockeyshop.com-J0360,CCM Axis 2.9 Intermediate Goalie Catcher,CCM Axis 2.9 Intermediate Goalie Catcher,349.99,105.00,https://cdn.shopify.com/s/files/1/0020/1585/4658/products/catchers-ccm-axis-2-9-intermediate-goalie-catcher-1221734766.jpg?v=1773034718,Goalie Gear,Catcher Glove,Intermediate,CCM,In Stock,https://www.thehockeyshop.com/collections/hockey-deals-clearance,https://www.thehockeyshop.com/products/ccm-axis-2-9-intermediate-goalie-catcher,2026-03-20,2026-04-03,70,
www.thehockeyshop.com-J0361,CCM Axis 2 Pro Stock Chest & Arm Protector,CCM Axis 2 Pro Stock Chest & Arm Protector,899.99,499.95,https://cdn.shopify.com/s/files/1/0020/1585/4658/files/ccm-chest-protectors-ccm-axis-2-pro-stock-chest-arm-protector-1209292345.jpg?v=1768186102,Accessories,Chest & Arm Protector,,CCM,In Stock,https://www.thehockeyshop.com/collections/hockey-deals-clearance,https://www.thehockeyshop.com/products/ccm-axis-2-pro-stock-chest-arm-protector,2026-03-20,2026-04-03,44,
www.thehockeyshop.com-J0362,CCM Axis 2 Senior Goalie Blocker,CCM Axis 2 Senior Goalie Blocker,549.99,249.95,https://cdn.shopify.com/s/files/1/0020/1585/4658/products/blockers-ccm-axis-2-senior-goalie-blocker-1221734669.jpg?v=1773032257,Goalie Gear,Blocker,Senior,CCM,In Stock,https://www.thehockeyshop.com/collections/hockey-deals-clearance,https://www.thehockeyshop.com/products/ccm-axis-2-senior-goalie-blocker,2026-03-20,2026-04-03,55,
www.thehockeyshop.com-J0363,CCM Axis 2 Senior Goalie Blocker - Jet Greaves,CCM Axis 2 Senior Goalie Blocker - Jet Greaves,629.99,399.95,https://cdn.shopify.com/s/files/1/0020/1585/4658/files/blockers-ccm-axis-2-senior-goalie-blocker-jet-greaves-1221773930.jpg?v=1771690957,Goalie Gear,Blocker,Senior,CCM,In Stock,https://www.thehockeyshop.com/collections/hockey-deals-clearance,https://www.thehockeyshop.com/products/ccm-axis-2-senior-goalie-blocker-jet-greaves,2026-03-20,2026-04-03,37,
www.thehockeyshop.com-J0364,CCM Axis XF70 Junior Goalie Stick,CCM Axis XF70 Junior Goalie Stick,139.99,111.98,https://cdn.shopify.com/s/files/1/0020/1585/4658/files/goalie-sticks-ccm-axis-xf70-junior-goalie-stick-1221793148.jpg?v=1772309470,Goalie Gear,Goalie Stick,Junior,CCM,In Stock,https://www.thehockeyshop.com/collections/hockey-deals-clearance,https://www.thehockeyshop.com/products/ccm-axis-xf70-junior-goalie-stick,2026-03-20,2026-04-03,20,
www.thehockeyshop.com-J0365,CCM Axis XF70 Senior Goalie Stick,CCM Axis XF70 Senior Goalie Stick,169.99,135.98,https://cdn.shopify.com/s/files/1/0020/1585/4658/files/goalie-sticks-ccm-axis-xf70-senior-goalie-stick-1221793108.jpg?v=1772299178,Goalie Gear,Goalie Stick,Senior,CCM,In Stock,https://www.thehockeyshop.com/collections/hockey-deals-clearance,https://www.thehockeyshop.com/products/ccm-axis-xf70-senior-goalie-stick,2026-03-20,2026-04-03,20,
www.thehockeyshop.com-J0366,CCM Bamboo Hockey Skate Socks,CCM Bamboo Hockey Skate Socks,19.99,11.95,https://cdn.shopify.com/s/files/1/0020/1585/4658/files/socks-ccm-bamboo-hockey-skate-socks-1221727432.jpg?v=1772809510,Player Gear,Skates,,CCM,In Stock,https://www.thehockeyshop.com/collections/hockey-deals-clearance,https://www.thehockeyshop.com/products/ccm-bamboo-hockey-skate-socks,2026-03-20,2026-04-03,40,
www.thehockeyshop.com-J0367,CCM Extreme Flex 5 Pro Stock Senior Goalie Stick - Ben Kraws,CCM Extreme Flex 5 Pro Stock Senior Goalie Stick - Ben Kraws,399.99,199.95,https://cdn.shopify.com/s/files/1/0020/1585/4658/files/goalie-sticks-ccm-extreme-flex-5-pro-stock-senior-goalie-stick-ben-kraws-1221771649.jpg?v=1771622051,Goalie Gear,Goalie Stick,Senior,CCM,In Stock,https://www.thehockeyshop.com/collections/hockey-deals-clearance,https://www.thehockeyshop.com/products/ccm-extreme-flex-5-pro-stock-senior-goalie-stick-ben-kraws,2026-03-20,2026-04-03,50,
www.thehockeyshop.com-J0368,CCM Extreme Flex 5 Pro Stock Senior Goalie Stick - Dennis Hildeby,CCM Extreme Flex 5 Pro Stock Senior Goalie Stick - Dennis Hildeby,399.99,199.95,https://cdn.shopify.com/s/files/1/0020/1585/4658/files/goalie-sticks-ccm-extreme-flex-5-pro-stock-senior-goalie-stick-dennis-hildeby-1221771472.jpg?v=1771611102,Goalie Gear,Goalie Stick,Senior,CCM,In Stock,https://www.thehockeyshop.com/collections/hockey-deals-clearance,https://www.thehockeyshop.com/products/ccm-extreme-flex-5-pro-stock-senior-goalie-stick-dennis-hildeby,2026-03-20,2026-04-03,50,
www.thehockeyshop.com-J0369,CCM Extreme Flex 5 Pro Stock Senior Goalie Stick - Sergei Bobrovsky #1,CCM Extreme Flex 5 Pro Stock Senior Goalie Stick - Sergei Bobrovsky #1,399.99,199.95,https://cdn.shopify.com/s/files/1/0020/1585/4658/files/goalie-sticks-ccm-extreme-flex-5-pro-stock-senior-goalie-stick-sergei-bobrovsky-1-1221771356.jpg?v=1771607138,Goalie Gear,Goalie Stick,Senior,CCM,Unknown,https://www.thehockeyshop.com/collections/hockey-deals-clearance,https://www.thehockeyshop.com/products/ccm-extreme-flex-5-pro-stock-senior-goalie-stick-sergei-bobrovsky-1,2026-03-20,2026-04-03,50,
www.thehockeyshop.com-J0370,CCM Extreme Flex 5 Pro Stock Senior Goalie Stick - Vadim Zherenko,CCM Extreme Flex 5 Pro Stock Senior Goalie Stick - Vadim Zherenko,399.99,199.95,https://cdn.shopify.com/s/files/1/0020/1585/4658/files/goalie-sticks-ccm-extreme-flex-5-pro-stock-senior-goalie-stick-vadim-zherenko-1221771408.jpg?v=1771609418,Goalie Gear,Goalie Stick,Senior,CCM,In Stock,https://www.thehockeyshop.com/collections/hockey-deals-clearance,https://www.thehockeyshop.com/products/ccm-extreme-flex-5-pro-stock-senior-goalie-stick-vadim-zherenko,2026-03-20,2026-04-03,50,
www.thehockeyshop.com-J0371,CCM Extreme Flex 5 Senior Goalie Blocker - All Out Pro Stock,CCM Extreme Flex 5 Senior Goalie Blocker - All Out Pro Stock,629.99,399.95,https://cdn.shopify.com/s/files/1/0020/1585/4658/files/blockers-ccm-extreme-flex-5-senior-goalie-blocker-all-out-pro-stock-1221773963.jpg?v=1771691923,Goalie Gear,Blocker,Senior,CCM,In Stock,https://www.thehockeyshop.com/collections/hockey-deals-clearance,https://www.thehockeyshop.com/products/ccm-extreme-flex-5-senior-goalie-blocker-all-out-pro-stock,2026-03-20,2026-04-03,37,
www.thehockeyshop.com-J0372,CCM Extreme Flex 5 Senior Goalie Blocker - Dustin Wolf #1,CCM Extreme Flex 5 Senior Goalie Blocker - Dustin Wolf #1,629.99,399.95,https://cdn.shopify.com/s/files/1/0020/1585/4658/files/blockers-ccm-extreme-flex-5-senior-goalie-blocker-dustin-wolf-1-1221773983.jpg?v=1771692551,Goalie Gear,Blocker,Senior,CCM,In Stock,https://www.thehockeyshop.com/collections/hockey-deals-clearance,https://www.thehockeyshop.com/products/ccm-extreme-flex-5-senior-goalie-blocker-dustin-wolf-1,2026-03-20,2026-04-03,37,
www.thehockeyshop.com-J0373,CCM Extreme Flex 5 Senior Goalie Blocker - Jacob Markstrom,CCM Extreme Flex 5 Senior Goalie Blocker - Jacob Markstrom,629.99,399.95,https://cdn.shopify.com/s/files/1/0020/1585/4658/files/blockers-ccm-extreme-flex-5-senior-goalie-blocker-jacob-markstrom-1221773943.jpg?v=1771691469,Goalie Gear,Blocker,Senior,CCM,In Stock,https://www.thehockeyshop.com/collections/hockey-deals-clearance,https://www.thehockeyshop.com/products/ccm-extreme-flex-5-senior-goalie-blocker-jacob-markstrom,2026-03-20,2026-04-03,37,
www.thehockeyshop.com-J0374,CCM Extreme Flex 5 Senior Goalie Blocker - Juuse Saros,CCM Extreme Flex 5 Senior Goalie Blocker - Juuse Saros,629.99,399.95,https://cdn.shopify.com/s/files/1/0020/1585/4658/files/blockers-ccm-extreme-flex-5-senior-goalie-blocker-juuse-saros-1221774015.jpg?v=1771693484,Goalie Gear,Blocker,Senior,CCM,In Stock,https://www.thehockeyshop.com/collections/hockey-deals-clearance,https://www.thehockeyshop.com/products/ccm-extreme-flex-5-senior-goalie-blocker-juuse-saros,2026-03-20,2026-04-03,37,
www.thehockeyshop.com-J0375,CCM Extreme Flex 5 Senior Goalie Blocker - Thatcher Demko,CCM Extreme Flex 5 Senior Goalie Blocker - Thatcher Demko,629.99,399.95,https://cdn.shopify.com/s/files/1/0020/1585/4658/files/blockers-ccm-extreme-flex-5-senior-goalie-blocker-thatcher-demko-1221774031.jpg?v=1771694258,Goalie Gear,Blocker,Senior,CCM,In Stock,https://www.thehockeyshop.com/collections/hockey-deals-clearance,https://www.thehockeyshop.com/products/ccm-extreme-flex-5-senior-goalie-blocker-thatcher-demko,2026-03-20,2026-04-03,37,
www.thehockeyshop.com-J0376,CCM Extreme Flex 5 Senior Goalie Catcher - All Out Pro Stock,CCM Extreme Flex 5 Senior Goalie Catcher - All Out Pro Stock,799.99,499.95,https://cdn.shopify.com/s/files/1/0020/1585/4658/files/catchers-ccm-extreme-flex-5-senior-goalie-catcher-all-out-pro-stock-1221773926.jpg?v=1771690989,Goalie Gear,Catcher Glove,Senior,CCM,In Stock,https://www.thehockeyshop.com/collections/hockey-deals-clearance,https://www.thehockeyshop.com/products/ccm-extreme-flex-5-senior-goalie-catcher-all-out-pro-stock,2026-03-20,2026-04-03,38,
www.thehockeyshop.com-J0377,CCM Extreme Flex 5 Senior Goalie Catcher - Jacob Markstrom,CCM Extreme Flex 5 Senior Goalie Catcher - Jacob Markstrom,799.99,499.95,https://cdn.shopify.com/s/files/1/0020/1585/4658/files/catchers-ccm-extreme-flex-5-senior-goalie-catcher-jacob-markstrom-1221774039.jpg?v=1771694205,Goalie Gear,Catcher Glove,Senior,CCM,In Stock,https://www.thehockeyshop.com/collections/hockey-deals-clearance,https://www.thehockeyshop.com/products/ccm-extreme-flex-5-senior-goalie-catcher-jacob-markstrom,2026-03-20,2026-04-03,38,
www.thehockeyshop.com-J0378,CCM Extreme Flex 5 Senior Goalie Leg Pads - David Rittich,CCM Extreme Flex 5 Senior Goalie Leg Pads - David Rittich,2699.99,1499.95,https://cdn.shopify.com/s/files/1/0020/1585/4658/files/leg-pads-ccm-extreme-flex-5-senior-goalie-leg-pads-david-rittich-1221773909.jpg?v=1771676618,Goalie Gear,Leg Pads,Senior,CCM,In Stock,https://www.thehockeyshop.com/collections/hockey-deals-clearance,https://www.thehockeyshop.com/products/ccm-extreme-flex-5-senior-goalie-leg-pads-david-rittich,2026-03-20,2026-04-03,44,
www.thehockeyshop.com-J0379,CCM Extreme Flex 5 Senior Goalie Leg Pads - Jacob Markstrom,CCM Extreme Flex 5 Senior Goalie Leg Pads - Jacob Markstrom,2699.99,1999.95,https://cdn.shopify.com/s/files/1/0020/1585/4658/files/leg-pads-ccm-extreme-flex-5-senior-goalie-leg-pads-jacob-markstrom-1221773904.jpg?v=1771676439,Goalie Gear,Leg Pads,Senior,CCM,In Stock,https://www.thehockeyshop.com/collections/hockey-deals-clearance,https://www.thehockeyshop.com/products/ccm-extreme-flex-5-senior-goalie-leg-pads-jacob-markstrom,2026-03-20,2026-04-03,26,
www.thehockeyshop.com-J0380,CCM Extreme Flex 5 Senior Goalie Leg Pads - Thatcher Demko,CCM Extreme Flex 5 Senior Goalie Leg Pads - Thatcher Demko,2699.99,1499.95,https://cdn.shopify.com/s/files/1/0020/1585/4658/files/leg-pads-ccm-extreme-flex-5-senior-goalie-leg-pads-thatcher-demko-1221773999.jpg?v=1771693029,Goalie Gear,Leg Pads,Senior,CCM,In Stock,https://www.thehockeyshop.com/collections/hockey-deals-clearance,https://www.thehockeyshop.com/products/ccm-extreme-flex-5-senior-goalie-leg-pads-thatcher-demko,2026-03-20,2026-04-03,44,
www.thehockeyshop.com-J0381,CCM Extreme Flex 6 All Out Pro Senior Goalie Leg Pads,CCM Extreme Flex 6 All Out Pro Senior Goalie Leg Pads,2549.99,1199.95,https://cdn.shopify.com/s/files/1/0020/1585/4658/files/ccm-extreme-flex-6-goalie-pads-pro-stock-all-out-koho-vintage-main-8232.jpg?v=1772838407,Goalie Gear,Leg Pads,Senior,CCM,In Stock,https://www.thehockeyshop.com/collections/hockey-deals-clearance,https://www.thehockeyshop.com/products/ccm-extreme-flex-6-all-out-pro-senior-goalie-leg-pads,2026-03-20,2026-04-03,53,
www.thehockeyshop.com-J0382,CCM Extreme Flex 6 Senior Goalie Blocker,CCM Extreme Flex 6 Senior Goalie Blocker,549.99,274.90,https://cdn.shopify.com/s/files/1/0020/1585/4658/files/blockers-ccm-extreme-flex-6-senior-goalie-blocker-1221725982.jpg?v=1772765438,Goalie Gear,Blocker,Senior,CCM,In Stock,https://www.thehockeyshop.com/collections/hockey-deals-clearance,https://www.thehockeyshop.com/products/ccm-extreme-flex-6-senior-goalie-blocker,2026-03-20,2026-04-03,50,
www.thehockeyshop.com-J0383,CCM Extreme Flex 6 Senior Goalie Blocker - Arturs Silovs,CCM Extreme Flex 6 Senior Goalie Blocker - Arturs Silovs,629.99,399.95,https://cdn.shopify.com/s/files/1/0020/1585/4658/files/blockers-ccm-extreme-flex-6-senior-goalie-blocker-arturs-silovs-1221773951.jpg?v=1771691617,Goalie Gear,Blocker,Senior,CCM,In Stock,https://www.thehockeyshop.com/collections/hockey-deals-clearance,https://www.thehockeyshop.com/products/ccm-extreme-flex-6-senior-goalie-blocker-arturs-silovs,2026-03-20,2026-04-03,37,
www.thehockeyshop.com-J0384,CCM Extreme Flex 6 Senior Goalie Blocker - Beni Halasz,CCM Extreme Flex 6 Senior Goalie Blocker - Beni Halasz,629.99,399.95,https://cdn.shopify.com/s/files/1/0020/1585/4658/files/blockers-ccm-extreme-flex-6-senior-goalie-blocker-beni-halasz-1221773922.jpg?v=1771676979,Goalie Gear,Blocker,Senior,CCM,In Stock,https://www.thehockeyshop.com/collections/hockey-deals-clearance,https://www.thehockeyshop.com/products/ccm-extreme-flex-6-senior-goalie-blocker-beni-halasz,2026-03-20,2026-04-03,37,
www.thehockeyshop.com-J0385,CCM Extreme Flex 6 Senior Goalie Blocker - David Rittich #1,CCM Extreme Flex 6 Senior Goalie Blocker - David Rittich #1,629.99,399.95,https://cdn.shopify.com/s/files/1/0020/1585/4658/files/blockers-ccm-extreme-flex-6-senior-goalie-blocker-david-rittich-1-1221774023.jpg?v=1771693722,Goalie Gear,Blocker,Senior,CCM,In Stock,https://www.thehockeyshop.com/collections/hockey-deals-clearance,https://www.thehockeyshop.com/products/ccm-extreme-flex-6-senior-goalie-blocker-david-rittich-1,2026-03-20,2026-04-03,37,
www.thehockeyshop.com-J0386,CCM Extreme Flex 6 Senior Goalie Blocker - David Rittich #3,CCM Extreme Flex 6 Senior Goalie Blocker - David Rittich #3,629.99,399.95,https://cdn.shopify.com/s/files/1/0020/1585/4658/files/blockers-ccm-extreme-flex-6-senior-goalie-blocker-david-rittich-3-1221774043.jpg?v=1771694351,Goalie Gear,Blocker,Senior,CCM,In Stock,https://www.thehockeyshop.com/collections/hockey-deals-clearance,https://www.thehockeyshop.com/products/ccm-extreme-flex-6-senior-goalie-blocker-david-rittich-3,2026-03-20,2026-04-03,37,
www.thehockeyshop.com-J0387,CCM Extreme Flex 6 Senior Goalie Blocker - Jacob Markstrom,CCM Extreme Flex 6 Senior Goalie Blocker - Jacob Markstrom,629.99,399.95,https://cdn.shopify.com/s/files/1/0020/1585/4658/files/blockers-ccm-extreme-flex-6-senior-goalie-blocker-jacob-markstrom-1221774047.jpg?v=1771694442,Goalie Gear,Blocker,Senior,CCM,In Stock,https://www.thehockeyshop.com/collections/hockey-deals-clearance,https://www.thehockeyshop.com/products/ccm-extreme-flex-6-senior-goalie-blocker-jacob-markstrom,2026-03-20,2026-04-03,37,
www.thehockeyshop.com-J0388,CCM Extreme Flex 6 Senior Goalie Blocker - Jacob Markstrom #2,CCM Extreme Flex 6 Senior Goalie Blocker - Jacob Markstrom #2,629.99,399.95,https://cdn.shopify.com/s/files/1/0020/1585/4658/files/blockers-ccm-extreme-flex-6-senior-goalie-blocker-jacob-markstrom-2-1221774003.jpg?v=1771693150,Goalie Gear,Blocker,Senior,CCM,In Stock,https://www.thehockeyshop.com/collections/hockey-deals-clearance,https://www.thehockeyshop.com/products/ccm-extreme-flex-6-senior-goalie-blocker-jacob-markstrom-2,2026-03-20,2026-04-03,37,
www.thehockeyshop.com-J0389,CCM Extreme Flex 6 Senior Goalie Blocker - Ryan Bednard,CCM Extreme Flex 6 Senior Goalie Blocker - Ryan Bednard,629.99,399.95,https://cdn.shopify.com/s/files/1/0020/1585/4658/files/blockers-ccm-extreme-flex-6-senior-goalie-blocker-ryan-bednard-1221773959.jpg?v=1771691979,Goalie Gear,Blocker,Senior,CCM,In Stock,https://www.thehockeyshop.com/collections/hockey-deals-clearance,https://www.thehockeyshop.com/products/ccm-extreme-flex-6-senior-goalie-blocker-ryan-bednard,2026-03-20,2026-04-03,37,
www.thehockeyshop.com-J0390,CCM Extreme Flex 6 Senior Goalie Blocker - Thatcher Demko,CCM Extreme Flex 6 Senior Goalie Blocker - Thatcher Demko,629.99,399.95,https://cdn.shopify.com/s/files/1/0020/1585/4658/files/blockers-ccm-extreme-flex-6-senior-goalie-blocker-thatcher-demko-1221774027.jpg?v=1771727291,Goalie Gear,Blocker,Senior,CCM,In Stock,https://www.thehockeyshop.com/collections/hockey-deals-clearance,https://www.thehockeyshop.com/products/ccm-extreme-flex-6-senior-goalie-blocker-thatcher-demko,2026-03-20,2026-04-03,37,
www.thehockeyshop.com-J0391,CCM Extreme Flex 6 Senior Goalie Catcher - 581 Degree,CCM Extreme Flex 6 Senior Goalie Catcher - 581 Degree,679.99,339.90,https://cdn.shopify.com/s/files/1/0020/1585/4658/files/catchers-ccm-extreme-flex-6-senior-goalie-catcher-581-degree-1221799033.jpg?v=1772490399,Goalie Gear,Catcher Glove,Senior,CCM,Unknown,https://www.thehockeyshop.com/collections/hockey-deals-clearance,https://www.thehockeyshop.com/products/ccm-extreme-flex-6-senior-goalie-catcher-581,2026-03-20,2026-04-03,50,
www.thehockeyshop.com-J0392,CCM Extreme Flex 6 Senior Goalie Catcher - Arturs Silovs,CCM Extreme Flex 6 Senior Goalie Catcher - Arturs Silovs,799.99,499.95,https://cdn.shopify.com/s/files/1/0020/1585/4658/files/catchers-ccm-extreme-flex-6-senior-goalie-catcher-arturs-silovs-1221773971.jpg?v=1771692218,Goalie Gear,Catcher Glove,Senior,CCM,In Stock,https://www.thehockeyshop.com/collections/hockey-deals-clearance,https://www.thehockeyshop.com/products/ccm-extreme-flex-6-senior-goalie-catcher-arturs-silovs,2026-03-20,2026-04-03,38,
www.thehockeyshop.com-J0393,CCM Extreme Flex 6 Senior Goalie Catcher - David Rittich #2,CCM Extreme Flex 6 Senior Goalie Catcher - David Rittich #2,799.99,499.95,https://cdn.shopify.com/s/files/1/0020/1585/4658/files/catchers-ccm-extreme-flex-6-senior-goalie-catcher-david-rittich-2-1221774019.jpg?v=1771693603,Goalie Gear,Catcher Glove,Senior,CCM,In Stock,https://www.thehockeyshop.com/collections/hockey-deals-clearance,https://www.thehockeyshop.com/products/ccm-extreme-flex-6-senior-goalie-catcher-david-rittich-2,2026-03-20,2026-04-03,38,
www.thehockeyshop.com-J0394,CCM Extreme Flex 6 Senior Goalie Catcher - Dylan Ferguson,CCM Extreme Flex 6 Senior Goalie Catcher - Dylan Ferguson,799.99,499.95,https://cdn.shopify.com/s/files/1/0020/1585/4658/files/catchers-ccm-extreme-flex-6-senior-goalie-catcher-dylan-ferguson-1221773987.jpg?v=1771692757,Goalie Gear,Catcher Glove,Senior,CCM,In Stock,https://www.thehockeyshop.com/collections/hockey-deals-clearance,https://www.thehockeyshop.com/products/ccm-extreme-flex-6-senior-goalie-catcher-dylan-ferguson,2026-03-20,2026-04-03,38,
www.thehockeyshop.com-J0395,CCM Extreme Flex 6 Senior Goalie Catcher - Jacob Markstrom,CCM Extreme Flex 6 Senior Goalie Catcher - Jacob Markstrom,799.99,499.95,https://cdn.shopify.com/s/files/1/0020/1585/4658/files/catchers-ccm-extreme-flex-6-senior-goalie-catcher-jacob-markstrom-1221773934.jpg?v=1771691231,Goalie Gear,Catcher Glove,Senior,CCM,In Stock,https://www.thehockeyshop.com/collections/hockey-deals-clearance,https://www.thehockeyshop.com/products/ccm-extreme-flex-6-senior-goalie-catcher-jacob-markstrom,2026-03-20,2026-04-03,38,
www.thehockeyshop.com-J0396,CCM Extreme Flex 6 Senior Goalie Catcher - Jacob Markstrom #2 Practice Palm,CCM Extreme Flex 6 Senior Goalie Catcher - Jacob Markstrom #2 Practice Palm,799.99,499.95,https://cdn.shopify.com/s/files/1/0020/1585/4658/files/catchers-ccm-extreme-flex-6-senior-goalie-catcher-jacob-markstrom-2-practice-palm-1221771872.jpg?v=1771642030,Goalie Gear,Catcher Glove,Senior,CCM,In Stock,https://www.thehockeyshop.com/collections/hockey-deals-clearance,https://www.thehockeyshop.com/products/ccm-extreme-flex-6-senior-goalie-catcher-jacob-markstrom-2-practice-palm,2026-03-20,2026-04-03,38,
www.thehockeyshop.com-J0397,CCM Extreme Flex 6 Senior Goalie Catcher - Magnus Chrona,CCM Extreme Flex 6 Senior Goalie Catcher - Magnus Chrona,799.99,499.95,https://cdn.shopify.com/s/files/1/0020/1585/4658/files/catchers-ccm-extreme-flex-6-senior-goalie-catcher-magnus-chrona-1221774011.jpg?v=1771693390,Goalie Gear,Catcher Glove,Senior,CCM,In Stock,https://www.thehockeyshop.com/collections/hockey-deals-clearance,https://www.thehockeyshop.com/products/ccm-extreme-flex-6-senior-goalie-catcher-magnus-chrona,2026-03-20,2026-04-03,38,
www.thehockeyshop.com-J0398,CCM Extreme Flex 6 Senior Goalie Catcher - Ryan Bednard,CCM Extreme Flex 6 Senior Goalie Catcher - Ryan Bednard,799.99,499.95,https://cdn.shopify.com/s/files/1/0020/1585/4658/files/catchers-ccm-extreme-flex-6-senior-goalie-catcher-ryan-bednard-1221773955.jpg?v=1771691683,Goalie Gear,Catcher Glove,Senior,CCM,In Stock,https://www.thehockeyshop.com/collections/hockey-deals-clearance,https://www.thehockeyshop.com/products/ccm-extreme-flex-6-senior-goalie-catcher-ryan-bednard,2026-03-20,2026-04-03,38,
www.thehockeyshop.com-J0399,CCM Extreme Flex 6 Senior Goalie Catcher - Stuart Skinner,CCM Extreme Flex 6 Senior Goalie Catcher - Stuart Skinner,799.99,499.95,https://cdn.shopify.com/s/files/1/0020/1585/4658/files/catchers-ccm-extreme-flex-6-senior-goalie-catcher-stuart-skinner-1221773939.jpg?v=1771691202,Goalie Gear,Catcher Glove,Senior,CCM,In Stock,https://www.thehockeyshop.com/collections/hockey-deals-clearance,https://www.thehockeyshop.com/products/ccm-extreme-flex-6-senior-goalie-catcher-stuart-skinner,2026-03-20,2026-04-03,38,
www.thehockeyshop.com-J0400,CCM Extreme Flex 6 Senior Goalie Catcher - Thatcher Demko Pro Stock,CCM Extreme Flex 6 Senior Goalie Catcher - Thatcher Demko Pro Stock,749.99,679.95,https://cdn.shopify.com/s/files/1/0020/1585/4658/files/catchers-ccm-extreme-flex-6-senior-goalie-catcher-thatcher-demko-pro-stock-1221788265.jpg?v=1772159591,Goalie Gear,Catcher Glove,Senior,CCM,In Stock,https://www.thehockeyshop.com/collections/hockey-deals-clearance,https://www.thehockeyshop.com/products/ccm-extreme-flex-6-senior-goalie-catcher-thatcher-demko-pro-stock,2026-03-20,2026-04-03,9,
www.thehockeyshop.com-J0401,CCM Extreme Flex 6 Senior Goalie Leg Pads,CCM Extreme Flex 6 Senior Goalie Leg Pads,2199.99,999.95,https://cdn.shopify.com/s/files/1/0020/1585/4658/files/leg-pads-ccm-extreme-flex-6-senior-goalie-leg-pads-1221725670.jpg?v=1772755209,Goalie Gear,Leg Pads,Senior,CCM,In Stock,https://www.thehockeyshop.com/collections/hockey-deals-clearance,https://www.thehockeyshop.com/products/ccm-extreme-flex-6-senior-goalie-leg-pads,2026-03-20,2026-04-03,55,
www.thehockeyshop.com-J0402,CCM Extreme Flex 6 Senior Goalie Leg Pads - David Rittich,CCM Extreme Flex 6 Senior Goalie Leg Pads - David Rittich,2699.99,1499.95,https://cdn.shopify.com/s/files/1/0020/1585/4658/files/leg-pads-ccm-extreme-flex-6-senior-goalie-leg-pads-david-rittich-1221773995.jpg?v=1771692937,Goalie Gear,Leg Pads,Senior,CCM,In Stock,https://www.thehockeyshop.com/collections/hockey-deals-clearance,https://www.thehockeyshop.com/products/ccm-extreme-flex-6-senior-goalie-leg-pads-david-rittich,2026-03-20,2026-04-03,44,
www.thehockeyshop.com-J0403,CCM Extreme Flex 6 Senior Goalie Leg Pads - Demo 32+2,CCM Extreme Flex 6 Senior Goalie Leg Pads - Demo 32+2,2199.99,999.90,https://cdn.shopify.com/s/files/1/0020/1585/4658/files/leg-pads-ccm-extreme-flex-6-senior-goalie-leg-pads-demo-32-2-1221788270.jpg?v=1772159770,Goalie Gear,Leg Pads,Senior,CCM,In Stock,https://www.thehockeyshop.com/collections/hockey-deals-clearance,https://www.thehockeyshop.com/products/ccm-extreme-flex-6-senior-goalie-leg-pads-demo,2026-03-20,2026-04-03,55,
www.thehockeyshop.com-J0404,CCM Extreme Flex 6 Senior Goalie Leg Pads - Magnus Chrona,CCM Extreme Flex 6 Senior Goalie Leg Pads - Magnus Chrona,2699.99,1499.95,https://cdn.shopify.com/s/files/1/0020/1585/4658/files/leg-pads-ccm-extreme-flex-6-senior-goalie-leg-pads-magnus-chrona-1221773914.jpg?v=1771676797,Goalie Gear,Leg Pads,Senior,CCM,In Stock,https://www.thehockeyshop.com/collections/hockey-deals-clearance,https://www.thehockeyshop.com/products/ccm-extreme-flex-6-senior-goalie-leg-pads-magnus-chrona,2026-03-20,2026-04-03,44,
www.thehockeyshop.com-J0405,CCM Extreme Flex E6.5 Junior Goalie Blocker,CCM Extreme Flex E6.5 Junior Goalie Blocker,189.99,113.95,https://cdn.shopify.com/s/files/1/0020/1585/4658/files/blockers-ccm-extreme-flex-e6-5-junior-goalie-blocker-1221721759.jpg?v=1772648442,Goalie Gear,Blocker,Junior,CCM,In Stock,https://www.thehockeyshop.com/collections/hockey-deals-clearance,https://www.thehockeyshop.com/products/ccm-extreme-flex-e6-5-junior-goalie-blocker,2026-03-20,2026-04-03,40,
www.thehockeyshop.com-J0406,CCM Extreme Flex E6.9 Intermediate Goalie Leg Pads,CCM Extreme Flex E6.9 Intermediate Goalie Leg Pads,779.99,389.90,https://cdn.shopify.com/s/files/1/0020/1585/4658/files/ccm-leg-pads-ccm-extreme-flex-e6-9-intermediate-goalie-leg-pads-chicago-blackhawks-30-1-30461015752770.jpg?v=1768097493,Goalie Gear,Leg Pads,Intermediate,CCM,Unknown,https://www.thehockeyshop.com/collections/hockey-deals-clearance,https://www.thehockeyshop.com/products/ccm-extreme-flex-e6-9-intermediate-goalie-leg-pads,2026-03-20,2026-04-03,50,
www.thehockeyshop.com-J0407,CCM Extreme Flex E6.9 Senior Goalie Leg Pads - Source Exclusive,CCM Extreme Flex E6.9 Senior Goalie Leg Pads - Source Exclusive,1099.99,549.90,https://cdn.shopify.com/s/files/1/0020/1585/4658/files/leg-pads-ccm-extreme-flex-e6-9-senior-goalie-leg-pads-source-exclusive-1221725709.jpg?v=1772756441,Goalie Gear,Leg Pads,Senior,CCM,In Stock,https://www.thehockeyshop.com/collections/hockey-deals-clearance,https://www.thehockeyshop.com/products/ccm-extreme-flex-e6-9-senior-goalie-leg-pads-sdc,2026-03-20,2026-04-03,50,
www.thehockeyshop.com-J0408,CCM Extreme Flex Youth Goalie Stick,CCM Extreme Flex Youth Goalie Stick,99.99,79.98,https://cdn.shopify.com/s/files/1/0020/1585/4658/products/goalie-sticks-ccm-extreme-flex-youth-goalie-stick-1221734555.jpg?v=1773038677,Goalie Gear,Goalie Stick,Youth,CCM,In Stock,https://www.thehockeyshop.com/collections/hockey-deals-clearance,https://www.thehockeyshop.com/products/ccm-extreme-flex-youth-goalie-stick,2026-03-20,2026-04-03,20,
www.thehockeyshop.com-J0409,CCM Fitlite 90 Helmet Stickers,CCM Fitlite 90 Helmet Stickers,14.99,7.95,https://cdn.shopify.com/s/files/1/0020/1585/4658/products/helmet-stickers-ccm-fitlite-90-helmet-stickers-1221764846.jpg?v=1773957971,Accessories,Helmet,,CCM,In Stock,https://www.thehockeyshop.com/collections/hockey-deals-clearance,https://www.thehockeyshop.com/products/ccm-fitlite-90-helmet-stickers,2026-03-20,2026-04-03,47,
www.thehockeyshop.com-J0410,CCM FM580 Hockey Cage,CCM FM580 Hockey Cage,59.99,54.99,https://cdn.shopify.com/s/files/1/0020/1585/4658/products/ccm-hockey-cages-ccm-fm580-hockey-cage-black-xs-28744002469954.jpg?v=1768001695,Accessories,Other,,CCM,In Stock,https://www.thehockeyshop.com/collections/hockey-deals-clearance,https://www.thehockeyshop.com/products/ccm-fm580-cage,2026-03-20,2026-04-03,8,
www.thehockeyshop.com-J0411,CCM FM780 Hockey Cage,CCM FM780 Hockey Cage,84.99,58.97,https://cdn.shopify.com/s/files/1/0020/1585/4658/products/hockey-cages-ccm-fm780-hockey-cage-1221753480.jpg?v=1773612369,Accessories,Other,,CCM,In Stock,https://www.thehockeyshop.com/collections/hockey-deals-clearance,https://www.thehockeyshop.com/products/ccm-fm780-hockey-cage,2026-03-20,2026-04-03,31,
www.thehockeyshop.com-J0412,CCM Heritage Collection Mens Shortsleeve Shirt - Black,CCM Heritage Collection Mens Shortsleeve Shirt - Black,34.99,19.95,https://cdn.shopify.com/s/files/1/0020/1585/4658/files/shirts-ccm-heritage-collection-mens-shortsleeve-shirt-black-1221772347.png?v=1771645057,Accessories,Other,,CCM,In Stock,https://www.thehockeyshop.com/collections/hockey-deals-clearance,https://www.thehockeyshop.com/products/ccm-heritage-collection-mens-shortsleeve-shirt-black,2026-03-20,2026-04-03,43,
www.thehockeyshop.com-J0413,CCM Heritage Collection Mens Shortsleeve Shirt - Navy,CCM Heritage Collection Mens Shortsleeve Shirt - Navy,34.99,19.95,https://cdn.shopify.com/s/files/1/0020/1585/4658/files/shirts-ccm-heritage-collection-mens-shortsleeve-shirt-navy-1221772343.png?v=1771644859,Accessories,Other,,CCM,Unknown,https://www.thehockeyshop.com/collections/hockey-deals-clearance,https://www.thehockeyshop.com/products/ccm-heritage-collection-mens-shortsleeve-shirt-navy,2026-03-20,2026-04-03,43,
www.thehockeyshop.com-J0414,CCM Heritage Collection Mens Shortsleeve Shirt - White,CCM Heritage Collection Mens Shortsleeve Shirt - White,34.99,19.95,https://cdn.shopify.com/s/files/1/0020/1585/4658/files/shirts-ccm-heritage-collection-mens-shortsleeve-shirt-white-1221772345.png?v=1771644969,Accessories,Other,,CCM,Unknown,https://www.thehockeyshop.com/collections/hockey-deals-clearance,https://www.thehockeyshop.com/products/ccm-heritage-collection-mens-shortsleeve-shirt-white,2026-03-20,2026-04-03,43,
www.thehockeyshop.com-J0415,CCM Jetspeed Control Intermediate Hockey Skates - (2023),CCM Jetspeed Control Intermediate Hockey Skates - (2023),599.99,359.95,https://cdn.shopify.com/s/files/1/0020/1585/4658/files/hockey-skates-ccm-jetspeed-control-intermediate-hockey-skates-2023-1221724528.jpg?v=1772720950,Player Gear,Skates,Intermediate,CCM,In Stock,https://www.thehockeyshop.com/collections/hockey-deals-clearance,https://www.thehockeyshop.com/products/ccm-jetspeed-control-intermediate-hockey-skates,2026-03-20,2026-04-03,40,
www.thehockeyshop.com-J0416,CCM Jetspeed Control Junior Hockey Gloves - (2023),CCM Jetspeed Control Junior Hockey Gloves - (2023),129.99,77.95,https://cdn.shopify.com/s/files/1/0020/1585/4658/files/ccm-gloves-ccm-jetspeed-control-junior-hockey-gloves-black-red-white-10-30660216127554.jpg?v=1768098695,Player Gear,Gloves,Junior,CCM,In Stock,https://www.thehockeyshop.com/collections/hockey-deals-clearance,https://www.thehockeyshop.com/products/ccm-jetspeed-control-junior-hockey-gloves-1,2026-03-20,2026-04-03,40,
www.thehockeyshop.com-J0417,CCM Jetspeed Control Junior Hockey Stick - (2023),CCM Jetspeed Control Junior Hockey Stick - (2023),169.99,84.90,https://cdn.shopify.com/s/files/1/0020/1585/4658/files/hockey-sticks-ccm-jetspeed-control-junior-hockey-stick-2023-1221724267.jpg?v=1772724911,Player Gear,Stick,Junior,CCM,In Stock,https://www.thehockeyshop.com/collections/hockey-deals-clearance,https://www.thehockeyshop.com/products/ccm-jetspeed-control-junior-hockey-stick,2026-03-20,2026-04-03,50,
www.thehockeyshop.com-J0418,CCM Jetspeed Control Senior Hockey Shoulder Pads - (2023),CCM Jetspeed Control Senior Hockey Shoulder Pads - (2023),159.99,95.95,https://cdn.shopify.com/s/files/1/0020/1585/4658/files/shoulder-pads-ccm-jetspeed-control-senior-hockey-shoulder-pads-2023-1221724777.jpg?v=1772740990,Accessories,Other,Senior,CCM,In Stock,https://www.thehockeyshop.com/collections/hockey-deals-clearance,https://www.thehockeyshop.com/products/ccm-jetspeed-control-senior-hockey-should-pads,2026-03-20,2026-04-03,40,
www.thehockeyshop.com-J0419,CCM Jetspeed Control Senior Hockey Skates - (2023),CCM Jetspeed Control Senior Hockey Skates - (2023),649.99,389.95,https://cdn.shopify.com/s/files/1/0020/1585/4658/files/hockey-skates-ccm-jetspeed-control-senior-hockey-skates-2023-1221724554.jpg?v=1772734510,Player Gear,Skates,Senior,CCM,In Stock,https://www.thehockeyshop.com/collections/hockey-deals-clearance,https://www.thehockeyshop.com/products/ccm-jetspeed-control-senior-hockey-skates,2026-03-20,2026-04-03,40,
www.thehockeyshop.com-J0420,CCM Jetspeed Control Youth Hockey Skates - (2023),CCM Jetspeed Control Youth Hockey Skates - (2023),149.99,89.95,https://cdn.shopify.com/s/files/1/0020/1585/4658/files/hockey-skates-ccm-jetspeed-control-youth-hockey-skates-2023-1221724505.png?v=1772720319,Player Gear,Skates,Youth,CCM,In Stock,https://www.thehockeyshop.com/collections/hockey-deals-clearance,https://www.thehockeyshop.com/products/ccm-jetspeed-control-youth-hockey-skates,2026-03-20,2026-04-03,40,
www.thehockeyshop.com-J0421,CCM Jetspeed FT Youth (2024) Hockey Stick,CCM Jetspeed FT Youth (2024) Hockey Stick,69.99,49.97,https://cdn.shopify.com/s/files/1/0020/1585/4658/files/hockey-sticks-ccm-jetspeed-ft-youth-hockey-stick-1221793432.jpg?v=1772313577,Player Gear,Stick,Youth,CCM,In Stock,https://www.thehockeyshop.com/collections/hockey-deals-clearance,https://www.thehockeyshop.com/products/ccm-jetspeed-ft-youth-hockey-stick,2026-03-20,2026-04-03,29,
www.thehockeyshop.com-J0422,CCM Jetspeed FT6 Intermediate Hockey Skates,CCM Jetspeed FT6 Intermediate Hockey Skates,779.99,467.95,https://cdn.shopify.com/s/files/1/0020/1585/4658/files/hockey-skates-ccm-jetspeed-ft6-intermediate-hockey-skates-1221724633.jpg?v=1772722990,Player Gear,Skates,Intermediate,CCM,In Stock,https://www.thehockeyshop.com/collections/hockey-deals-clearance,https://www.thehockeyshop.com/products/ccm-jetspeed-ft6-intermediate-hockey-skates,2026-03-20,2026-04-03,40,
www.thehockeyshop.com-J0423,CCM Jetspeed FT6 Junior Hockey Stick,CCM Jetspeed FT6 Junior Hockey Stick,199.99,99.90,https://cdn.shopify.com/s/files/1/0020/1585/4658/files/hockey-sticks-ccm-jetspeed-ft6-junior-hockey-stick-1221724288.jpg?v=1772725959,Player Gear,Stick,Junior,CCM,In Stock,https://www.thehockeyshop.com/collections/hockey-deals-clearance,https://www.thehockeyshop.com/products/ccm-jetspeed-ft6-junior-hockey-stick,2026-03-20,2026-04-03,50,
www.thehockeyshop.com-J0424,CCM Jetspeed FT6 Pro Intermediate Hockey Skates,CCM Jetspeed FT6 Pro Intermediate Hockey Skates,1099.99,659.95,https://cdn.shopify.com/s/files/1/0020/1585/4658/files/hockey-skates-ccm-jetspeed-ft6-pro-intermediate-hockey-skates-1221724601.jpg?v=1772722059,Player Gear,Skates,Intermediate,CCM,In Stock,https://www.thehockeyshop.com/collections/hockey-deals-clearance,https://www.thehockeyshop.com/products/ccm-jetspeed-ft6-pro-intermediate-hockey-skates,2026-03-20,2026-04-03,40,
www.thehockeyshop.com-J0425,CCM Jetspeed FT6 Pro Senior Hockey Skates,CCM Jetspeed FT6 Pro Senior Hockey Skates,1299.99,779.95,https://cdn.shopify.com/s/files/1/0020/1585/4658/files/hockey-skates-ccm-jetspeed-ft6-pro-senior-hockey-skates-1221724712.jpg?v=1772729470,Player Gear,Skates,Senior,CCM,In Stock,https://www.thehockeyshop.com/collections/hockey-deals-clearance,https://www.thehockeyshop.com/products/ccm-jetspeed-ft6-pro-senior-hockey-skates,2026-03-20,2026-04-03,40,
www.thehockeyshop.com-J0426,CCM Jetspeed FT6 Senior Hockey Stick,CCM Jetspeed FT6 Senior Hockey Stick,299.99,149.90,https://cdn.shopify.com/s/files/1/0020/1585/4658/files/ccm-hockey-sticks-ccm-jetspeed-ft6-senior-hockey-stick-30465609367618.jpg?v=1768100829,Player Gear,Stick,Senior,CCM,In Stock,https://www.thehockeyshop.com/collections/hockey-deals-clearance,https://www.thehockeyshop.com/products/ccm-jetspeed-ft6-senior-hockey-stick,2026-03-20,2026-04-03,50,
www.thehockeyshop.com-J0427,CCM Jetspeed FT660 Junior Hockey Stick,CCM Jetspeed FT660 Junior Hockey Stick,89.99,44.90,https://cdn.shopify.com/s/files/1/0020/1585/4658/files/hockey-sticks-ccm-jetspeed-ft660-junior-hockey-stick-1221724278.jpg?v=1772725630,Player Gear,Stick,Junior,CCM,In Stock,https://www.thehockeyshop.com/collections/hockey-deals-clearance,https://www.thehockeyshop.com/products/ccm-jetspeed-ft660-junior-hockey-stick,2026-03-20,2026-04-03,50,
www.thehockeyshop.com-J0428,CCM Jetspeed FT670 Junior Hockey Skates,CCM Jetspeed FT670 Junior Hockey Skates,199.99,119.95,https://cdn.shopify.com/s/files/1/0020/1585/4658/files/hockey-skates-ccm-jetspeed-ft670-junior-hockey-skates-1221724568.jpg?v=1772734931,Player Gear,Skates,Junior,CCM,In Stock,https://www.thehockeyshop.com/collections/hockey-deals-clearance,https://www.thehockeyshop.com/products/ccm-jetspeed-ft670-junior-hockey-skates,2026-03-20,2026-04-03,40,
www.thehockeyshop.com-J0429,CCM Jetspeed FT670 Junior Hockey Stick,CCM Jetspeed FT670 Junior Hockey Stick,149.99,74.90,https://cdn.shopify.com/s/files/1/0020/1585/4658/files/hockey-sticks-ccm-jetspeed-ft670-junior-hockey-stick-1221724243.jpg?v=1772734154,Player Gear,Stick,Junior,CCM,In Stock,https://www.thehockeyshop.com/collections/hockey-deals-clearance,https://www.thehockeyshop.com/products/ccm-jetspeed-ft670-junior-hockey-stick,2026-03-20,2026-04-03,50,
www.thehockeyshop.com-J0430,CCM Jetspeed FT680 Senior Hockey Shoulder Pads,CCM Jetspeed FT680 Senior Hockey Shoulder Pads,139.99,83.95,https://cdn.shopify.com/s/files/1/0020/1585/4658/files/shoulder-pads-ccm-jetspeed-ft680-senior-hockey-shoulder-pads-1221724744.jpg?v=1772757699,Accessories,Other,Senior,CCM,In Stock,https://www.thehockeyshop.com/collections/hockey-deals-clearance,https://www.thehockeyshop.com/products/ccm-jetspeed-ft680-senior-hockey-shoulder-pads,2026-03-20,2026-04-03,40,
www.thehockeyshop.com-J0431,CCM Jetspeed FT7 Pro Intermediate Hockey Stick - Red,CCM Jetspeed FT7 Pro Intermediate Hockey Stick - Red,399.99,239.95,https://cdn.shopify.com/s/files/1/0020/1585/4658/files/hockey-sticks-ccm-jetspeed-ft7-pro-intermediate-hockey-stick-red-1221793631.jpg?v=1772318678,Player Gear,Stick,Intermediate,CCM,Unknown,https://www.thehockeyshop.com/collections/hockey-deals-clearance,https://www.thehockeyshop.com/products/ccm-jetspeed-ft7-pro-intermediate-hockey-stick,2026-03-20,2026-04-03,40,
www.thehockeyshop.com-J0432,CCM Jetspeed FT7 Pro Junior Hockey Stick - Red,CCM Jetspeed FT7 Pro Junior Hockey Stick - Red,299.99,149.90,https://cdn.shopify.com/s/files/1/0020/1585/4658/files/hockey-sticks-ccm-jetspeed-ft7-pro-junior-hockey-stick-red-1221793660.jpg?v=1772319577,Player Gear,Stick,Junior,CCM,In Stock,https://www.thehockeyshop.com/collections/hockey-deals-clearance,https://www.thehockeyshop.com/products/ccm-jetspeed-ft7-pro-junior-hockey-stick,2026-03-20,2026-04-03,50,
www.thehockeyshop.com-J0433,CCM Jetspeed FT7 Pro Youth Hockey Stick,CCM Jetspeed FT7 Pro Youth Hockey Stick,229.99,114.90,https://cdn.shopify.com/s/files/1/0020/1585/4658/files/hockey-sticks-ccm-jetspeed-ft7-pro-youth-hockey-stick-1221793670.jpg?v=1772323958,Player Gear,Stick,Youth,CCM,In Stock,https://www.thehockeyshop.com/collections/hockey-deals-clearance,https://www.thehockeyshop.com/products/ccm-jetspeed-ft7-pro-youth-hockey-stick,2026-03-20,2026-04-03,50,
www.thehockeyshop.com-J0436,CCM Jetspeed Shock Intermediate Hockey Skates - (2023),CCM Jetspeed Shock Intermediate Hockey Skates - (2023),249.99,149.95,https://cdn.shopify.com/s/files/1/0020/1585/4658/files/hockey-skates-ccm-jetspeed-shock-intermediate-hockey-skates-2023-1221721741.jpg?v=1772647898,Player Gear,Skates,Intermediate,CCM,Unknown,https://www.thehockeyshop.com/collections/hockey-deals-clearance,https://www.thehockeyshop.com/products/ccm-jetspeed-shock-intermediate-hockey-skates,2026-03-20,2026-04-03,40,
www.thehockeyshop.com-J0437,CCM Jetspeed Team Intermediate Hockey Stick,CCM Jetspeed Team Intermediate Hockey Stick,199.99,99.90,https://cdn.shopify.com/s/files/1/0020/1585/4658/files/ccm-hockey-sticks-ccm-jetspeed-team-intermediate-hockey-stick-p29-l-55-30465622179906.jpg?v=1768100917,Player Gear,Stick,Intermediate,CCM,In Stock,https://www.thehockeyshop.com/collections/hockey-deals-clearance,https://www.thehockeyshop.com/products/ccm-jetspeed-team-intermediate-hockey-stick,2026-03-20,2026-04-03,50,
www.thehockeyshop.com-J0438,CCM Jetspeed Vibe Intermediate Hockey Skates - (2023),CCM Jetspeed Vibe Intermediate Hockey Skates - (2023),399.99,239.95,https://cdn.shopify.com/s/files/1/0020/1585/4658/files/hockey-skates-ccm-jetspeed-vibe-intermediate-hockey-skates-2023-1221724469.jpg?v=1772718578,Player Gear,Skates,Intermediate,CCM,In Stock,https://www.thehockeyshop.com/collections/hockey-deals-clearance,https://www.thehockeyshop.com/products/ccm-jetspeed-vibe-intermediate-hockey-skates,2026-03-20,2026-04-03,40,
www.thehockeyshop.com-J0439,CCM Jetspeed Vibe Junior Hockey Shoulder Pads - (2023),CCM Jetspeed Vibe Junior Hockey Shoulder Pads - (2023),109.99,65.95,https://cdn.shopify.com/s/files/1/0020/1585/4658/files/shoulder-pads-ccm-jetspeed-vibe-junior-hockey-shoulder-pads-2023-1221724809.jpg?v=1772741979,Accessories,Other,Junior,CCM,In Stock,https://www.thehockeyshop.com/collections/hockey-deals-clearance,https://www.thehockeyshop.com/products/ccm-jetspeed-vibe-junior-hockey-shoulder-pads,2026-03-20,2026-04-03,40,
www.thehockeyshop.com-J0440,CCM Jetspeed Vibe Senior Hockey Shoulder Pads - (2023),CCM Jetspeed Vibe Senior Hockey Shoulder Pads - (2023),119.99,71.95,https://cdn.shopify.com/s/files/1/0020/1585/4658/files/shoulder-pads-ccm-jetspeed-vibe-senior-hockey-shoulder-pads-2023-1221724786.jpg?v=1772741318,Accessories,Other,Senior,CCM,In Stock,https://www.thehockeyshop.com/collections/hockey-deals-clearance,https://www.thehockeyshop.com/products/ccm-jetspeed-vibe-senior-hockey-shoulder-pads,2026-03-20,2026-04-03,40,
www.thehockeyshop.com-J0441,CCM Jetspeed Youth Hockey Skates,CCM Jetspeed Youth Hockey Skates,99.99,49.90,https://cdn.shopify.com/s/files/1/0020/1585/4658/products/hockey-skates-ccm-jetspeed-youth-hockey-skates-1221745811.jpg?v=1773381157,Player Gear,Skates,Youth,CCM,In Stock,https://www.thehockeyshop.com/collections/hockey-deals-clearance,https://www.thehockeyshop.com/products/ccm-jetspeed-youth-hockey-skates,2026-03-20,2026-04-03,50,
www.thehockeyshop.com-J0442,CCM Jetspeed Youth Hockey Stick - 20 Flex,CCM Jetspeed Youth Hockey Stick - 20 Flex,109.99,54.90,https://cdn.shopify.com/s/files/1/0020/1585/4658/products/ccm-hockey-sticks-ccm-jetspeed-youth-hockey-stick-20-flex-p29-l-20-29103635005506.jpg?v=1768069734,Player Gear,Stick,Youth,CCM,In Stock,https://www.thehockeyshop.com/collections/hockey-deals-clearance,https://www.thehockeyshop.com/products/ccm-jetspeed-youth-hockey-stick-20-flex-1,2026-03-20,2026-04-03,50,
www.thehockeyshop.com-J0443,CCM Longsleeve Womens Neck Guard Shirt,CCM Longsleeve Womens Neck Guard Shirt,139.99,69.90,https://cdn.shopify.com/s/files/1/0020/1585/4658/files/neck-guard-shirts-ccm-longsleeve-womens-neck-guard-shirt-1221785701.jpg?v=1772081259,Accessories,Neck Guard,,CCM,In Stock,https://www.thehockeyshop.com/collections/hockey-deals-clearance,https://www.thehockeyshop.com/products/ccm-longsleeve-womens-neck-guard-shirt,2026-03-20,2026-04-03,50,
www.thehockeyshop.com-J0445,CCM Next Junior Hockey Elbow Pads (2023),CCM Next Junior Hockey Elbow Pads (2023),44.99,37.98,https://cdn.shopify.com/s/files/1/0020/1585/4658/files/elbow-pads-ccm-next-junior-hockey-elbow-pads-2023-1221725325.jpg?v=1772739578,Accessories,Other,Junior,CCM,In Stock,https://www.thehockeyshop.com/collections/hockey-deals-clearance,https://www.thehockeyshop.com/products/ccm-next-junior-hockey-elbow-pads,2026-03-20,2026-04-03,16,
www.thehockeyshop.com-J0446,CCM Next Junior Hockey Gloves (2023),CCM Next Junior Hockey Gloves (2023),64.99,54.98,https://cdn.shopify.com/s/files/1/0020/1585/4658/files/gloves-ccm-next-junior-hockey-gloves-2023-1221725037.jpg?v=1772757758,Player Gear,Gloves,Junior,CCM,In Stock,https://www.thehockeyshop.com/collections/hockey-deals-clearance,https://www.thehockeyshop.com/products/ccm-next-junior-hockey-gloves,2026-03-20,2026-04-03,15,
www.thehockeyshop.com-J0447,CCM Next Junior Hockey Pants (2023),CCM Next Junior Hockey Pants (2023),79.99,67.98,https://cdn.shopify.com/s/files/1/0020/1585/4658/files/hockey-pants-ccm-next-junior-hockey-pants-2023-1221725092.jpg?v=1772749117,Player Gear,Hockey Pants,Junior,CCM,In Stock,https://www.thehockeyshop.com/collections/hockey-deals-clearance,https://www.thehockeyshop.com/products/ccm-next-junior-hockey-pants,2026-03-20,2026-04-03,15,
www.thehockeyshop.com-J0448,CCM Next Junior Hockey Shin Guards,CCM Next Junior Hockey Shin Guards,69.99,58.98,https://cdn.shopify.com/s/files/1/0020/1585/4658/files/shin-guards-ccm-next-junior-hockey-shin-guards-1221724937.jpg?v=1772731870,Player Gear,Shin Guards,Junior,CCM,In Stock,https://www.thehockeyshop.com/collections/hockey-deals-clearance,https://www.thehockeyshop.com/products/ccm-next-junior-hockey-shin-guards,2026-03-20,2026-04-03,16,
www.thehockeyshop.com-J0449,CCM Next Junior Hockey Shoulder Pads (2023),CCM Next Junior Hockey Shoulder Pads (2023),79.99,67.98,https://cdn.shopify.com/s/files/1/0020/1585/4658/files/shoulder-pads-ccm-next-junior-hockey-shoulder-pads-2023-1221724791.jpg?v=1772741439,Accessories,Other,Junior,CCM,In Stock,https://www.thehockeyshop.com/collections/hockey-deals-clearance,https://www.thehockeyshop.com/products/ccm-next-junior-hockey-shoulder-pads,2026-03-20,2026-04-03,15,
www.thehockeyshop.com-J0451,CCM Next Senior Hockey Elbow Pads (2023),CCM Next Senior Hockey Elbow Pads (2023),54.99,45.98,https://cdn.shopify.com/s/files/1/0020/1585/4658/files/elbow-pads-ccm-next-senior-hockey-elbow-pads-2023-1221725416.jpg?v=1772759438,Accessories,Other,Senior,CCM,In Stock,https://www.thehockeyshop.com/collections/hockey-deals-clearance,https://www.thehockeyshop.com/products/ccm-next-senior-hockey-elbow-pads,2026-03-20,2026-04-03,16,
www.thehockeyshop.com-J0452,CCM Next Senior Hockey Gloves (2023),CCM Next Senior Hockey Gloves (2023),84.99,71.98,https://cdn.shopify.com/s/files/1/0020/1585/4658/files/ccm-gloves-ccm-next-senior-hockey-gloves-black-white-13-30400225443906.jpg?v=1768098454,Player Gear,Gloves,Senior,CCM,In Stock,https://www.thehockeyshop.com/collections/hockey-deals-clearance,https://www.thehockeyshop.com/products/ccm-next-senior-hockey-gloves,2026-03-20,2026-04-03,15,
www.thehockeyshop.com-J0453,CCM Next Senior Hockey Pants (2023),CCM Next Senior Hockey Pants (2023),89.99,75.98,https://cdn.shopify.com/s/files/1/0020/1585/4658/files/ccm-hockey-pants-ccm-next-senior-hockey-pants-black-s-30400239042626.jpg?v=1768098852,Player Gear,Hockey Pants,Senior,CCM,In Stock,https://www.thehockeyshop.com/collections/hockey-deals-clearance,https://www.thehockeyshop.com/products/ccm-next-senior-hockey-pants,2026-03-20,2026-04-03,16,
www.thehockeyshop.com-J0454,CCM Next Senior Hockey Shin Guards (2023),CCM Next Senior Hockey Shin Guards (2023),79.99,67.98,https://cdn.shopify.com/s/files/1/0020/1585/4658/files/shin-guards-ccm-next-senior-hockey-shin-guards-2023-1221725016.jpg?v=1772736698,Player Gear,Shin Guards,Senior,CCM,In Stock,https://www.thehockeyshop.com/collections/hockey-deals-clearance,https://www.thehockeyshop.com/products/ccm-next-senior-hockey-shin-guards,2026-03-20,2026-04-03,15,
www.thehockeyshop.com-J0455,CCM Next Senior Hockey Shoulder Pads (2023),CCM Next Senior Hockey Shoulder Pads (2023),89.99,75.98,https://cdn.shopify.com/s/files/1/0020/1585/4658/files/shoulder-pads-ccm-next-senior-hockey-shoulder-pads-2023-1221724800.jpg?v=1772741710,Accessories,Other,Senior,CCM,In Stock,https://www.thehockeyshop.com/collections/hockey-deals-clearance,https://www.thehockeyshop.com/products/ccm-next-senior-hockey-shoulder-pads,2026-03-20,2026-04-03,16,
www.thehockeyshop.com-J0457,CCM Next Youth Hockey Elbow Pads (2023),CCM Next Youth Hockey Elbow Pads (2023),29.99,24.98,https://cdn.shopify.com/s/files/1/0020/1585/4658/files/elbow-pads-ccm-next-youth-hockey-elbow-pads-2023-1221725321.jpg?v=1772739459,Accessories,Other,Youth,CCM,In Stock,https://www.thehockeyshop.com/collections/hockey-deals-clearance,https://www.thehockeyshop.com/products/ccm-next-youth-hockey-elbow-pads,2026-03-20,2026-04-03,17,
www.thehockeyshop.com-J0458,CCM Next Youth Hockey Gloves (2023),CCM Next Youth Hockey Gloves (2023),54.99,45.98,https://cdn.shopify.com/s/files/1/0020/1585/4658/files/gloves-ccm-next-youth-hockey-gloves-2023-1221725152.jpg?v=1772750650,Player Gear,Gloves,Youth,CCM,In Stock,https://www.thehockeyshop.com/collections/hockey-deals-clearance,https://www.thehockeyshop.com/products/ccm-next-youth-hockey-gloves,2026-03-20,2026-04-03,16,
www.thehockeyshop.com-J0459,CCM Next Youth Hockey Pants (2023),CCM Next Youth Hockey Pants (2023),49.99,41.98,https://cdn.shopify.com/s/files/1/0020/1585/4658/files/hockey-pants-ccm-next-youth-hockey-pants-2023-1221725084.jpg?v=1772748878,Player Gear,Hockey Pants,Youth,CCM,In Stock,https://www.thehockeyshop.com/collections/hockey-deals-clearance,https://www.thehockeyshop.com/products/ccm-next-youth-hockey-pants,2026-03-20,2026-04-03,16,
www.thehockeyshop.com-J0460,CCM Next Youth Hockey Shin Guards (2023),CCM Next Youth Hockey Shin Guards (2023),36.99,30.98,https://cdn.shopify.com/s/files/1/0020/1585/4658/files/shin-guards-ccm-next-youth-hockey-shin-guards-2023-1221724879.jpg?v=1772744077,Player Gear,Shin Guards,Youth,CCM,In Stock,https://www.thehockeyshop.com/collections/hockey-deals-clearance,https://www.thehockeyshop.com/products/ccm-next-youth-hockey-shin-guards,2026-03-20,2026-04-03,16,
www.thehockeyshop.com-J0461,CCM Next Youth Hockey Shoulder Pads (2023),CCM Next Youth Hockey Shoulder Pads (2023),39.99,33.98,https://cdn.shopify.com/s/files/1/0020/1585/4658/files/shoulder-pads-ccm-next-youth-hockey-shoulder-pads-2023-1221724757.jpg?v=1772740390,Accessories,Other,Youth,CCM,In Stock,https://www.thehockeyshop.com/collections/hockey-deals-clearance,https://www.thehockeyshop.com/products/ccm-next-youth-hockey-shoulder-pads,2026-03-20,2026-04-03,15,
www.thehockeyshop.com-J0463,CCM Pro Longsleeve Senior Neck Guard Shirt,CCM Pro Longsleeve Senior Neck Guard Shirt,174.99,86.90,https://cdn.shopify.com/s/files/1/0020/1585/4658/files/neck-guard-shirts-ccm-pro-longsleeve-senior-neck-guard-shirt-1221785712.jpg?v=1772081439,Accessories,Neck Guard,Senior,CCM,In Stock,https://www.thehockeyshop.com/collections/hockey-deals-clearance,https://www.thehockeyshop.com/products/ccm-pro-longsleeve-senior-neck-guard-shirt,2026-03-20,2026-04-03,50,
www.thehockeyshop.com-J0464,CCM Pro Senior Goalie Jock (2020),CCM Pro Senior Goalie Jock (2020),99.99,79.98,https://cdn.shopify.com/s/files/1/0020/1585/4658/products/goalie-jocks-ccm-pro-senior-goalie-jock-2020-1221758968.jpg?v=1773787571,Accessories,Other,Senior,CCM,In Stock,https://www.thehockeyshop.com/collections/hockey-deals-clearance,https://www.thehockeyshop.com/products/ccm-pro-sr-goalie-jock,2026-03-20,2026-04-03,20,
www.thehockeyshop.com-J0465,CCM RIBCOR 84K Junior Hockey Stick,CCM RIBCOR 84K Junior Hockey Stick,89.99,44.90,https://cdn.shopify.com/s/files/1/0020/1585/4658/products/hockey-sticks-ccm-ribcor-84k-junior-hockey-stick-1221729408.jpg?v=1772868070,Player Gear,Stick,Junior,CCM,In Stock,https://www.thehockeyshop.com/collections/hockey-deals-clearance,https://www.thehockeyshop.com/products/ccm-ribcor-84k-junior-hockey-stick,2026-03-20,2026-04-03,50,
www.thehockeyshop.com-J0466,CCM RIBCOR 86K Junior Hockey Stick,CCM RIBCOR 86K Junior Hockey Stick,149.99,74.90,https://cdn.shopify.com/s/files/1/0020/1585/4658/products/hockey-sticks-ccm-ribcor-86k-junior-hockey-stick-1221729397.jpg?v=1772867437,Player Gear,Stick,Junior,CCM,In Stock,https://www.thehockeyshop.com/collections/hockey-deals-clearance,https://www.thehockeyshop.com/products/ccm-ribcor-86k-junior-hockey-stick,2026-03-20,2026-04-03,50,
www.thehockeyshop.com-J0467,CCM RIBCOR 86K Senior Hockey Stick,CCM RIBCOR 86K Senior Hockey Stick,159.99,79.90,https://cdn.shopify.com/s/files/1/0020/1585/4658/products/hockey-sticks-ccm-ribcor-86k-senior-hockey-stick-1221729392.jpg?v=1772867049,Player Gear,Stick,Senior,CCM,In Stock,https://www.thehockeyshop.com/collections/hockey-deals-clearance,https://www.thehockeyshop.com/products/ccm-ribcor-86k-senior-hockey-stick,2026-03-20,2026-04-03,50,
www.thehockeyshop.com-J0468,CCM RIBCOR Trigger 8 Junior Hockey Stick,CCM RIBCOR Trigger 8 Junior Hockey Stick,199.99,99.90,https://cdn.shopify.com/s/files/1/0020/1585/4658/files/hockey-sticks-ccm-ribcor-trigger-8-junior-hockey-stick-1221800514.jpg?v=1772533299,Player Gear,Stick,Junior,CCM,In Stock,https://www.thehockeyshop.com/collections/hockey-deals-clearance,https://www.thehockeyshop.com/products/ccm-ribcor-trigger-8-junior-hockey-stick,2026-03-20,2026-04-03,50,
www.thehockeyshop.com-J0469,CCM RIBCOR Trigger 9 Pro Intermediate Hockey Stick,CCM RIBCOR Trigger 9 Pro Intermediate Hockey Stick,399.99,199.90,https://cdn.shopify.com/s/files/1/0020/1585/4658/files/hockey-sticks-ccm-ribcor-trigger-9-pro-intermediate-hockey-stick-1221787872.jpg?v=1772146451,Player Gear,Stick,Intermediate,CCM,Unknown,https://www.thehockeyshop.com/collections/hockey-deals-clearance,https://www.thehockeyshop.com/products/ccm-ribcor-trigger-9-pro-intermediate-hockey-stick,2026-03-20,2026-04-03,50,
www.thehockeyshop.com-J0470,CCM RIBCOR Trigger 9 Pro Junior Hockey Stick,CCM RIBCOR Trigger 9 Pro Junior Hockey Stick,299.99,149.90,https://cdn.shopify.com/s/files/1/0020/1585/4658/files/hockey-sticks-ccm-ribcor-trigger-9-pro-junior-hockey-stick-1221787847.jpg?v=1772145730,Player Gear,Stick,Junior,CCM,In Stock,https://www.thehockeyshop.com/collections/hockey-deals-clearance,https://www.thehockeyshop.com/products/ccm-ribcor-trigger-9-pro-junior-hockey-stick,2026-03-20,2026-04-03,50,
www.thehockeyshop.com-J0471,CCM RIBCOR Trigger 9 Pro Youth Hockey Stick,CCM RIBCOR Trigger 9 Pro Youth Hockey Stick,229.99,114.90,https://cdn.shopify.com/s/files/1/0020/1585/4658/files/hockey-sticks-ccm-ribcor-trigger-9-pro-youth-hockey-stick-1221787702.jpg?v=1772143512,Player Gear,Stick,Youth,CCM,Unknown,https://www.thehockeyshop.com/collections/hockey-deals-clearance,https://www.thehockeyshop.com/products/ccm-ribcor-trigger-9-pro-youth-hockey-stick,2026-03-20,2026-04-03,50,
www.thehockeyshop.com-J0472,CCM SpeedBlade XS Steel Runner - 2 Pack,CCM SpeedBlade XS Steel Runner - 2 Pack,79.99,63.98,https://cdn.shopify.com/s/files/1/0020/1585/4658/products/ccm-hockey-skate-steel-ccm-speedblade-xs-steel-runner-2-pack-304-12-28744082292802.jpg?v=1768018505,Accessories,Other,,CCM,In Stock,https://www.thehockeyshop.com/collections/hockey-deals-clearance,https://www.thehockeyshop.com/products/ccm-speedblade-xs-steel-runner,2026-03-20,2026-04-03,20,
www.thehockeyshop.com-J0473,CCM SpeedBlade XSG1 Black Goalie Steel Runner - 2 Pack,CCM SpeedBlade XSG1 Black Goalie Steel Runner - 2 Pack,129.99,99.98,https://cdn.shopify.com/s/files/1/0020/1585/4658/products/goalie-skate-steel-ccm-speedblade-xsg1-black-goalie-steel-runner-2-pack-1221760399.jpg?v=1773811717,Accessories,Other,,CCM,In Stock,https://www.thehockeyshop.com/collections/hockey-deals-clearance,https://www.thehockeyshop.com/products/ccm-speedblade-xsg1-black-goalie-steel,2026-03-20,2026-04-03,23,
www.thehockeyshop.com-J0474,CCM SpeedBlade XSG1 Goalie Steel Runner - 2 Pack,CCM SpeedBlade XSG1 Goalie Steel Runner - 2 Pack,100.00,69.97,https://cdn.shopify.com/s/files/1/0020/1585/4658/products/goalie-skate-steel-ccm-speedblade-xsg1-goalie-steel-runner-2-pack-1221760400.jpg?v=1773811779,Accessories,Other,,CCM,In Stock,https://www.thehockeyshop.com/collections/hockey-deals-clearance,https://www.thehockeyshop.com/products/ccm-speedblade-xsg1-goalie-steel,2026-03-20,2026-04-03,30,
www.thehockeyshop.com-J0475,CCM VR14 Straight Certified Hockey Visor,CCM VR14 Straight Certified Hockey Visor,59.99,54.99,https://cdn.shopify.com/s/files/1/0020/1585/4658/products/visors-ccm-vr14-straight-certified-hockey-visor-1221757287.jpg?v=1773724897,Accessories,Other,,CCM,In Stock,https://www.thehockeyshop.com/collections/hockey-deals-clearance,https://www.thehockeyshop.com/products/ccm-straight-vr14-certified-visor,2026-03-20,2026-04-03,8,
www.thehockeyshop.com-J0476,CCM Super Tacks AS570 Junior Hockey Stick,CCM Super Tacks AS570 Junior Hockey Stick,119.99,59.90,https://cdn.shopify.com/s/files/1/0020/1585/4658/products/hockey-sticks-ccm-super-tacks-as570-junior-hockey-stick-1221729342.jpg?v=1772878269,Player Gear,Stick,Junior,CCM,In Stock,https://www.thehockeyshop.com/collections/hockey-deals-clearance,https://www.thehockeyshop.com/products/ccm-super-tacks-as570-junior-hockey-stick,2026-03-20,2026-04-03,50,
www.thehockeyshop.com-J0478,CCM Tacks 710 Hockey Helmet,CCM Tacks 710 Hockey Helmet,219.99,109.90,https://cdn.shopify.com/s/files/1/0020/1585/4658/files/ccm-helmets-ccm-tacks-710-hockey-helmet-black-s-30614455222338.jpg?v=1768005954,Accessories,Helmet,,CCM,In Stock,https://www.thehockeyshop.com/collections/hockey-deals-clearance,https://www.thehockeyshop.com/products/ccm-tacks-710-hockey-helmet,2026-03-20,2026-04-03,50,
www.thehockeyshop.com-J0479,CCM Tacks 720 Hockey Helmet,CCM Tacks 720 Hockey Helmet,259.99,249.99,https://cdn.shopify.com/s/files/1/0020/1585/4658/files/helmets-ccm-tacks-720-hockey-helmet-1221725446.jpg?v=1772760338,Accessories,Helmet,,CCM,In Stock,https://www.thehockeyshop.com/collections/hockey-deals-clearance,https://www.thehockeyshop.com/products/ccm-tacks-720-hockey-helmet,2026-03-20,2026-04-03,4,
www.thehockeyshop.com-J0480,CCM Tacks AS-V Pro Intermediate Hockey Skates,CCM Tacks AS-V Pro Intermediate Hockey Skates,1049.99,524.90,https://cdn.shopify.com/s/files/1/0020/1585/4658/files/hockey-skates-ccm-tacks-as-v-pro-intermediate-hockey-skates-1221736505.jpg?v=1773098618,Player Gear,Skates,Intermediate,CCM,Unknown,https://www.thehockeyshop.com/collections/hockey-deals-clearance,https://www.thehockeyshop.com/products/ccm-tacks-as-v-pro-intermediate-hockey-skates,2026-03-20,2026-04-03,50,
www.thehockeyshop.com-J0481,CCM Tacks AS-V Pro Senior Hockey Skates,CCM Tacks AS-V Pro Senior Hockey Skates,1299.99,649.90,https://cdn.shopify.com/s/files/1/0020/1585/4658/products/hockey-skates-ccm-tacks-as-v-pro-senior-hockey-skates-1221736577.jpg?v=1773087790,Player Gear,Skates,Senior,CCM,Unknown,https://www.thehockeyshop.com/collections/hockey-deals-clearance,https://www.thehockeyshop.com/products/ccm-tacks-as-v-pro-senior-hockey-skates,2026-03-20,2026-04-03,50,
www.thehockeyshop.com-J0482,CCM Tacks AS-V Senior Hockey Skates,CCM Tacks AS-V Senior Hockey Skates,869.99,434.90,https://cdn.shopify.com/s/files/1/0020/1585/4658/files/hockey-skates-ccm-tacks-as-v-senior-hockey-skates-1221736440.jpg?v=1773097118,Player Gear,Skates,Senior,CCM,Unknown,https://www.thehockeyshop.com/collections/hockey-deals-clearance,https://www.thehockeyshop.com/products/ccm-tacks-as-v-senior-hockey-skates,2026-03-20,2026-04-03,50,
www.thehockeyshop.com-J0483,CCM Tacks AS580 Junior Hockey Gloves,CCM Tacks AS580 Junior Hockey Gloves,119.99,59.90,https://cdn.shopify.com/s/files/1/0020/1585/4658/products/gloves-ccm-tacks-as580-junior-hockey-gloves-1221735795.jpg?v=1773077438,Player Gear,Gloves,Junior,CCM,In Stock,https://www.thehockeyshop.com/collections/hockey-deals-clearance,https://www.thehockeyshop.com/products/ccm-tacks-as580-junior-hockey-gloves,2026-03-20,2026-04-03,50,
www.thehockeyshop.com-J0484,CCM Tacks AS590 Intermediate Hockey Skates,CCM Tacks AS590 Intermediate Hockey Skates,649.99,324.90,https://cdn.shopify.com/s/files/1/0020/1585/4658/products/hockey-skates-ccm-tacks-as590-intermediate-hockey-skates-1221736275.jpg?v=1773081222,Player Gear,Skates,Intermediate,CCM,In Stock,https://www.thehockeyshop.com/collections/hockey-deals-clearance,https://www.thehockeyshop.com/products/ccm-tacks-as590-intermediate-hockey-skates,2026-03-20,2026-04-03,50,
www.thehockeyshop.com-J0485,CCM Tacks AS6 Junior Hockey Stick,CCM Tacks AS6 Junior Hockey Stick,199.99,99.90,https://cdn.shopify.com/s/files/1/0020/1585/4658/files/hockey-sticks-ccm-tacks-as6-junior-hockey-stick-1221800454.jpg?v=1772528799,Player Gear,Stick,Junior,CCM,In Stock,https://www.thehockeyshop.com/collections/hockey-deals-clearance,https://www.thehockeyshop.com/products/ccm-tacks-as6-junior-hockey-stick,2026-03-20,2026-04-03,50,
www.thehockeyshop.com-J0486,CCM Tacks AS6 Pro Senior Hockey Stick,CCM Tacks AS6 Pro Senior Hockey Stick,399.99,199.90,https://cdn.shopify.com/s/files/1/0020/1585/4658/files/hockey-sticks-ccm-tacks-as6-pro-senior-hockey-stick-1221800442.jpg?v=1772528411,Player Gear,Stick,Senior,CCM,In Stock,https://www.thehockeyshop.com/collections/hockey-deals-clearance,https://www.thehockeyshop.com/products/ccm-tacks-as6-pro-senior-hockey-stick,2026-03-20,2026-04-03,50,
www.thehockeyshop.com-J0487,CCM Tacks Vector Premier Intermediate Hockey Skates - 2022,CCM Tacks Vector Premier Intermediate Hockey Skates - 2022,569.99,284.90,https://cdn.shopify.com/s/files/1/0020/1585/4658/files/hockey-skates-ccm-tacks-vector-premier-intermediate-hockey-skates-2022-1221736025.jpg?v=1773071770,Player Gear,Skates,Intermediate,CCM,In Stock,https://www.thehockeyshop.com/collections/hockey-deals-clearance,https://www.thehockeyshop.com/products/ccm-tacks-vector-premier-intermediate-hockey-skates-s22,2026-03-20,2026-04-03,50,
www.thehockeyshop.com-J0488,CCM Tacks Vector Premier Junior Hockey Gloves - 2022,CCM Tacks Vector Premier Junior Hockey Gloves - 2022,129.99,64.90,https://cdn.shopify.com/s/files/1/0020/1585/4658/products/gloves-ccm-tacks-vector-premier-junior-hockey-gloves-2022-1221735731.jpg?v=1773075490,Player Gear,Gloves,Junior,CCM,In Stock,https://www.thehockeyshop.com/collections/hockey-deals-clearance,https://www.thehockeyshop.com/products/ccm-tacks-vector-premier-junior-hockey-gloves-s22,2026-03-20,2026-04-03,50,
www.thehockeyshop.com-J0489,CCM Lightweight Rink Suit Senior Jacket,CCM Lightweight Rink Suit Senior Jacket,107.99,20.00,https://cdn.shopify.com/s/files/1/0020/1585/4658/files/jackets-ccm-lightweight-rink-suit-senior-jacket-1221739087.jpg?v=1773175690,Accessories,Other,Senior,CCM,In Stock,https://www.thehockeyshop.com/collections/hockey-deals-clearance,https://www.thehockeyshop.com/products/ccm-team-lightweight-rink-suit-jacket-senior-2021,2026-03-20,2026-04-03,81,
www.thehockeyshop.com-J0490,CCM Team Quilted Junior Jacket,CCM Team Quilted Junior Jacket,129.99,20.00,https://cdn.shopify.com/s/files/1/0020/1585/4658/files/jackets-ccm-team-quilted-junior-jacket-1221728577.png?v=1772843109,Accessories,Other,Junior,CCM,Unknown,https://www.thehockeyshop.com/collections/hockey-deals-clearance,https://www.thehockeyshop.com/products/ccm-team-quilted-juniorjacket,2026-03-20,2026-04-03,85,
www.thehockeyshop.com-J0491,CCM Team Structured Adjustable Hat,CCM Team Structured Adjustable Hat,27.99,19.95,https://cdn.shopify.com/s/files/1/0020/1585/4658/files/hats-ccm-team-structured-adjustable-hat-1221789168.jpg?v=1772188390,Accessories,Other,Senior,CCM,In Stock,https://www.thehockeyshop.com/collections/hockey-deals-clearance,https://www.thehockeyshop.com/products/ccm-team-structured-adjustable-hat,2026-03-20,2026-04-03,29,
www.thehockeyshop.com-J0492,CCM Team Training Flex Hat,CCM Team Training Flex Hat,27.99,9.95,https://cdn.shopify.com/s/files/1/0020/1585/4658/files/hats-ccm-team-training-flex-hat-1221789188.jpg?v=1772189351,Accessories,Other,,CCM,In Stock,https://www.thehockeyshop.com/collections/hockey-deals-clearance,https://www.thehockeyshop.com/products/ccm-team-training-flex-hat,2026-03-20,2026-04-03,64,
www.thehockeyshop.com-J0493,CCM Ultimate ABS Youth Wood Hockey Stick (2022),CCM Ultimate ABS Youth Wood Hockey Stick (2022),34.99,19.95,https://cdn.shopify.com/s/files/1/0020/1585/4658/files/ccm-hockey-sticks-ccm-ultimate-abs-senior-wood-hockey-stick-2022-p29-l-85-1154945621.png?v=1768003273,Player Gear,Stick,Youth,CCM,In Stock,https://www.thehockeyshop.com/collections/hockey-deals-clearance,https://www.thehockeyshop.com/products/ccm-ultimate-abs-youth-wood-hockey-stick,2026-03-20,2026-04-03,43,
www.thehockeyshop.com-J0494,CCM Vintage Collection Youth Shortsleeve Shirt - Navy,CCM Vintage Collection Youth Shortsleeve Shirt - Navy,32.99,19.95,https://cdn.shopify.com/s/files/1/0020/1585/4658/files/shirts-ccm-vintage-collection-youth-shortsleeve-shirt-navy-1221772335.png?v=1771644732,Accessories,Other,Youth,CCM,In Stock,https://www.thehockeyshop.com/collections/hockey-deals-clearance,https://www.thehockeyshop.com/products/ccm-vintage-collection-youth-shortsleeve-shirt-navy,2026-03-20,2026-04-03,40,
www.thehockeyshop.com-J0495,CCM Vintage Knit Toque,CCM Vintage Knit Toque,29.99,9.95,https://cdn.shopify.com/s/files/1/0020/1585/4658/files/toques-ccm-vintage-knit-toque-1221727411.jpg?v=1772809030,Accessories,Other,,CCM,In Stock,https://www.thehockeyshop.com/collections/hockey-deals-clearance,https://www.thehockeyshop.com/products/ccm-vintage-knit-toque,2026-03-20,2026-04-03,67,
www.thehockeyshop.com-J0496,CCM Vintage Pom Knit Toque,CCM Vintage Pom Knit Toque,35.99,19.95,https://cdn.shopify.com/s/files/1/0020/1585/4658/files/toques-ccm-vintage-pom-knit-toque-1221785814.jpg?v=1772105138,Accessories,Other,,CCM,In Stock,https://www.thehockeyshop.com/collections/hockey-deals-clearance,https://www.thehockeyshop.com/products/ccm-vintage-pom-knit-toque,2026-03-20,2026-04-03,45,
www.thehockeyshop.com-J0497,CCM Vintage Youth Pom Knit Toque,CCM Vintage Youth Pom Knit Toque,35.99,19.95,https://cdn.shopify.com/s/files/1/0020/1585/4658/files/toques-ccm-vintage-pom-knit-toque-1221785814.jpg?v=1772105138,Accessories,Other,Youth,CCM,In Stock,https://www.thehockeyshop.com/collections/hockey-deals-clearance,https://www.thehockeyshop.com/products/ccm-vintage-youth-pom-knit-toque,2026-03-20,2026-04-03,45,
www.thehockeyshop.com-J0498,CCM VR41 Pro Stock Aviator Plus Hockey Visor,CCM VR41 Pro Stock Aviator Plus Hockey Visor,79.99,49.95,https://cdn.shopify.com/s/files/1/0020/1585/4658/products/visors-ccm-vr41-pro-stock-aviator-plus-hockey-visor-1221730436.jpg?v=1772898011,Accessories,Other,,CCM,In Stock,https://www.thehockeyshop.com/collections/hockey-deals-clearance,https://www.thehockeyshop.com/products/ccm-vr41-pro-stock-aviator-plus-hockey-visor,2026-03-20,2026-04-03,38,
www.thehockeyshop.com-J0499,CCM Vizion Mini Hockey Stick,CCM Vizion Mini Hockey Stick,39.99,23.95,https://cdn.shopify.com/s/files/1/0020/1585/4658/files/mini-hockey-stick-ccm-vizion-mini-hockey-stick-1221786577.jpg?v=1772117051,Player Gear,Stick,,CCM,In Stock,https://www.thehockeyshop.com/collections/hockey-deals-clearance,https://www.thehockeyshop.com/products/ccm-vz-le-mini-hockey-stick,2026-03-20,2026-04-03,40,
www.thehockeyshop.com-J0500,CCM XF Pro Composite Mini Hockey Stick,CCM XF Pro Composite Mini Hockey Stick,36.99,33.99,https://cdn.shopify.com/s/files/1/0020/1585/4658/files/mini-hockey-sticks-ccm-xf-pro-composite-mini-hockey-stick-1221785693.jpg?v=1772080779,Player Gear,Stick,,CCM,In Stock,https://www.thehockeyshop.com/collections/hockey-deals-clearance,https://www.thehockeyshop.com/products/ccm-xf-pro-composite-mini-hockey-stick,2026-03-20,2026-04-03,8,
www.thehockeyshop.com-J0501,CCM YTFlex 3 Youth Chest & Arm Protector,CCM YTFlex 3 Youth Chest & Arm Protector,139.99,111.98,https://cdn.shopify.com/s/files/1/0020/1585/4658/products/ccm-chest-protectors-ccm-ytflex-3-youth-chest-arm-protector-white-red-s-m-29171365740610.jpg?v=1768075324,Accessories,Other,Youth,CCM,In Stock,https://www.thehockeyshop.com/collections/hockey-deals-clearance,https://www.thehockeyshop.com/products/ccm-ytflex-3-youth-chest-arm-protector,2026-03-20,2026-04-03,20,
www.thehockeyshop.com-J0502,CCM YTFlex 3 Youth Goalie Blocker,CCM YTFlex 3 Youth Goalie Blocker,109.99,87.98,https://cdn.shopify.com/s/files/1/0020/1585/4658/products/blockers-ccm-ytflex-3-youth-goalie-blocker-1221734625.jpg?v=1773024071,Goalie Gear,Blocker,Youth,CCM,In Stock,https://www.thehockeyshop.com/collections/hockey-deals-clearance,https://www.thehockeyshop.com/products/ccm-ytflex-3-youth-goalie-blocker,2026-03-20,2026-04-03,20,
www.thehockeyshop.com-J0503,CCM YTFlex 3 Youth Goalie Catcher,CCM YTFlex 3 Youth Goalie Catcher,129.99,103.98,https://cdn.shopify.com/s/files/1/0020/1585/4658/products/catchers-ccm-ytflex-3-youth-goalie-catcher-1221734769.jpg?v=1773034750,Goalie Gear,Catcher Glove,Youth,CCM,In Stock,https://www.thehockeyshop.com/collections/hockey-deals-clearance,https://www.thehockeyshop.com/products/ccm-ytflex-3-youth-goalie-catcher,2026-03-20,2026-04-03,20,
www.thehockeyshop.com-J0504,CCM YTFlex 3 Youth Goalie Leg Pads,CCM YTFlex 3 Youth Goalie Leg Pads,229.99,183.98,https://cdn.shopify.com/s/files/1/0020/1585/4658/products/ccm-leg-pads-ccm-ytflex-3-youth-goalie-leg-pads-white-white-black-black-20-29171313672258.jpg?v=1768074623,Goalie Gear,Leg Pads,Youth,CCM,In Stock,https://www.thehockeyshop.com/collections/hockey-deals-clearance,https://www.thehockeyshop.com/products/ccm-ytflex-3-youth-goalie-leg-pads,2026-03-20,2026-04-03,20,
www.thehockeyshop.com-J0505,CCM YTFlex 3 Youth Goalie Pants,CCM YTFlex 3 Youth Goalie Pants,119.99,95.98,https://cdn.shopify.com/s/files/1/0020/1585/4658/products/goalie-pants-ccm-ytflex-3-youth-goalie-pants-1221734556.jpg?v=1773038649,Goalie Gear,Goalie Pants,Youth,CCM,In Stock,https://www.thehockeyshop.com/collections/hockey-deals-clearance,https://www.thehockeyshop.com/products/ccm-ytflex-3-youth-goalie-pants,2026-03-20,2026-04-03,20,
www.thehockeyshop.com-J0506,Chicago Blackhawks Home Outer Stuff Replica Junior Jersey - Jonathan Toews,Chicago Blackhawks Home Outer Stuff Replica Junior Jersey - Jonathan Toews,139.99,97.97,https://cdn.shopify.com/s/files/1/0020/1585/4658/products/nhl-jerseys-chicago-blackhawks-home-outer-stuff-replica-junior-jersey-jonathan-toews-1221766662.jpg?v=1774005698,Accessories,Jersey,Junior,Outer Stuff,In Stock,https://www.thehockeyshop.com/collections/hockey-deals-clearance,https://www.thehockeyshop.com/products/chicago-blackhawks-replica-junior-toews-jersey,2026-03-20,2026-04-03,30,
www.thehockeyshop.com-J0507,Bauer PWHL Knit Pom Toque Boston,Bauer PWHL Knit Pom Toque Boston,39.99,29.98,https://cdn.shopify.com/s/files/1/0020/1585/4658/files/toques-bauer-pwhl-knit-pom-toque-boston-1221785468.jpg?v=1772074389,Accessories,Other,,Bauer,In Stock,https://www.thehockeyshop.com/collections/hockey-deals-clearance,https://www.thehockeyshop.com/products/copy-of-baue-pwhl-knit-pom-toque-montreal,2026-03-20,2026-04-03,25,
www.thehockeyshop.com-J0508,Brian's ICONIK X Senior Goalie Blocker,Brian's ICONIK X Senior Goalie Blocker,379.99,265.97,https://cdn.shopify.com/s/files/1/0020/1585/4658/files/blockers-brian-s-iconik-x-senior-goalie-blocker-1221796116.jpg?v=1772397037,Goalie Gear,Blocker,Senior,Brian's,In Stock,https://www.thehockeyshop.com/collections/hockey-deals-clearance,https://www.thehockeyshop.com/products/copy-of-brians-g-netik-x5-senior-goalie-blocker,2026-03-20,2026-04-03,30,
www.thehockeyshop.com-J0511,Dead Threads Shortsleeve Senior Shirt - New York Island,Dead Threads Shortsleeve Senior Shirt - New York Island,34.99,19.95,https://cdn.shopify.com/s/files/1/0020/1585/4658/files/shirts-dead-threads-shortsleeve-senior-shirt-new-york-island-1221785732.webp?v=1772082190,Accessories,Other,Senior,Dead Threads Apparel,Unknown,https://www.thehockeyshop.com/collections/hockey-deals-clearance,https://www.thehockeyshop.com/products/dead-threads-shortsleeve-senior-shirt-new-york-island,2026-03-20,2026-04-03,43,
www.thehockeyshop.com-J0512,Eagle Aero Intermediate Hockey Gloves - (2023),Eagle Aero Intermediate Hockey Gloves - (2023),149.99,99.97,https://cdn.shopify.com/s/files/1/0020/1585/4658/files/gloves-eagle-aero-junior-hockey-gloves-2023-1221774069.jpg?v=1772464150,Player Gear,Gloves,Intermediate,Eagle,In Stock,https://www.thehockeyshop.com/collections/hockey-deals-clearance,https://www.thehockeyshop.com/products/eagle-aero-intermediaet-hockey-gloves-2023,2026-03-20,2026-04-03,33,
www.thehockeyshop.com-J0513,Eagle Aero Junior Hockey Gloves - (2023),Eagle Aero Junior Hockey Gloves - (2023),129.99,79.97,https://cdn.shopify.com/s/files/1/0020/1585/4658/files/gloves-eagle-aero-junior-hockey-gloves-2023-1221774069.jpg?v=1772464150,Player Gear,Gloves,Junior,Eagle,In Stock,https://www.thehockeyshop.com/collections/hockey-deals-clearance,https://www.thehockeyshop.com/products/eagle-aero-junior-hockey-gloves,2026-03-20,2026-04-03,38,
www.thehockeyshop.com-J0514,Eagle Aero Team Hockey Gloves,Eagle Aero Team Hockey Gloves,199.99,139.97,https://cdn.shopify.com/s/files/1/0020/1585/4658/files/eagle-hockey-gloves-eagle-aero-team-senior-hockey-gloves-black-white-12-30215610007618.jpg?v=1768094150,Accessories,Gloves,,Eagle,Unknown,https://www.thehockeyshop.com/collections/hockey-deals-clearance,https://www.thehockeyshop.com/products/eagle-aero-team-senior-hockey-gloves,2026-03-20,2026-04-03,30,
www.thehockeyshop.com-J0515,Calgary Flames Fanatics Authentic Pro Draft Flexfit Hat,Calgary Flames Fanatics Authentic Pro Draft Flexfit Hat,43.99,29.95,https://cdn.shopify.com/s/files/1/0020/1585/4658/products/hats-calgary-flames-fanatics-authentic-pro-draft-flexfit-hat-1221730138.jpg?v=1772888831,Accessories,Other,,Fanatics,In Stock,https://www.thehockeyshop.com/collections/hockey-deals-clearance,https://www.thehockeyshop.com/products/fanatics-ap-draft-flexfit-hat-calgary-flames,2026-03-20,2026-04-03,32,
www.thehockeyshop.com-J0516,Fanatics AP Practice Snapback Hat - Nashville Predators,Fanatics AP Practice Snapback Hat - Nashville Predators,44.99,29.95,https://cdn.shopify.com/s/files/1/0020/1585/4658/files/hats-fanatics-ap-practice-snapback-hat-nashville-predators-1221786273.jpg?v=1772097253,Accessories,Other,,Fanatics,In Stock,https://www.thehockeyshop.com/collections/hockey-deals-clearance,https://www.thehockeyshop.com/products/fanatics-ap-practice-snapback-hat-nashville-predators,2026-03-20,2026-04-03,33,
www.thehockeyshop.com-J0517,Fanatics AP Rink 6 Stretch Hat - Chicago Blackhawks,Fanatics AP Rink 6 Stretch Hat - Chicago Blackhawks,47.99,29.95,https://cdn.shopify.com/s/files/1/0020/1585/4658/files/hats-fanatics-ap-rink-6-stretch-hat-chicago-blackhawks-1221783749.jpg?v=1771999331,Accessories,Other,,Fanatics,In Stock,https://www.thehockeyshop.com/collections/hockey-deals-clearance,https://www.thehockeyshop.com/products/fanatics-ap-rink-6-stretch-hat-chicago-blackhawks,2026-03-20,2026-04-03,38,
www.thehockeyshop.com-J0518,Fanatics AP Rink 6 Stretch Hat - Tampa Bay Lightning,Fanatics AP Rink 6 Stretch Hat - Tampa Bay Lightning,47.99,29.95,https://cdn.shopify.com/s/files/1/0020/1585/4658/files/hats-fanatics-ap-rink-6-stretch-hat-tampa-bay-lightning-1221783675.jpg?v=1771998011,Accessories,Other,,Fanatics,Unknown,https://www.thehockeyshop.com/collections/hockey-deals-clearance,https://www.thehockeyshop.com/products/fanatics-ap-rink-6-stretch-hat-tampa-bay-lightning,2026-03-20,2026-04-03,38,
www.thehockeyshop.com-J0519,Seattle Kraken Fanatics Authentic Pro Training Camp Flexfit Hat,Seattle Kraken Fanatics Authentic Pro Training Camp Flexfit Hat,43.99,29.95,https://cdn.shopify.com/s/files/1/0020/1585/4658/products/hats-seattle-kraken-fanatics-authentic-pro-training-camp-flexfit-hat-1221730252.jpg?v=1772895729,Accessories,Other,,Fanatics,In Stock,https://www.thehockeyshop.com/collections/hockey-deals-clearance,https://www.thehockeyshop.com/products/fanatics-ap-training-camp-flexfit-hat-seattle-kraken,2026-03-20,2026-04-03,32,
www.thehockeyshop.com-J0520,Fanatics Auth N&N Mens Shirt - Vancouver Canucks Third Conor Garland,Fanatics Auth N&N Mens Shirt - Vancouver Canucks Third Conor Garland,44.99,22.50,https://cdn.shopify.com/s/files/1/0020/1585/4658/files/shirts-fanatics-auth-n-n-mens-shirt-vancouver-canucks-third-conor-garland-1221778023.png?v=1771834451,Accessories,Other,,Fanatics,In Stock,https://www.thehockeyshop.com/collections/hockey-deals-clearance,https://www.thehockeyshop.com/products/fanatics-auth-n-n-mens-shirt-vancouver-canucks-third-conor-garland,2026-03-20,2026-04-03,50,
www.thehockeyshop.com-J0521,Fanatics Auth N&N Mens Shirt - Vancouver Canucks Third Quinn Hughes,Fanatics Auth N&N Mens Shirt - Vancouver Canucks Third Quinn Hughes,44.99,22.50,https://cdn.shopify.com/s/files/1/0020/1585/4658/files/shirts-fanatics-auth-n-n-mens-shirt-vancouver-canucks-third-quinn-hughes-1221795052.jpg?v=1772375654,Accessories,Other,,Fanatics,In Stock,https://www.thehockeyshop.com/collections/hockey-deals-clearance,https://www.thehockeyshop.com/products/fanatics-auth-n-n-mens-shirt-vancouver-canucks-third-quinn-hughes,2026-03-20,2026-04-03,50,
www.thehockeyshop.com-J0522,Fanatics Authentic Pro Core Secondary Mens Shirt - Buffalo Sabres,Fanatics Authentic Pro Core Secondary Mens Shirt - Buffalo Sabres,39.99,19.95,https://cdn.shopify.com/s/files/1/0020/1585/4658/files/shirts-fanatics-authentic-pro-core-secondary-mens-shirt-buffalo-sabres-1221782627.jpg?v=1771965218,Accessories,Other,,Fanatics,In Stock,https://www.thehockeyshop.com/collections/hockey-deals-clearance,https://www.thehockeyshop.com/products/fanatics-authentic-pro-core-secondary-mens-shirt-buffalo-sabres,2026-03-20,2026-04-03,50,
www.thehockeyshop.com-J0523,Fanatics Authentic Pro Core Secondary Mens Shirt - Colorado Avalanche,Fanatics Authentic Pro Core Secondary Mens Shirt - Colorado Avalanche,39.99,19.95,https://cdn.shopify.com/s/files/1/0020/1585/4658/files/colorado-avalanche_f45cb057-b626-49fd-b393-0a2324e60104.png?v=1772754088,Accessories,Other,,Fanatics,In Stock,https://www.thehockeyshop.com/collections/hockey-deals-clearance,https://www.thehockeyshop.com/products/fanatics-authentic-pro-core-secondary-mens-shirt-colorado-avalanche,2026-03-20,2026-04-03,50,
www.thehockeyshop.com-J0524,Fanatics Authentic Pro Core Secondary Mens Shirt - Minnesota Wild,Fanatics Authentic Pro Core Secondary Mens Shirt - Minnesota Wild,39.99,19.95,https://cdn.shopify.com/s/files/1/0020/1585/4658/files/shirts-fanatics-authentic-pro-core-secondary-mens-shirt-minnesota-wild-1221782274.jpg?v=1771947579,Accessories,Other,,Fanatics,Unknown,https://www.thehockeyshop.com/collections/hockey-deals-clearance,https://www.thehockeyshop.com/products/fanatics-authentic-pro-core-secondary-mens-shirt-minnesota-wild,2026-03-20,2026-04-03,50,
www.thehockeyshop.com-J0525,Fanatics Authentic Pro Core Secondary Mens Shirt - Nashville Predators,Fanatics Authentic Pro Core Secondary Mens Shirt - Nashville Predators,39.99,19.95,https://cdn.shopify.com/s/files/1/0020/1585/4658/files/shirts-fanatics-authentic-pro-core-secondary-mens-shirt-nashville-predators-1221782617.jpg?v=1771964891,Accessories,Other,,Fanatics,In Stock,https://www.thehockeyshop.com/collections/hockey-deals-clearance,https://www.thehockeyshop.com/products/fanatics-authentic-pro-core-secondary-mens-shirt-nashville-predators,2026-03-20,2026-04-03,50,
www.thehockeyshop.com-J0526,Fanatics Authentic Pro Core Secondary Mens Shirt - New York Islanders,Fanatics Authentic Pro Core Secondary Mens Shirt - New York Islanders,39.99,19.95,https://cdn.shopify.com/s/files/1/0020/1585/4658/files/shirts-fanatics-authentic-pro-core-secondary-mens-shirt-new-york-islanders-1221782615.jpg?v=1771964831,Accessories,Other,,Fanatics,In Stock,https://www.thehockeyshop.com/collections/hockey-deals-clearance,https://www.thehockeyshop.com/products/fanatics-authentic-pro-core-secondary-mens-shirt-new-york-islanders,2026-03-20,2026-04-03,50,
www.thehockeyshop.com-J0527,Fanatics Authentic Pro Core Secondary Mens Shirt - Pittsburgh Penguins,Fanatics Authentic Pro Core Secondary Mens Shirt - Pittsburgh Penguins,39.99,19.95,https://cdn.shopify.com/s/files/1/0020/1585/4658/files/shirts-fanatics-authentic-pro-core-secondary-mens-shirt-pittsburgh-penguins-1221782612.jpg?v=1771974038,Accessories,Other,,Fanatics,In Stock,https://www.thehockeyshop.com/collections/hockey-deals-clearance,https://www.thehockeyshop.com/products/fanatics-authentic-pro-core-secondary-mens-shirt-pittsburgh-penguins,2026-03-20,2026-04-03,50,
www.thehockeyshop.com-J0528,Fanatics Breakaway Senior Home Jersey - St. Louis Blues,Fanatics Breakaway Senior Home Jersey - St. Louis Blues,159.99,119.98,https://cdn.shopify.com/s/files/1/0020/1585/4658/files/nhl-jerseys-fanatics-breakaway-senior-home-jersey-st-louis-blues-1221797400.png?v=1772442490,Accessories,Jersey,Senior,Fanatics,Unknown,https://www.thehockeyshop.com/collections/hockey-deals-clearance,https://www.thehockeyshop.com/products/fanatics-breakaway-senior-home-jersey-st-louis-blues,2026-03-20,2026-04-03,25,
www.thehockeyshop.com-J0529,Fanatics Breakaway Structured Stretch Hat - Vancouver Canucks,Fanatics Breakaway Structured Stretch Hat - Vancouver Canucks,44.99,29.95,https://cdn.shopify.com/s/files/1/0020/1585/4658/files/hats-fanatics-breakaway-structured-stretch-hat-vancouver-canucks-1221788396.jpg?v=1772163338,Accessories,Other,,Fanatics,In Stock,https://www.thehockeyshop.com/collections/hockey-deals-clearance,https://www.thehockeyshop.com/products/fanatics-breakaway-structured-stretch-hat-vancouver-canucks,2026-03-20,2026-04-03,33,
www.thehockeyshop.com-J0530,Fanatics Breakaway Womens Home Jersey - Tampa Bay Lightning - Steven Stamkos,Fanatics Breakaway Womens Home Jersey - Tampa Bay Lightning - Steven Stamkos,209.99,129.95,https://cdn.shopify.com/s/files/1/0020/1585/4658/files/nhl-jerseys-fanatics-breakaway-womens-home-jersey-tampa-bay-lightning-steven-stamkos-1221788766.jpg?v=1772183651,Accessories,Jersey,,Fanatics,In Stock,https://www.thehockeyshop.com/collections/hockey-deals-clearance,https://www.thehockeyshop.com/products/fanatics-breakaway-womens-home-jersey-tampa-bay-lightning-steven-stamkos,2026-03-20,2026-04-03,38,
www.thehockeyshop.com-J0531,Fanatics Core Speed Flex Fit Hat - Vancouver Canucks,Fanatics Core Speed Flex Fit Hat - Vancouver Canucks,37.99,29.95,https://cdn.shopify.com/s/files/1/0020/1585/4658/files/hats-fanatics-core-speed-flex-fit-hat-vancouver-canucks-1221788388.jpg?v=1772163069,Accessories,Other,,Fanatics,In Stock,https://www.thehockeyshop.com/collections/hockey-deals-clearance,https://www.thehockeyshop.com/products/fanatics-core-speed-flex-fit-hat-vancouver-canucks,2026-03-20,2026-04-03,21,
www.thehockeyshop.com-J0532,Fanatics Core Structured Stretch Hat - Chicago Blackhawks,Fanatics Core Structured Stretch Hat - Chicago Blackhawks,37.99,29.95,https://cdn.shopify.com/s/files/1/0020/1585/4658/files/hats-fanatics-core-structured-stretch-hat-chicago-blackhawks-1221798281.jpg?v=1772464298,Accessories,Other,,Fanatics,In Stock,https://www.thehockeyshop.com/collections/hockey-deals-clearance,https://www.thehockeyshop.com/products/fanatics-core-structured-stretch-hat-chicago-blackhawks-red,2026-03-20,2026-04-03,21,
www.thehockeyshop.com-J0533,Fanatics Core Unstructured Adjustable Hat - Chicago Blackhawks,Fanatics Core Unstructured Adjustable Hat - Chicago Blackhawks,29.99,19.95,https://cdn.shopify.com/s/files/1/0020/1585/4658/files/hats-fanatics-core-unstructured-adjustable-hat-chicago-blackhawks-1221797816.jpg?v=1772447473,Accessories,Other,,Fanatics,In Stock,https://www.thehockeyshop.com/collections/hockey-deals-clearance,https://www.thehockeyshop.com/products/fanatics-core-unstructured-adjustable-hat-chicago-blackhawks,2026-03-20,2026-04-03,33,
www.thehockeyshop.com-J0534,Fanatics Core Unstructured Primary Logo Adjustable Hat - Chicago Blackhawks,Fanatics Core Unstructured Primary Logo Adjustable Hat - Chicago Blackhawks,31.99,19.95,https://cdn.shopify.com/s/files/1/0020/1585/4658/files/hats-fanatics-core-unstructured-primary-logo-adjustable-hat-chicago-blackhawks-1221782717.jpg?v=1771969031,Accessories,Other,,Fanatics,In Stock,https://www.thehockeyshop.com/collections/hockey-deals-clearance,https://www.thehockeyshop.com/products/fanatics-core-unstructured-primary-logo-adjustable-hat-chicago-blackhawks,2026-03-20,2026-04-03,38,
www.thehockeyshop.com-J0535,Fanatics Core Unstructured Primary Logo Adjustable Hat - Montreal Canadiens,Fanatics Core Unstructured Primary Logo Adjustable Hat - Montreal Canadiens,31.99,19.95,https://cdn.shopify.com/s/files/1/0020/1585/4658/files/hats-fanatics-core-unstructured-primary-logo-adjustable-hat-montreal-canadiens-1221782755.jpg?v=1771970171,Accessories,Other,,Fanatics,In Stock,https://www.thehockeyshop.com/collections/hockey-deals-clearance,https://www.thehockeyshop.com/products/fanatics-core-unstructured-primary-logo-adjustable-hat-montreal-canadiens,2026-03-20,2026-04-03,38,
www.thehockeyshop.com-J0536,Fanatics Core Unstructured Primary Logo Adjustable Hat - New York Islanders,Fanatics Core Unstructured Primary Logo Adjustable Hat - New York Islanders,31.99,19.95,https://cdn.shopify.com/s/files/1/0020/1585/4658/files/hats-fanatics-core-unstructured-primary-logo-adjustable-hat-new-york-islanders-1221782681.jpg?v=1771966837,Accessories,Other,,Fanatics,In Stock,https://www.thehockeyshop.com/collections/hockey-deals-clearance,https://www.thehockeyshop.com/products/fanatics-core-unstructured-primary-logo-adjustable-hat-new-york-islanders,2026-03-20,2026-04-03,38,
www.thehockeyshop.com-J0537,Fanatics Fundamental Structured Trucker Hat - Calgary Flames,Fanatics Fundamental Structured Trucker Hat - Calgary Flames,34.99,29.95,https://cdn.shopify.com/s/files/1/0020/1585/4658/files/hats-fanatics-fundamental-structured-trucker-hat-calgary-flames-1221797007.jpg?v=1772426917,Accessories,Other,,Fanatics,In Stock,https://www.thehockeyshop.com/collections/hockey-deals-clearance,https://www.thehockeyshop.com/products/fanatics-fundamental-structured-trucker-hat-calgary-flames,2026-03-20,2026-04-03,14,
www.thehockeyshop.com-J0538,Fanatics Fundamental Structured Trucker Hat - Columbus Blue Jackets,Fanatics Fundamental Structured Trucker Hat - Columbus Blue Jackets,34.99,29.95,https://cdn.shopify.com/s/files/1/0020/1585/4658/files/hats-fanatics-fundamental-structured-trucker-hat-columbus-blue-jackets-1221796998.jpg?v=1772426677,Accessories,Other,,Fanatics,In Stock,https://www.thehockeyshop.com/collections/hockey-deals-clearance,https://www.thehockeyshop.com/products/fanatics-fundamental-structured-trucker-hat-columbus-blue-jackets,2026-03-20,2026-04-03,14,
www.thehockeyshop.com-J0539,Fanatics Fundamental Structured Trucker Hat - New York Islanders,Fanatics Fundamental Structured Trucker Hat - New York Islanders,34.99,29.95,https://cdn.shopify.com/s/files/1/0020/1585/4658/files/hats-fanatics-fundamental-structured-trucker-hat-new-york-islanders-1221720214.png?v=1772426230,Accessories,Other,,Fanatics,In Stock,https://www.thehockeyshop.com/collections/hockey-deals-clearance,https://www.thehockeyshop.com/products/fanatics-fundamental-structured-trucker-hat-new-york-islanders,2026-03-20,2026-04-03,14,
www.thehockeyshop.com-J0540,Fanatics Fundamental Structured Trucker Hat - Ottawa Senators,Fanatics Fundamental Structured Trucker Hat - Ottawa Senators,34.99,29.95,https://cdn.shopify.com/s/files/1/0020/1585/4658/files/hats-fanatics-fundamental-structured-trucker-hat-ottawa-senators-1221796984.jpg?v=1772426171,Accessories,Other,,Fanatics,In Stock,https://www.thehockeyshop.com/collections/hockey-deals-clearance,https://www.thehockeyshop.com/products/fanatics-fundamental-structured-trucker-hat-ottawa-senators,2026-03-20,2026-04-03,14,
www.thehockeyshop.com-J0541,Fanatics Fundamental Structured Trucker Hat - Seattle Kraken,Fanatics Fundamental Structured Trucker Hat - Seattle Kraken,34.99,29.95,https://cdn.shopify.com/s/files/1/0020/1585/4658/files/hats-fanatics-fundamental-structured-trucker-hat-seattle-kraken-1221796978.jpg?v=1772426021,Accessories,Other,,Fanatics,In Stock,https://www.thehockeyshop.com/collections/hockey-deals-clearance,https://www.thehockeyshop.com/products/fanatics-fundamental-structured-trucker-hat-seattle-kraken,2026-03-20,2026-04-03,14,
www.thehockeyshop.com-J0542,Fanatics Fundametal Structured Adjustable Hat - Vancouver Canucks,Fanatics Fundametal Structured Adjustable Hat - Vancouver Canucks,34.99,29.95,https://cdn.shopify.com/s/files/1/0020/1585/4658/files/hats-fanatics-fundametal-structured-adjustable-hat-vancouver-canucks-1221788400.jpg?v=1772163430,Accessories,Other,,Fanatics,In Stock,https://www.thehockeyshop.com/collections/hockey-deals-clearance,https://www.thehockeyshop.com/products/fanatics-fundametal-structured-adjustable-hat-vancouver-canucks,2026-03-20,2026-04-03,14,
www.thehockeyshop.com-J0543,Fanatics Fundamental Structured Flexfit Hat - Vancouver Canucks,Fanatics Fundamental Structured Flexfit Hat - Vancouver Canucks,37.99,29.95,https://cdn.shopify.com/s/files/1/0020/1585/4658/files/hats-fanatics-fundamental-structured-flexfit-hat-vancouver-canucks-1221788392.jpg?v=1772163192,Accessories,Other,,Fanatics,In Stock,https://www.thehockeyshop.com/collections/hockey-deals-clearance,https://www.thehockeyshop.com/products/fanatics-fundametal-structured-flexfit-hat-vancouver-canucks,2026-03-20,2026-04-03,21,
www.thehockeyshop.com-J0544,Calgary Flames Fanatics Iconic Gradient Structured Trucker Hat,Calgary Flames Fanatics Iconic Gradient Structured Trucker Hat,33.99,29.95,https://cdn.shopify.com/s/files/1/0020/1585/4658/files/hats-calgary-flames-fanatics-iconic-gradient-structured-trucker-hat-1221728157.jpg?v=1772820458,Accessories,Other,,Fanatics,In Stock,https://www.thehockeyshop.com/collections/hockey-deals-clearance,https://www.thehockeyshop.com/products/fanatics-iconic-gradient-structured-trucker-hat-calgary-flames,2026-03-20,2026-04-03,12,
www.thehockeyshop.com-J0545,Seattle Kraken Fanatics Iconic Gradient Structured Trucker Hat,Seattle Kraken Fanatics Iconic Gradient Structured Trucker Hat,33.99,29.95,https://cdn.shopify.com/s/files/1/0020/1585/4658/products/hats-seattle-kraken-fanatics-iconic-gradient-structured-trucker-hat-1221728213.jpg?v=1772841698,Accessories,Other,,Fanatics,In Stock,https://www.thehockeyshop.com/collections/hockey-deals-clearance,https://www.thehockeyshop.com/products/fanatics-iconic-gradient-structured-trucker-hat-seattle-kraken,2026-03-20,2026-04-03,12,
www.thehockeyshop.com-J0546,Seattle Kraken Fanatics NHL Core Flex Hat,Seattle Kraken Fanatics NHL Core Flex Hat,37.99,29.95,https://cdn.shopify.com/s/files/1/0020/1585/4658/products/hats-seattle-kraken-fanatics-nhl-core-flex-hat-1221738256.jpg?v=1773150492,Accessories,Other,,Fanatics,In Stock,https://www.thehockeyshop.com/collections/hockey-deals-clearance,https://www.thehockeyshop.com/products/fanatics-nhl-core-flex-hat,2026-03-20,2026-04-03,21,
www.thehockeyshop.com-J0547,Seattle Kraken Fanatics NHL Core Snapback Hat,Seattle Kraken Fanatics NHL Core Snapback Hat,37.99,29.95,https://cdn.shopify.com/s/files/1/0020/1585/4658/products/hats-seattle-kraken-fanatics-nhl-core-snapback-hat-1221738281.jpg?v=1773151297,Accessories,Other,,Fanatics,In Stock,https://www.thehockeyshop.com/collections/hockey-deals-clearance,https://www.thehockeyshop.com/products/fanatics-nhl-core-snapback-hat,2026-03-20,2026-04-03,21,
www.thehockeyshop.com-J0548,Fanatics Premium Senior Alternate Jersey - Pittsburgh Penguins (2024),Fanatics Premium Senior Alternate Jersey - Pittsburgh Penguins (2024),199.99,149.98,https://cdn.shopify.com/s/files/1/0020/1585/4658/files/nhl-jerseys-fanatics-premium-senior-alternate-jersey-pittsburgh-penguins-2024-1221789020.jpg?v=1772182238,Accessories,Jersey,Senior,Fanatics,In Stock,https://www.thehockeyshop.com/collections/hockey-deals-clearance,https://www.thehockeyshop.com/products/fanatics-premium-senior-alternate-jersey-pittsburgh-penguins,2026-03-20,2026-04-03,25,
www.thehockeyshop.com-J0549,Fanatics Premium Senior Alternate Jersey - Vancouver Canucks Quinn Hughes,Fanatics Premium Senior Alternate Jersey - Vancouver Canucks Quinn Hughes,249.99,125.00,https://cdn.shopify.com/s/files/1/0020/1585/4658/files/nhl-jerseys-fanatics-premium-senior-alternate-jersey-vancouver-canucks-quinn-hughes-1221785283.jpg?v=1772064519,Accessories,Jersey,Senior,Fanatics,In Stock,https://www.thehockeyshop.com/collections/hockey-deals-clearance,https://www.thehockeyshop.com/products/fanatics-premium-senior-alternate-jersey-vancouver-canucks-quinn-hughes,2026-03-20,2026-04-03,50,
www.thehockeyshop.com-J0550,Fanatics Premium Senior Away Jersey - Carolina Hurricanes (2024),Fanatics Premium Senior Away Jersey - Carolina Hurricanes (2024),199.99,149.98,https://cdn.shopify.com/s/files/1/0020/1585/4658/files/nhl-jerseys-fanatics-premium-senior-away-jersey-carolina-hurricanes-2024-1221788653.webp?v=1772169757,Accessories,Jersey,Senior,Fanatics,In Stock,https://www.thehockeyshop.com/collections/hockey-deals-clearance,https://www.thehockeyshop.com/products/fanatics-premium-senior-away-jersey-carolina-hurricanes,2026-03-20,2026-04-03,25,
www.thehockeyshop.com-J0551,Fanatics Premium Senior Home Jersey - Boston Bruins (2024),Fanatics Premium Senior Home Jersey - Boston Bruins (2024),199.99,149.98,https://cdn.shopify.com/s/files/1/0020/1585/4658/files/nhl-jerseys-fanatics-premium-senior-home-jersey-boston-bruins-2024-1221788600.jpg?v=1772168110,Accessories,Jersey,Senior,Fanatics,In Stock,https://www.thehockeyshop.com/collections/hockey-deals-clearance,https://www.thehockeyshop.com/products/fanatics-premium-senior-home-jersey-boston-bruins,2026-03-20,2026-04-03,25,
www.thehockeyshop.com-J0552,Fanatics Premium Senior Home Jersey - St. Louis Blues,Fanatics Premium Senior Home Jersey - St. Louis Blues,199.99,149.98,https://cdn.shopify.com/s/files/1/0020/1585/4658/files/nhl-jerseys-fanatics-premium-senior-home-jersey-st-louis-blues-1221789080.jpg?v=1772185779,Accessories,Jersey,Senior,Fanatics,In Stock,https://www.thehockeyshop.com/collections/hockey-deals-clearance,https://www.thehockeyshop.com/products/fanatics-premium-senior-home-jersey-st-louis-blues,2026-03-20,2026-04-03,25,
www.thehockeyshop.com-J0553,Fanatics Premium Senior Home Jersey - Toronto Maple Leafs Mitch Marner,Fanatics Premium Senior Home Jersey - Toronto Maple Leafs Mitch Marner,249.99,99.95,https://cdn.shopify.com/s/files/1/0020/1585/4658/files/nhl-jerseys-fanatics-premium-senior-home-jersey-toronto-maple-leafs-mitch-marner-1221783846.jpg?v=1772011091,Accessories,Jersey,Senior,Fanatics,Unknown,https://www.thehockeyshop.com/collections/hockey-deals-clearance,https://www.thehockeyshop.com/products/fanatics-premium-senior-home-jersey-toronto-maple-leafs-mitch-marner,2026-03-20,2026-04-03,60,
www.thehockeyshop.com-J0554,Fanatics Premium Senior Home Jersey - Utah Hockey Club,Fanatics Premium Senior Home Jersey - Utah Hockey Club,199.99,149.98,https://cdn.shopify.com/s/files/1/0020/1585/4658/files/nhl-jerseys-fanatics-premium-senior-home-jersey-utah-hockey-club-1221782850.jpg?v=1771981178,Accessories,Jersey,Senior,Fanatics,In Stock,https://www.thehockeyshop.com/collections/hockey-deals-clearance,https://www.thehockeyshop.com/products/fanatics-premium-senior-home-jersey-utah-hockey-club,2026-03-20,2026-04-03,25,
www.thehockeyshop.com-J0555,Fanatics Premium Senior Home Jersey - Vancouver Canucks Quinn Hughes,Fanatics Premium Senior Home Jersey - Vancouver Canucks Quinn Hughes,249.99,125.00,https://cdn.shopify.com/s/files/1/0020/1585/4658/files/nhl-jerseys-fanatics-premium-senior-home-jersey-vancouver-canucks-quinn-hughes-1221783832.jpg?v=1772010254,Accessories,Jersey,Senior,Fanatics,In Stock,https://www.thehockeyshop.com/collections/hockey-deals-clearance,https://www.thehockeyshop.com/products/fanatics-premium-senior-home-jersey-vancouver-canucks-quinn-hughes,2026-03-20,2026-04-03,50,
www.thehockeyshop.com-J0556,Fanatics Vintage Winger Pullover Hoody - Chicago Blackhawks,Fanatics Vintage Winger Pullover Hoody - Chicago Blackhawks,74.99,19.95,https://cdn.shopify.com/s/files/1/0020/1585/4658/files/hoodies-fanatics-vintage-winger-pullover-hoody-chicago-blackhawks-1221782838.jpg?v=1771980820,Accessories,Other,,Fanatics,In Stock,https://www.thehockeyshop.com/collections/hockey-deals-clearance,https://www.thehockeyshop.com/products/fanatics-vintage-winger-pullover-hoody-chicago-blackhawks,2026-03-20,2026-04-03,73,
www.thehockeyshop.com-J0558,Forever Collectibles NHL Big Eyed Bear - Pittsburgh Penguins,Forever Collectibles NHL Big Eyed Bear - Pittsburgh Penguins,19.99,11.95,https://cdn.shopify.com/s/files/1/0020/1585/4658/files/toys-games-forever-collectibles-nhl-big-eyed-bear-pittsburgh-penguins-1221801249.jpg?v=1772557331,Accessories,Other,,Forever Collectibles,In Stock,https://www.thehockeyshop.com/collections/hockey-deals-clearance,https://www.thehockeyshop.com/products/forever-collectibles-nhl-big-eyed-bear-pittsburgh-penguins,2026-03-20,2026-04-03,40,
www.thehockeyshop.com-J0559,Forever Collectibles NHL Fangster - Philadelphia Flyers,Forever Collectibles NHL Fangster - Philadelphia Flyers,19.99,9.95,https://cdn.shopify.com/s/files/1/0020/1585/4658/files/toys-games-forever-collectibles-nhl-fangster-philadelphia-flyers-1221801261.jpg?v=1772557718,Accessories,Other,,Forever Collectibles,In Stock,https://www.thehockeyshop.com/collections/hockey-deals-clearance,https://www.thehockeyshop.com/products/forever-collectibles-nhl-fangster-philadelphia-flyers,2026-03-20,2026-04-03,50,
www.thehockeyshop.com-J0560,Forever Collectibles NHL Slider Monkey - Detroit Red Wings,Forever Collectibles NHL Slider Monkey - Detroit Red Wings,33.99,19.95,https://cdn.shopify.com/s/files/1/0020/1585/4658/files/toys-games-forever-collectibles-nhl-slider-monkey-detroit-red-wings-1221801257.jpg?v=1772557598,Accessories,Other,,Forever Collectibles,In Stock,https://www.thehockeyshop.com/collections/hockey-deals-clearance,https://www.thehockeyshop.com/products/forever-collectibles-nhl-slider-monkey-detroit-red-wings,2026-03-20,2026-04-03,41,
www.thehockeyshop.com-J0561,Forever Collectibles NHL Sock Monkey - Vegas Golden Knights,Forever Collectibles NHL Sock Monkey - Vegas Golden Knights,33.99,19.95,https://cdn.shopify.com/s/files/1/0020/1585/4658/files/toys-games-forever-collectibles-nhl-sock-monkey-vegas-golden-knights-1221801236.jpg?v=1772556938,Accessories,Socks,,Forever Collectibles,In Stock,https://www.thehockeyshop.com/collections/hockey-deals-clearance,https://www.thehockeyshop.com/products/forever-collectibles-nhl-sock-monkey-vegas-golden-knights,2026-03-20,2026-04-03,41,
www.thehockeyshop.com-J0562,Forever Collectibles NHL Team Bear - New Jersey Devils,Forever Collectibles NHL Team Bear - New Jersey Devils,19.99,11.95,https://cdn.shopify.com/s/files/1/0020/1585/4658/files/toys-games-forever-collectibles-nhl-team-bear-new-jersey-devils-1221801240.jpg?v=1772557030,Accessories,Jersey,,Forever Collectibles,In Stock,https://www.thehockeyshop.com/collections/hockey-deals-clearance,https://www.thehockeyshop.com/products/forever-collectibles-nhl-team-bear-new-jersey-devils,2026-03-20,2026-04-03,40,
www.thehockeyshop.com-J0564,HockeyShot Extreme Dangler,HockeyShot Extreme Dangler,99.99,79.98,https://cdn.shopify.com/s/files/1/0020/1585/4658/products/stickhandling-passing-aids-hockeyshot-extreme-dangler-1221740287.jpg?v=1773212678,Accessories,Other,,HockeyShot,In Stock,https://www.thehockeyshop.com/collections/hockey-deals-clearance,https://www.thehockeyshop.com/products/hockeyshot-extreme-dangler,2026-03-20,2026-04-03,20,
www.thehockeyshop.com-J0565,HockeyShot Quick Rope,HockeyShot Quick Rope,34.99,27.98,https://cdn.shopify.com/s/files/1/0020/1585/4658/products/fitness-training-hockeyshot-quick-rope-1221731197.jpg?v=1772923717,Accessories,Other,,HockeyShot,In Stock,https://www.thehockeyshop.com/collections/hockey-deals-clearance,https://www.thehockeyshop.com/products/hockeyshot-quick-rope,2026-03-20,2026-04-03,20,
www.thehockeyshop.com-J0566,HockeyShot Speed Chute,HockeyShot Speed Chute,34.99,27.98,https://cdn.shopify.com/s/files/1/0020/1585/4658/products/fitness-training-hockeyshot-speed-chute-1221731195.jpg?v=1772923658,Accessories,Other,,HockeyShot,In Stock,https://www.thehockeyshop.com/collections/hockey-deals-clearance,https://www.thehockeyshop.com/products/hockeyshot-speed-chute,2026-03-20,2026-04-03,20,
www.thehockeyshop.com-J0567,Knapper AK2 Ball Hockey Gloves,Knapper AK2 Ball Hockey Gloves,59.99,47.98,https://cdn.shopify.com/s/files/1/0020/1585/4658/products/gloves-knapper-ak2-ball-hockey-gloves-1221737391.jpg?v=1773102338,Accessories,Gloves,,Knapper,In Stock,https://www.thehockeyshop.com/collections/hockey-deals-clearance,https://www.thehockeyshop.com/products/knapper-ak2-ball-hockey-gloves,2026-03-20,2026-04-03,20,
www.thehockeyshop.com-J0568,Knapper AK3 Ball Hockey Gloves,Knapper AK3 Ball Hockey Gloves,79.99,63.98,https://cdn.shopify.com/s/files/1/0020/1585/4658/products/knapper-gloves-knapper-ak3-ball-hockey-gloves-black-14-29893940183106.jpg?v=1768068231,Accessories,Gloves,,Knapper,In Stock,https://www.thehockeyshop.com/collections/hockey-deals-clearance,https://www.thehockeyshop.com/products/knapper-ak3-ball-hockey-gloves,2026-03-20,2026-04-03,20,
www.thehockeyshop.com-J0569,Knapper AK3 Intermediate Hockey Stick,Knapper AK3 Intermediate Hockey Stick,74.99,51.97,https://cdn.shopify.com/s/files/1/0020/1585/4658/products/hockey-sticks-knapper-ak3-intermediate-hockey-stick-1221727607.jpg?v=1772814999,Player Gear,Stick,Intermediate,Knapper,In Stock,https://www.thehockeyshop.com/collections/hockey-deals-clearance,https://www.thehockeyshop.com/products/knapper-ak3-intermediate-hockey-stick,2026-03-20,2026-04-03,31,
www.thehockeyshop.com-J0570,Knapper AK3 Junior Hockey Stick,Knapper AK3 Junior Hockey Stick,69.99,48.97,https://cdn.shopify.com/s/files/1/0020/1585/4658/products/hockey-sticks-knapper-ak3-junior-hockey-stick-1221727520.jpg?v=1772811431,Player Gear,Stick,Junior,Knapper,In Stock,https://www.thehockeyshop.com/collections/hockey-deals-clearance,https://www.thehockeyshop.com/products/knapper-ak3-junior-hockey-stick,2026-03-20,2026-04-03,30,
www.thehockeyshop.com-J0571,Knapper AK3 Senior Hockey Stick (2024),Knapper AK3 Senior Hockey Stick (2024),79.99,55.97,https://cdn.shopify.com/s/files/1/0020/1585/4658/files/hockey-sticks-knapper-ak3-senior-hockey-stick-2024-1221770091.gif?v=1771571561,Player Gear,Stick,Senior,Knapper,In Stock,https://www.thehockeyshop.com/collections/hockey-deals-clearance,https://www.thehockeyshop.com/products/knapper-ak3-senior-hockey-stick,2026-03-20,2026-04-03,30,
www.thehockeyshop.com-J0572,Knapper AK5 Ball Hockey Gloves,Knapper AK5 Ball Hockey Gloves,99.99,79.98,https://cdn.shopify.com/s/files/1/0020/1585/4658/products/gloves-knapper-ak5-ball-hockey-gloves-1221737407.jpg?v=1773102551,Accessories,Gloves,,Knapper,In Stock,https://www.thehockeyshop.com/collections/hockey-deals-clearance,https://www.thehockeyshop.com/products/knapper-ak5-ball-hockey-gloves,2026-03-20,2026-04-03,20,
www.thehockeyshop.com-J0573,Knapper AK5 Intermediate Hockey Stick,Knapper AK5 Intermediate Hockey Stick,94.99,65.97,https://cdn.shopify.com/s/files/1/0020/1585/4658/files/hockey-sticks-knapper-ak5-intermediate-hockey-stick-1221796288.jpg?v=1772402317,Player Gear,Stick,Intermediate,Knapper,In Stock,https://www.thehockeyshop.com/collections/hockey-deals-clearance,https://www.thehockeyshop.com/products/knapper-ak5-intermediate-hockey-stick,2026-03-20,2026-04-03,31,
www.thehockeyshop.com-J0574,Knapper AK5 Junior Hockey Stick,Knapper AK5 Junior Hockey Stick,89.99,62.97,https://cdn.shopify.com/s/files/1/0020/1585/4658/files/hockey-sticks-knapper-ak5-junior-hockey-stick-1221796292.jpg?v=1772402410,Player Gear,Stick,Junior,Knapper,In Stock,https://www.thehockeyshop.com/collections/hockey-deals-clearance,https://www.thehockeyshop.com/products/knapper-ak5-junior-hockey-stick,2026-03-20,2026-04-03,30,
www.thehockeyshop.com-J0575,Knapper AK5 Senior Hockey Stick (2024),Knapper AK5 Senior Hockey Stick (2024),99.99,69.97,https://cdn.shopify.com/s/files/1/0020/1585/4658/files/knapper-hockey-sticks-knapper-ak5-senior-hockey-stick-cb92-l-75-1215412535.gif?v=1767820150,Player Gear,Stick,Senior,Knapper,In Stock,https://www.thehockeyshop.com/collections/hockey-deals-clearance,https://www.thehockeyshop.com/products/knapper-ak5-senior-hockey-stick,2026-03-20,2026-04-03,30,
www.thehockeyshop.com-J0576,Knapper AK5 Speed Shoes,Knapper AK5 Speed Shoes,99.99,69.97,https://cdn.shopify.com/s/files/1/0020/1585/4658/products/shoes-knapper-ak5-speed-shoes-1221727596.jpg?v=1772814638,Accessories,Other,,Knapper,In Stock,https://www.thehockeyshop.com/collections/hockey-deals-clearance,https://www.thehockeyshop.com/products/knapper-ak5-speed-shoes,2026-03-20,2026-04-03,30,
www.thehockeyshop.com-J0577,Knapper AK7 Ball Hockey Senior Shin Guards,Knapper AK7 Ball Hockey Senior Shin Guards,89.99,79.99,https://cdn.shopify.com/s/files/1/0020/1585/4658/products/shin-guards-knapper-ak7-ball-hockey-senior-shin-guards-1221727669.jpg?v=1772833691,Player Gear,Shin Guards,Senior,Knapper,In Stock,https://www.thehockeyshop.com/collections/hockey-deals-clearance,https://www.thehockeyshop.com/products/knapper-ak7-ball-hockey-senior-shin-guards,2026-03-20,2026-04-03,11,
www.thehockeyshop.com-J0578,Knapper AK7 Intermediate Hockey Stick,Knapper AK7 Intermediate Hockey Stick,139.99,97.97,https://cdn.shopify.com/s/files/1/0020/1585/4658/files/hockey-sticks-knapper-ak7-intermediate-hockey-stick-1221727507.jpg?v=1772811013,Player Gear,Stick,Intermediate,Knapper,In Stock,https://www.thehockeyshop.com/collections/hockey-deals-clearance,https://www.thehockeyshop.com/products/knapper-ak7-intermediate-hockey-stick,2026-03-20,2026-04-03,30,
www.thehockeyshop.com-J0579,Knapper AK7 Senior Hockey Stick,Knapper AK7 Senior Hockey Stick,149.99,104.97,https://cdn.shopify.com/s/files/1/0020/1585/4658/products/hockey-sticks-knapper-ak7-senior-hockey-stick-1221727602.jpg?v=1772814791,Player Gear,Stick,Senior,Knapper,In Stock,https://www.thehockeyshop.com/collections/hockey-deals-clearance,https://www.thehockeyshop.com/products/knapper-ak7-senior-hockey-stick,2026-03-20,2026-04-03,30,
www.thehockeyshop.com-J0580,Knapper AK7 Speed Shoes,Knapper AK7 Speed Shoes,129.99,90.97,https://cdn.shopify.com/s/files/1/0020/1585/4658/files/ak7-interceptor-mid-shoe.webp?v=1768004199,Accessories,Other,,Knapper,In Stock,https://www.thehockeyshop.com/collections/hockey-deals-clearance,https://www.thehockeyshop.com/products/knapper-ak7-speed-shoes,2026-03-20,2026-04-03,30,
www.thehockeyshop.com-J0581,Lowry Junior Suspenders,Lowry Junior Suspenders,16.99,14.99,https://cdn.shopify.com/s/files/1/0020/1585/4658/products/lowry-suspenders-lowry-junior-suspenders-jr-28744408924226.jpg?v=1768002161,Accessories,Other,Junior,Lowry,In Stock,https://www.thehockeyshop.com/collections/hockey-deals-clearance,https://www.thehockeyshop.com/products/lowry-junior-suspenders,2026-03-20,2026-04-03,12,
www.thehockeyshop.com-J0582,Mitchell & Ness Blue Line Vintage Senior Jersey - Boston Bruins Bobby Orr,Mitchell & Ness Blue Line Vintage Senior Jersey - Boston Bruins Bobby Orr,249.99,199.98,https://cdn.shopify.com/s/files/1/0020/1585/4658/files/nhl-jerseys-mitchell-ness-blue-line-vintage-senior-jersey-boston-bruins-bobby-orr-1221790838.jpg?v=1772241432,Accessories,Jersey,Senior,Mitchell & Ness,In Stock,https://www.thehockeyshop.com/collections/hockey-deals-clearance,https://www.thehockeyshop.com/products/mitchell-ness-vintage-senior-jersey-boston-bruins-bobby-orr,2026-03-20,2026-04-03,20,
www.thehockeyshop.com-J0583,Mitchell & Ness Blue Line Vintage Senior Jersey - Boston Bruins Ray Bourque,Mitchell & Ness Blue Line Vintage Senior Jersey - Boston Bruins Ray Bourque,249.99,199.98,https://cdn.shopify.com/s/files/1/0020/1585/4658/files/nhl-jerseys-mitchell-ness-blue-line-vintage-senior-jersey-boston-bruins-ray-bourque-1221797904.jpg?v=1772449812,Accessories,Jersey,Senior,Mitchell & Ness,In Stock,https://www.thehockeyshop.com/collections/hockey-deals-clearance,https://www.thehockeyshop.com/products/mitchell-ness-vintage-senior-jersey-boston-bruins-ray-bourque,2026-03-20,2026-04-03,20,
www.thehockeyshop.com-J0584,Mitchell & Ness Blue Line Vintage Senior Jersey - Calgary Flames Theo Fleury,Mitchell & Ness Blue Line Vintage Senior Jersey - Calgary Flames Theo Fleury,249.99,199.98,https://cdn.shopify.com/s/files/1/0020/1585/4658/files/nhl-jerseys-mitchell-ness-blue-line-vintage-senior-jersey-calgary-flames-theo-fleury-1221797909.jpg?v=1772450020,Accessories,Jersey,Senior,Mitchell & Ness,Unknown,https://www.thehockeyshop.com/collections/hockey-deals-clearance,https://www.thehockeyshop.com/products/mitchell-ness-vintage-senior-jersey-calgary-flames-theo-fleury,2026-03-20,2026-04-03,20,
www.thehockeyshop.com-J0585,Mitchell & Ness Blue Line Vintage Senior Jersey - Peter Forsberg,Mitchell & Ness Blue Line Vintage Senior Jersey - Peter Forsberg,249.99,199.98,https://cdn.shopify.com/s/files/1/0020/1585/4658/files/nhl-jerseys-mitchell-ness-blue-line-vintage-senior-jersey-peter-forsberg-1221797887.jpg?v=1772449357,Accessories,Jersey,Senior,Mitchell & Ness,Unknown,https://www.thehockeyshop.com/collections/hockey-deals-clearance,https://www.thehockeyshop.com/products/mitchell-ness-vintage-senior-jersey-peter-forsberg,2026-03-20,2026-04-03,20,
www.thehockeyshop.com-J0586,Montreal Canadiens - OuterStuff NHL Precurve Youth Adjustable Hat,Montreal Canadiens - OuterStuff NHL Precurve Youth Adjustable Hat,27.99,24.99,https://cdn.shopify.com/s/files/1/0020/1585/4658/files/hats-montreal-canadiens-outerstuff-nhl-precurve-youth-adjustable-hat-1221721450.gif?v=1772628039,Accessories,Other,Youth,Outer Stuff,In Stock,https://www.thehockeyshop.com/collections/hockey-deals-clearance,https://www.thehockeyshop.com/products/montreal-canadiens-outer-stuff-nhl-precurve-youth-adjustable-hat,2026-03-20,2026-04-03,11,
www.thehockeyshop.com-J0587,Step Tuuk 3mm Junior Goalie Steel Runner - 2 Pack,Step Tuuk 3mm Junior Goalie Steel Runner - 2 Pack,104.99,72.97,https://cdn.shopify.com/s/files/1/0020/1585/4658/products/step-goalie-skate-steel-step-tuuk-3mm-junior-goalie-steel-runner-2-pack-5-28743947911234.jpg?v=1768001738,Accessories,Other,Junior,Step,In Stock,https://www.thehockeyshop.com/collections/hockey-deals-clearance,https://www.thehockeyshop.com/products/nash-step-tuuk-3mm-junior-goalie-steel-runner-2-pack,2026-03-20,2026-04-03,30,
www.thehockeyshop.com-J0588,StepXtreme Tuuk 3mm Senior Goalie Steel Runner - 2 Pack,StepXtreme Tuuk 3mm Senior Goalie Steel Runner - 2 Pack,129.99,89.97,https://cdn.shopify.com/s/files/1/0020/1585/4658/products/step-goalie-skate-steel-stepxtreme-tuuk-3mm-senior-goalie-steel-runner-2-pack-11-28743948173378.jpg?v=1768002156,Accessories,Other,Senior,Step,In Stock,https://www.thehockeyshop.com/collections/hockey-deals-clearance,https://www.thehockeyshop.com/products/nash-stepxtreme-tuuk-3mm-senior-goalie-steel-runner-2-pack,2026-03-20,2026-04-03,31,
www.thehockeyshop.com-J0589,StepXtreme Tuuk 4mm Senior Goalie Steel Runner - 2 Pack,StepXtreme Tuuk 4mm Senior Goalie Steel Runner - 2 Pack,129.99,89.97,https://cdn.shopify.com/s/files/1/0020/1585/4658/products/step-goalie-skate-steel-stepxtreme-tuuk-4mm-senior-goalie-steel-runner-2-pack-10-28743948206146.jpg?v=1768001739,Accessories,Other,Senior,Step,In Stock,https://www.thehockeyshop.com/collections/hockey-deals-clearance,https://www.thehockeyshop.com/products/nash-stepxtreme-tuuk-4mm-senior-goalie-steel-runner-2-pack,2026-03-20,2026-04-03,31,
www.thehockeyshop.com-J0590,NHL Vancouver Canucks Quinn Hughes 20 Poster,NHL Vancouver Canucks Quinn Hughes 20 Poster,12.99,5.98,https://cdn.shopify.com/s/files/1/0020/1585/4658/files/memorabilia-nhl-vancouver-canucks-quinn-hughes-20-poster-1221769702.png?v=1771573931,Accessories,Other,,NHL,In Stock,https://www.thehockeyshop.com/collections/hockey-deals-clearance,https://www.thehockeyshop.com/products/nhl-vancouver-canucks-quinn-hughes-20-poster,2026-03-20,2026-04-03,54,
www.thehockeyshop.com-J0591,NHL Vancouver Canucks Quinn Hughes Black 24 Poster,NHL Vancouver Canucks Quinn Hughes Black 24 Poster,12.99,5.98,https://cdn.shopify.com/s/files/1/0020/1585/4658/files/memorabilia-nhl-vancouver-canucks-quinn-hughes-black-24-poster-1221769703.png?v=1771573908,Accessories,Other,,NHL,In Stock,https://www.thehockeyshop.com/collections/hockey-deals-clearance,https://www.thehockeyshop.com/products/nhl-vancouver-canucks-quinn-hughes-black-24-poster,2026-03-20,2026-04-03,54,
www.thehockeyshop.com-J0592,Nike Team USA Olympic N&N Shortsleeve Shirt - Auston Matthews,Nike Team USA Olympic N&N Shortsleeve Shirt - Auston Matthews,54.99,39.98,https://cdn.shopify.com/s/files/1/0020/1585/4658/files/shirts-nike-team-usa-olympic-n-n-shortsleeve-shirt-auston-matthews-1221769817.gif?v=1771577142,Accessories,Other,,Nike,In Stock,https://www.thehockeyshop.com/collections/hockey-deals-clearance,https://www.thehockeyshop.com/products/nike-team-usa-olympic-n-n-shortsleeve-shirt-auston-matthews,2026-03-20,2026-04-03,27,
www.thehockeyshop.com-J0593,Nike Team USA Olympic N&N Shortsleeve Shirt - Matthew Tkachuk,Nike Team USA Olympic N&N Shortsleeve Shirt - Matthew Tkachuk,54.99,39.98,https://cdn.shopify.com/s/files/1/0020/1585/4658/files/nike-nike-team-usa-olympic-n-n-shortsleeve-shirt-matthew-tkachuk-1212104948.png?v=1768194885,Accessories,Other,,Nike,Unknown,https://www.thehockeyshop.com/collections/hockey-deals-clearance,https://www.thehockeyshop.com/products/nike-team-usa-olympic-n-n-shortsleeve-shirt-matthew-tkachuk,2026-03-20,2026-04-03,27,
www.thehockeyshop.com-J0594,Nike Team USA Olympic N&N Shortsleeve Shirt - Quinn Hughes,Nike Team USA Olympic N&N Shortsleeve Shirt - Quinn Hughes,54.99,39.98,https://cdn.shopify.com/s/files/1/0020/1585/4658/files/shirts-nike-team-usa-olympic-n-n-shortsleeve-shirt-quinn-hughes-1221769823.gif?v=1771735119,Accessories,Other,,Nike,In Stock,https://www.thehockeyshop.com/collections/hockey-deals-clearance,https://www.thehockeyshop.com/products/nike-team-usa-olympic-n-n-shortsleeve-shirt-quinn-hughes,2026-03-20,2026-04-03,27,
www.thehockeyshop.com-J0595,Oneiric Genesis Boy's Goalie Baselayer Pants,Oneiric Genesis Boy's Goalie Baselayer Pants,99.99,49.90,https://cdn.shopify.com/s/files/1/0020/1585/4658/products/pants-oneiric-genesis-boy-s-goalie-baselayer-pants-1221757170.jpg?v=1773734230,Accessories,Goalie Pants,,Oneiric,In Stock,https://www.thehockeyshop.com/collections/hockey-deals-clearance,https://www.thehockeyshop.com/products/oneiric-genesis-boys-goalie-baselayer-pants,2026-03-20,2026-04-03,50,
www.thehockeyshop.com-J0596,Oneiric Genesis Men's Goalie Baselayer Pants,Oneiric Genesis Men's Goalie Baselayer Pants,129.99,49.95,https://cdn.shopify.com/s/files/1/0020/1585/4658/products/pants-oneiric-genesis-men-s-goalie-baselayer-pants-1221757173.jpg?v=1773734349,Accessories,Goalie Pants,,Oneiric,In Stock,https://www.thehockeyshop.com/collections/hockey-deals-clearance,https://www.thehockeyshop.com/products/oneiric-genesis-mens-goalie-baselayer-pants,2026-03-20,2026-04-03,62,
www.thehockeyshop.com-J0597,Outer Stuff N&N Third Logo Junior Shortsleeve Shirt - Vancouver Canucks Quinn Hughes,Outer Stuff N&N Third Logo Junior Shortsleeve Shirt - Vancouver Canucks Quinn Hughes,34.99,17.50,https://cdn.shopify.com/s/files/1/0020/1585/4658/files/shirts-outer-stuff-n-n-third-logo-junior-shortsleeve-shirt-vancouver-canucks-quinn-hughes-1221790036.jpg?v=1772222018,Accessories,Other,Junior,Outer Stuff,In Stock,https://www.thehockeyshop.com/collections/hockey-deals-clearance,https://www.thehockeyshop.com/products/outer-stuff-n-n-third-logo-youth-shortsleeve-shirt-vancouver-canucks-quinn-hughes,2026-03-20,2026-04-03,50,
www.thehockeyshop.com-J0598,Outer Stuff NHL 3rd Logo Precurve Toddler Snapback Hat - Calgary Flames,Outer Stuff NHL 3rd Logo Precurve Toddler Snapback Hat - Calgary Flames,19.99,11.95,https://cdn.shopify.com/s/files/1/0020/1585/4658/files/hats-outer-stuff-nhl-3rd-logo-precurve-toddler-snapback-hat-calgary-flames-1221795129.jpg?v=1772386632,Accessories,Other,,Outer Stuff,In Stock,https://www.thehockeyshop.com/collections/hockey-deals-clearance,https://www.thehockeyshop.com/products/outer-stuff-nhl-3rd-logo-precurve-toddler-snapback-hat-calgary-flames,2026-03-20,2026-04-03,40,
www.thehockeyshop.com-J0599,Outer Stuff Play by Play Performance Boys Hoody - Vancouver Canucks,Outer Stuff Play by Play Performance Boys Hoody - Vancouver Canucks,59.99,29.95,https://cdn.shopify.com/s/files/1/0020/1585/4658/files/hoodies-outer-stuff-play-by-play-performance-boys-hoody-vancouver-canucks-1221794673.jpg?v=1772364134,Accessories,Other,,Outer Stuff,In Stock,https://www.thehockeyshop.com/collections/hockey-deals-clearance,https://www.thehockeyshop.com/products/outer-stuff-play-by-play-performance-boys-hoody-vancouver-canucks,2026-03-20,2026-04-03,50,
www.thehockeyshop.com-J0600,Outer Stuff Premier Infant Jersey - Vancouver Canucks Home Royal,Outer Stuff Premier Infant Jersey - Vancouver Canucks Home Royal,89.99,45.00,https://cdn.shopify.com/s/files/1/0020/1585/4658/files/nhl-jerseys-outer-stuff-premier-infant-jersey-vancouver-canucks-home-royal-1221798874.gif?v=1772485871,Accessories,Jersey,,Outer Stuff,In Stock,https://www.thehockeyshop.com/collections/hockey-deals-clearance,https://www.thehockeyshop.com/products/outer-stuff-premier-infant-jersey-vancouver-canucks-home-royal,2026-03-20,2026-04-03,50,
www.thehockeyshop.com-J0601,Outer Stuff Premier Infant Jersey - Vancouver Canucks Third Black Quinn Hughes,Outer Stuff Premier Infant Jersey - Vancouver Canucks Third Black Quinn Hughes,89.99,45.00,https://cdn.shopify.com/s/files/1/0020/1585/4658/files/nhl-jerseys-outer-stuff-premier-infant-jersey-vancouver-canucks-third-black-quinn-hughes-1221798898.jpg?v=1772486138,Accessories,Jersey,,Outer Stuff,In Stock,https://www.thehockeyshop.com/collections/hockey-deals-clearance,https://www.thehockeyshop.com/products/outer-stuff-premier-infant-jersey-vancouver-canucks-third-black,2026-03-20,2026-04-03,50,
www.thehockeyshop.com-J0602,Outer Stuff Premier Toddler Home Jersey - Vancouver Canucks Quinn Hughes,Outer Stuff Premier Toddler Home Jersey - Vancouver Canucks Quinn Hughes,109.99,55.00,https://cdn.shopify.com/s/files/1/0020/1585/4658/files/nhl-jerseys-outer-stuff-premier-toddler-jersey-vancouver-canucks-home-quinn-hughes-1221798883.webp?v=1772493758,Accessories,Jersey,,Outer Stuff,In Stock,https://www.thehockeyshop.com/collections/hockey-deals-clearance,https://www.thehockeyshop.com/products/outer-stuff-premier-toddler-jersey-vancouver-canucks-home-quinn-hughes,2026-03-20,2026-04-03,50,
www.thehockeyshop.com-J0603,Outer Stuff Premier Toddler Jersey - Vancouver Canucks Third Black,Outer Stuff Premier Toddler Jersey - Vancouver Canucks Third Black,109.99,55.00,https://cdn.shopify.com/s/files/1/0020/1585/4658/files/nhl-jerseys-outer-stuff-premier-toddler-jersey-vancouver-canucks-third-black-1221798901.jpg?v=1772486174,Accessories,Jersey,,Outer Stuff,In Stock,https://www.thehockeyshop.com/collections/hockey-deals-clearance,https://www.thehockeyshop.com/products/outer-stuff-premier-toddler-jersey-vancouver-canucks-third-black,2026-03-20,2026-04-03,50,
www.thehockeyshop.com-J0604,Outer Stuff Premier Youth Home Jersey - Vancouver Canucks Quinn Hughes,Outer Stuff Premier Youth Home Jersey - Vancouver Canucks Quinn Hughes,119.99,60.00,https://cdn.shopify.com/s/files/1/0020/1585/4658/files/nhl-jerseys-outer-stuff-premier-youth-jersey-vancouver-canucks-home-quinn-hughes-1221798886.gif?v=1772493818,Accessories,Jersey,Youth,Outer Stuff,In Stock,https://www.thehockeyshop.com/collections/hockey-deals-clearance,https://www.thehockeyshop.com/products/outer-stuff-premier-youth-jersey-vancouver-canucks-home-quinn-hughes,2026-03-20,2026-04-03,50,
www.thehockeyshop.com-J0605,Outer Stuff Premier Youth Jersey - Vancouver Canucks Third Black,Outer Stuff Premier Youth Jersey - Vancouver Canucks Third Black,119.99,60.00,https://cdn.shopify.com/s/files/1/0020/1585/4658/files/nhl-jerseys-outer-stuff-premier-youth-jersey-vancouver-canucks-third-black-1221798909.gif?v=1772486411,Accessories,Jersey,Youth,Outer Stuff,In Stock,https://www.thehockeyshop.com/collections/hockey-deals-clearance,https://www.thehockeyshop.com/products/outer-stuff-premier-youth-jersey-vancouver-canucks-third-black,2026-03-20,2026-04-03,50,
www.thehockeyshop.com-J0606,Winnwell Puck Catcher Pro,Winnwell Puck Catcher Pro,79.99,69.99,https://cdn.shopify.com/s/files/1/0020/1585/4658/products/puck-catcher-puck-bags-puck-catcher-pro-29061252382786.jpg?v=1768001918,Accessories,Catcher Glove,,Puck Catcher,In Stock,https://www.thehockeyshop.com/collections/hockey-deals-clearance,https://www.thehockeyshop.com/products/puck-catcher-pro,2026-03-20,2026-04-03,13,
www.thehockeyshop.com-J0607,PVCK Technical Womens Baselayer Shirt - Tie Dye,PVCK Technical Womens Baselayer Shirt - Tie Dye,69.99,39.95,https://cdn.shopify.com/s/files/1/0020/1585/4658/products/shirts-pvck-technical-womens-baselayer-shirt-tie-dye-1221727446.jpg?v=1772818538,Accessories,Other,,PVCK,In Stock,https://www.thehockeyshop.com/collections/hockey-deals-clearance,https://www.thehockeyshop.com/products/pvck-technical-womens-baselayer-shirt-tie-dye,2026-03-20,2026-04-03,43,
www.thehockeyshop.com-J0608,S23 Bauer Team Fleece Senior 1/2 Zip,S23 Bauer Team Fleece Senior 1/2 Zip,94.99,49.50,https://cdn.shopify.com/s/files/1/0020/1585/4658/files/hoodies-s23-bauer-team-fleece-senior-1-2-zip-1221721394.jpg?v=1772622398,Accessories,Other,Senior,Bauer,In Stock,https://www.thehockeyshop.com/collections/hockey-deals-clearance,https://www.thehockeyshop.com/products/s23-bauer-team-fleece-senior-1-2-zip,2026-03-20,2026-04-03,48,
www.thehockeyshop.com-J0609,S23 Bauer Team Fleece Senior Joggers,S23 Bauer Team Fleece Senior Joggers,89.99,20.00,https://cdn.shopify.com/s/files/1/0020/1585/4658/files/pants-s23-bauer-team-fleece-senior-joggers-1221721398.jpg?v=1772622517,Accessories,Other,Senior,Bauer,Unknown,https://www.thehockeyshop.com/collections/hockey-deals-clearance,https://www.thehockeyshop.com/products/s23-bauer-team-fleece-senior-joggers,2026-03-20,2026-04-03,78,
www.thehockeyshop.com-J0610,S23 Bauer Team Fleece Youth Joggers,S23 Bauer Team Fleece Youth Joggers,84.99,42.49,https://cdn.shopify.com/s/files/1/0020/1585/4658/files/pants-s23-bauer-team-fleece-youth-joggers-1221721385.jpg?v=1772622097,Accessories,Other,Youth,Bauer,In Stock,https://www.thehockeyshop.com/collections/hockey-deals-clearance,https://www.thehockeyshop.com/products/s23-bauer-team-fleece-youth-joggers,2026-03-20,2026-04-03,50,
www.thehockeyshop.com-J0611,Saxx Peakdaze 1/2 Zip Hoody - Black,Saxx Peakdaze 1/2 Zip Hoody - Black,109.99,69.95,https://cdn.shopify.com/s/files/1/0020/1585/4658/files/hoodies-saxx-peakdaze-1-2-zip-hoody-black-1221798225.png?v=1772462472,Accessories,Other,,Saxx,In Stock,https://www.thehockeyshop.com/collections/hockey-deals-clearance,https://www.thehockeyshop.com/products/saxx-peakdaze-1-2-zip-hoody-black,2026-03-20,2026-04-03,36,
www.thehockeyshop.com-J0612,Sherwood Legend Pro Bedard WC Limited Edition Junior Hockey Stick,Sherwood Legend Pro Bedard WC Limited Edition Junior Hockey Stick,199.99,139.97,https://cdn.shopify.com/s/files/1/0020/1585/4658/files/hockey-sticks-sherwood-legend-pro-bedard-wc-limited-edition-junior-hockey-stick-1221785835.gif?v=1772095211,Player Gear,Stick,Junior,Sherwood,In Stock,https://www.thehockeyshop.com/collections/hockey-deals-clearance,https://www.thehockeyshop.com/products/sherwood-legend-pro-bedard-wc-limited-edition-junior-hockey-stick,2026-03-20,2026-04-03,30,
www.thehockeyshop.com-J0614,Sherwood TMP Pro Intermediate Hockey Stick,Sherwood TMP Pro Intermediate Hockey Stick,299.99,209.97,https://cdn.shopify.com/s/files/1/0020/1585/4658/files/hockey-sticks-sherwood-tmp-pro-intermediate-hockey-stick-1221787067.gif?v=1772132379,Player Gear,Stick,Intermediate,Sherwood,In Stock,https://www.thehockeyshop.com/collections/hockey-deals-clearance,https://www.thehockeyshop.com/products/sherwood-tmp-pro-intermediate-hockey-stick,2026-03-20,2026-04-03,30,
www.thehockeyshop.com-J0615,Sherwood Vintage Hat,Sherwood Vintage Hat,39.99,9.95,https://cdn.shopify.com/s/files/1/0020/1585/4658/files/hats-sherwood-vintage-hat-1221773097.jpg?v=1771677697,Accessories,Other,,Sherwood,In Stock,https://www.thehockeyshop.com/collections/hockey-deals-clearance,https://www.thehockeyshop.com/products/sherwood-vintage-hat,2026-03-20,2026-04-03,75,
www.thehockeyshop.com-J0616,Source for Sports Fitted Longsleeve Mens Shirt,Source for Sports Fitted Longsleeve Mens Shirt,34.99,27.98,https://cdn.shopify.com/s/files/1/0020/1585/4658/products/shirts-source-for-sports-fitted-longsleeve-mens-shirt-1221730795.jpg?v=1772921290,Accessories,Other,,Source For Sports,In Stock,https://www.thehockeyshop.com/collections/hockey-deals-clearance,https://www.thehockeyshop.com/products/source-for-sports-fitted-longsleeve-mens-shirt,2026-03-20,2026-04-03,20,
www.thehockeyshop.com-J0617,Source for Sports Junior Compression Jock Pants,Source for Sports Junior Compression Jock Pants,44.99,35.98,https://cdn.shopify.com/s/files/1/0020/1585/4658/products/jock-pants-source-for-sports-junior-compression-jock-pants-1221730792.jpg?v=1772921259,Player Gear,Hockey Pants,Junior,Source For Sports,In Stock,https://www.thehockeyshop.com/collections/hockey-deals-clearance,https://www.thehockeyshop.com/products/source-for-sports-junior-compression-jock-pants,2026-03-20,2026-04-03,20,
www.thehockeyshop.com-J0618,Source for Sports Junior Compression Jock Shorts,Source for Sports Junior Compression Jock Shorts,39.99,31.98,https://cdn.shopify.com/s/files/1/0020/1585/4658/products/source-for-sports-jock-shorts-source-for-sports-junior-compression-jock-shorts-black-m-29569493565506.jpg?v=1768084957,Accessories,Other,Junior,Source For Sports,In Stock,https://www.thehockeyshop.com/collections/hockey-deals-clearance,https://www.thehockeyshop.com/products/source-for-sports-junior-compression-jock-shorts,2026-03-20,2026-04-03,20,
www.thehockeyshop.com-J0619,Source for Sports Pro-Liner Skate Socks,Source for Sports Pro-Liner Skate Socks,12.99,9.98,https://cdn.shopify.com/s/files/1/0020/1585/4658/products/source-for-sports-socks-source-for-sports-pro-liner-skate-socks-black-jr-29496978931778.jpg?v=1768085085,Player Gear,Skates,Senior,Source For Sports,In Stock,https://www.thehockeyshop.com/collections/hockey-deals-clearance,https://www.thehockeyshop.com/products/source-for-sports-pro-liner-skate-socks-black,2026-03-20,2026-04-03,23,
www.thehockeyshop.com-J0620,Source for Sports Senior Compression Jock Shorts,Source for Sports Senior Compression Jock Shorts,39.99,31.98,https://cdn.shopify.com/s/files/1/0020/1585/4658/products/jock-shorts-source-for-sports-senior-compression-jock-shorts-1221730787.jpg?v=1772921137,Accessories,Other,Senior,Source For Sports,In Stock,https://www.thehockeyshop.com/collections/hockey-deals-clearance,https://www.thehockeyshop.com/products/source-for-sports-senior-compression-jock-shorts,2026-03-20,2026-04-03,20,
www.thehockeyshop.com-J0621,Vancouver Canucks Sports Vault NHL Pet Leash,Vancouver Canucks Sports Vault NHL Pet Leash,29.99,19.95,https://cdn.shopify.com/s/files/1/0020/1585/4658/products/pet-vancouver-canucks-sports-vault-nhl-pet-leash-1221738040.jpg?v=1773143769,Accessories,Other,,Sports Vault,In Stock,https://www.thehockeyshop.com/collections/hockey-deals-clearance,https://www.thehockeyshop.com/products/sports-vault-nhl-pet-leash,2026-03-20,2026-04-03,33,
www.thehockeyshop.com-J0622,STEP CCM SpeedBlade 4.0 BlackSteel Runner - 2 Pack,STEP CCM SpeedBlade 4.0 BlackSteel Runner - 2 Pack,230.00,183.98,https://cdn.shopify.com/s/files/1/0020/1585/4658/products/hockey-skate-steel-step-ccm-speedblade-4-0-blacksteel-runner-2-pack-1221762803.jpg?v=1773905678,Accessories,Other,,CCM,In Stock,https://www.thehockeyshop.com/collections/hockey-deals-clearance,https://www.thehockeyshop.com/products/steel-nash-step-black-ccm-4-0,2026-03-20,2026-04-03,20,
www.thehockeyshop.com-J0623,STEP CCM SpeedBlade 4.0 Steel Runner - 2 Pack,STEP CCM SpeedBlade 4.0 Steel Runner - 2 Pack,150.00,119.98,https://cdn.shopify.com/s/files/1/0020/1585/4658/products/ccm-hockey-skate-steel-step-ccm-speedblade-4-0-steel-runner-2-pack-295-11-28744087175234.jpg?v=1768002600,Accessories,Other,,CCM,In Stock,https://www.thehockeyshop.com/collections/hockey-deals-clearance,https://www.thehockeyshop.com/products/steel-nash-step-ccm-rbz40-2pk-step,2026-03-20,2026-04-03,20,
www.thehockeyshop.com-J0624,Tackla 9000 Junior Hockey Pants,Tackla 9000 Junior Hockey Pants,179.99,99.95,https://cdn.shopify.com/s/files/1/0020/1585/4658/files/hockey-pants-tackla-9000-junior-hockey-pants-1221774647.jpg?v=1771711718,Player Gear,Hockey Pants,Junior,Canadawide Sports,In Stock,https://www.thehockeyshop.com/collections/hockey-deals-clearance,https://www.thehockeyshop.com/products/tackla-9000-junior-hockey-pants,2026-03-20,2026-04-03,44,
www.thehockeyshop.com-J0625,Tackla 9000 Senior Hockey Pants,Tackla 9000 Senior Hockey Pants,199.99,119.95,https://cdn.shopify.com/s/files/1/0020/1585/4658/files/hockey-pants-tackla-9000-senior-hockey-pants-1221774809.jpg?v=1771714357,Player Gear,Hockey Pants,Senior,Canadawide Sports,In Stock,https://www.thehockeyshop.com/collections/hockey-deals-clearance,https://www.thehockeyshop.com/products/tackla-9000-senior-hockey-pants,2026-03-20,2026-04-03,40,
www.thehockeyshop.com-J0626,Tackla Force 851 Junior Hockey Pants,Tackla Force 851 Junior Hockey Pants,99.99,59.95,https://cdn.shopify.com/s/files/1/0020/1585/4658/files/hockey-pants-tackla-force-851-junior-hockey-pants-1221774655.jpg?v=1771709797,Player Gear,Hockey Pants,Junior,Canadawide Sports,In Stock,https://www.thehockeyshop.com/collections/hockey-deals-clearance,https://www.thehockeyshop.com/products/tackla-force-851-junior-hockey-pants,2026-03-20,2026-04-03,40,
www.thehockeyshop.com-J0627,Tackla Force 851 Senior Hockey Pants,Tackla Force 851 Senior Hockey Pants,149.99,79.95,https://cdn.shopify.com/s/files/1/0020/1585/4658/files/hockey-pants-tackla-force-851-senior-hockey-pants-1221774664.jpg?v=1771709918,Player Gear,Hockey Pants,Senior,Canadawide Sports,In Stock,https://www.thehockeyshop.com/collections/hockey-deals-clearance,https://www.thehockeyshop.com/products/tackla-force-851-senior-hockey-pants,2026-03-20,2026-04-03,47,
www.thehockeyshop.com-J0628,Lowry Sports Colored Pro Wrap,Lowry Sports Colored Pro Wrap,5.99,4.99,https://cdn.shopify.com/s/files/1/0020/1585/4658/products/lowry-specialty-tape-lowry-sports-colored-pro-wrap-black-pro-28744409808962.jpg?v=1768002940,Accessories,Other,,Lowry,In Stock,https://www.thehockeyshop.com/collections/hockey-deals-clearance,https://www.thehockeyshop.com/products/tape-trainer-foam-coloured,2026-03-20,2026-04-03,17,
www.thehockeyshop.com-J0629,TRUE Catalyst 5X3 Junior Hockey Glove,TRUE Catalyst 5X3 Junior Hockey Glove,109.99,54.90,https://cdn.shopify.com/s/files/1/0020/1585/4658/files/gloves-true-catalyst-5x3-junior-hockey-glove-1221800085.jpg?v=1772517250,Player Gear,Gloves,Junior,TRUE,In Stock,https://www.thehockeyshop.com/collections/hockey-deals-clearance,https://www.thehockeyshop.com/products/true-catalyst-5x3-junior-hockey-glove,2026-03-20,2026-04-03,50,
www.thehockeyshop.com-J0630,TRUE Catalyst 5X3 Senior Hockey Glove,TRUE Catalyst 5X3 Senior Hockey Glove,129.99,64.90,https://cdn.shopify.com/s/files/1/0020/1585/4658/files/gloves-true-catalyst-5x3-senior-hockey-glove-1221800066.jpg?v=1772516678,Player Gear,Gloves,Senior,TRUE,In Stock,https://www.thehockeyshop.com/collections/hockey-deals-clearance,https://www.thehockeyshop.com/products/true-catalyst-5x3-senior-hockey-glove,2026-03-20,2026-04-03,50,
www.thehockeyshop.com-J0631,TRUE Catalyst 7X3 Intermediate Goalie Catcher,TRUE Catalyst 7X3 Intermediate Goalie Catcher,399.99,199.90,https://cdn.shopify.com/s/files/1/0020/1585/4658/files/catchers-true-catalyst-7x3-intermediate-goalie-catcher-1221800039.jpg?v=1772515872,Goalie Gear,Catcher Glove,Intermediate,TRUE,In Stock,https://www.thehockeyshop.com/collections/hockey-deals-clearance,https://www.thehockeyshop.com/products/true-catalyst-7x3-intermediate-goalie-catcher,2026-03-20,2026-04-03,50,
www.thehockeyshop.com-J0632,TRUE Catalyst 7X3 Intermediate Goalie Leg Pads,TRUE Catalyst 7X3 Intermediate Goalie Leg Pads,879.99,439.90,https://cdn.shopify.com/s/files/1/0020/1585/4658/files/leg-pads-true-catalyst-7x3-intermediate-goalie-leg-pads-1221800034.jpg?v=1772513770,Goalie Gear,Leg Pads,Intermediate,TRUE,In Stock,https://www.thehockeyshop.com/collections/hockey-deals-clearance,https://www.thehockeyshop.com/products/true-catalyst-7x3-intermediate-goalie-leg-pads,2026-03-20,2026-04-03,50,
www.thehockeyshop.com-J0635,TRUE Catalyst PX3 Senior Goalie Blocker - Domestic,TRUE Catalyst PX3 Senior Goalie Blocker - Domestic,599.99,359.95,https://cdn.shopify.com/s/files/1/0020/1585/4658/products/blockers-true-catalyst-px3-senior-goalie-blocker-domestic-1221727717.jpg?v=1772825078,Goalie Gear,Blocker,Senior,TRUE,In Stock,https://www.thehockeyshop.com/collections/hockey-deals-clearance,https://www.thehockeyshop.com/products/true-catalyst-px3-senior-goalie-blocker-domestic,2026-03-20,2026-04-03,40,
www.thehockeyshop.com-J0636,TRUE HZRDUS 3X4 Intermediate Hockey Stick,TRUE HZRDUS 3X4 Intermediate Hockey Stick,149.99,89.95,https://cdn.shopify.com/s/files/1/0020/1585/4658/files/hockey-sticks-true-hzrdus-3x4-intermediate-hockey-stick-1221787458.jpg?v=1772136010,Player Gear,Stick,Intermediate,TRUE,Unknown,https://www.thehockeyshop.com/collections/hockey-deals-clearance,https://www.thehockeyshop.com/products/true-hzrdus-3x4-intermediate-hockey-stick,2026-03-20,2026-04-03,40,
www.thehockeyshop.com-J0637,TRUE HZRDUS 3X4 Junior Hockey Stick - 30 Flex,TRUE HZRDUS 3X4 Junior Hockey Stick - 30 Flex,119.99,71.95,https://cdn.shopify.com/s/files/1/0020/1585/4658/files/hockey-sticks-true-hzrdus-3x4-junior-hockey-stick-30-flex-1221787396.jpg?v=1772142279,Player Gear,Stick,Junior,TRUE,In Stock,https://www.thehockeyshop.com/collections/hockey-deals-clearance,https://www.thehockeyshop.com/products/true-hzrdus-3x4-junior-hockey-stick-30-flex,2026-03-20,2026-04-03,40,
www.thehockeyshop.com-J0638,TRUE HZRDUS 3X4 Junior Hockey Stick - 40 Flex,TRUE HZRDUS 3X4 Junior Hockey Stick - 40 Flex,129.99,77.95,https://cdn.shopify.com/s/files/1/0020/1585/4658/files/hockey-sticks-true-hzrdus-3x4-junior-hockey-stick-40-flex-1221787385.jpg?v=1772134330,Player Gear,Stick,Junior,TRUE,In Stock,https://www.thehockeyshop.com/collections/hockey-deals-clearance,https://www.thehockeyshop.com/products/true-hzrdus-3x4-junior-hockey-stick-40-flex,2026-03-20,2026-04-03,40,
www.thehockeyshop.com-J0639,TRUE HZRDUS 3X4 Junior Hockey Stick - 50 Flex,TRUE HZRDUS 3X4 Junior Hockey Stick - 50 Flex,129.99,77.95,https://cdn.shopify.com/s/files/1/0020/1585/4658/files/hockey-sticks-true-hzrdus-3x4-junior-hockey-stick-50-flex-1221787352.jpg?v=1772133311,Player Gear,Stick,Junior,TRUE,In Stock,https://www.thehockeyshop.com/collections/hockey-deals-clearance,https://www.thehockeyshop.com/products/true-hzrdus-3x4-junior-hockey-stick-50-flex,2026-03-20,2026-04-03,40,
www.thehockeyshop.com-J0640,True HZRDUS 5X Intermediate Hockey Skates,True HZRDUS 5X Intermediate Hockey Skates,269.99,134.90,https://cdn.shopify.com/s/files/1/0020/1585/4658/files/hockey-skates-true-hzrdus-5x-intermediate-hockey-skates-1221799631.jpg?v=1772502491,Player Gear,Skates,Intermediate,TRUE,In Stock,https://www.thehockeyshop.com/collections/hockey-deals-clearance,https://www.thehockeyshop.com/products/true-hzrdus-5x4-intermediate-hockey-skates,2026-03-20,2026-04-03,50,
www.thehockeyshop.com-J0641,True HZRDUS 5X Junior Hockey Skates,True HZRDUS 5X Junior Hockey Skates,219.99,109.90,https://cdn.shopify.com/s/files/1/0020/1585/4658/files/hockey-skates-true-hzrdus-5x-junior-hockey-skates-1221799617.jpg?v=1772515479,Player Gear,Skates,Junior,TRUE,In Stock,https://www.thehockeyshop.com/collections/hockey-deals-clearance,https://www.thehockeyshop.com/products/true-hzrdus-5x4-junior-hockey-skates,2026-03-20,2026-04-03,50,
www.thehockeyshop.com-J0642,True HZRDUS 5X Senior Hockey Skates,True HZRDUS 5X Senior Hockey Skates,329.99,164.90,https://cdn.shopify.com/s/files/1/0020/1585/4658/files/hockey-skates-true-hzrdus-5x-senior-hockey-skates-1221799645.jpg?v=1772502937,Player Gear,Skates,Senior,TRUE,In Stock,https://www.thehockeyshop.com/collections/hockey-deals-clearance,https://www.thehockeyshop.com/products/true-hzrdus-5x4-senior-hockey-skates,2026-03-20,2026-04-03,50,
www.thehockeyshop.com-J0643,True HZRDUS 7X Intermediate Hockey Skates,True HZRDUS 7X Intermediate Hockey Skates,399.99,199.90,https://cdn.shopify.com/s/files/1/0020/1585/4658/files/hockey-skates-true-hzrdus-7x-intermediate-hockey-skates-1221799603.jpg?v=1772502070,Player Gear,Skates,Intermediate,TRUE,In Stock,https://www.thehockeyshop.com/collections/hockey-deals-clearance,https://www.thehockeyshop.com/products/true-hzrdus-7x4-intermediate-hockey-skates,2026-03-20,2026-04-03,50,
www.thehockeyshop.com-J0644,True HZRDUS 7X4 Junior Hockey Skates,True HZRDUS 7X4 Junior Hockey Skates,349.99,174.90,https://cdn.shopify.com/s/files/1/0020/1585/4658/files/hockey-skates-true-hzrdus-7x4-junior-hockey-skates-1221799594.jpg?v=1772501860,Player Gear,Skates,Junior,TRUE,In Stock,https://www.thehockeyshop.com/collections/hockey-deals-clearance,https://www.thehockeyshop.com/products/true-hzrdus-7x4-junior-hockey-skates,2026-03-20,2026-04-03,50,
www.thehockeyshop.com-J0645,TRUE HZRDUS 7X4 Senior Goalie Blocker,TRUE HZRDUS 7X4 Senior Goalie Blocker,359.99,329.98,https://cdn.shopify.com/s/files/1/0020/1585/4658/files/blockers-true-hzrdus-7x4-senior-goalie-blocker-1221790243.jpg?v=1772217158,Goalie Gear,Blocker,Senior,TRUE,In Stock,https://www.thehockeyshop.com/collections/hockey-deals-clearance,https://www.thehockeyshop.com/products/true-hzrdus-7x4-senior-goalie-blocker,2026-03-20,2026-04-03,8,
www.thehockeyshop.com-J0646,TRUE HZRDUS 9X Senior Hockey Stick,TRUE HZRDUS 9X Senior Hockey Stick,389.99,194.90,https://cdn.shopify.com/s/files/1/0020/1585/4658/products/hockey-sticks-true-hzrdus-9x-senior-hockey-stick-1221728778.jpg?v=1772846951,Player Gear,Stick,Senior,TRUE,In Stock,https://www.thehockeyshop.com/collections/hockey-deals-clearance,https://www.thehockeyshop.com/products/true-hzrdus-9x-senior-hockey-stick,2026-03-20,2026-04-03,50,
www.thehockeyshop.com-J0647,True HZRDUS 9X Intermediate Hockey Skates,True HZRDUS 9X Intermediate Hockey Skates,709.99,354.90,https://cdn.shopify.com/s/files/1/0020/1585/4658/files/hockey-skates-true-hzrdus-9x-intermediate-hockey-skates-1221799553.jpg?v=1772500572,Player Gear,Skates,Intermediate,TRUE,In Stock,https://www.thehockeyshop.com/collections/hockey-deals-clearance,https://www.thehockeyshop.com/products/true-hzrdus-9x4-intermediate-hockey-skates,2026-03-20,2026-04-03,50,
www.thehockeyshop.com-J0648,TRUE HZRDUS 9X4 Intermediate Hockey Stick,TRUE HZRDUS 9X4 Intermediate Hockey Stick,379.99,227.95,https://cdn.shopify.com/s/files/1/0020/1585/4658/files/hockey-sticks-true-hzrdus-9x4-intermediate-hockey-stick-1221786892.jpg?v=1772113179,Player Gear,Stick,Intermediate,TRUE,In Stock,https://www.thehockeyshop.com/collections/hockey-deals-clearance,https://www.thehockeyshop.com/products/true-hzrdus-9x4-intermediate-hockey-stick,2026-03-20,2026-04-03,40,
www.thehockeyshop.com-J0649,TRUE HZRDUS 9X4 Junior Hockey Stick - 40 Flex,TRUE HZRDUS 9X4 Junior Hockey Stick - 40 Flex,249.99,149.95,https://cdn.shopify.com/s/files/1/0020/1585/4658/files/hockey-sticks-true-hzrdus-9x4-junior-hockey-stick-40-flex-1221786870.jpg?v=1772126471,Player Gear,Stick,Junior,TRUE,In Stock,https://www.thehockeyshop.com/collections/hockey-deals-clearance,https://www.thehockeyshop.com/products/true-hzrdus-9x4-junior-hockey-stick-40,2026-03-20,2026-04-03,40,
www.thehockeyshop.com-J0650,TRUE HZRDUS 9X4 Junior Hockey Stick - 50 Flex,TRUE HZRDUS 9X4 Junior Hockey Stick - 50 Flex,269.99,161.95,https://cdn.shopify.com/s/files/1/0020/1585/4658/files/hockey-sticks-true-hzrdus-9x4-junior-hockey-stick-50-flex-1221786881.jpg?v=1772112879,Player Gear,Stick,Junior,TRUE,In Stock,https://www.thehockeyshop.com/collections/hockey-deals-clearance,https://www.thehockeyshop.com/products/true-hzrdus-9x4-junior-hockey-stick-50,2026-03-20,2026-04-03,40,
www.thehockeyshop.com-J0651,TRUE HZRDUS 9x4 Pro Stock Senior Goalie Stick - Casey Desmith,TRUE HZRDUS 9x4 Pro Stock Senior Goalie Stick - Casey Desmith,399.99,269.95,https://cdn.shopify.com/s/files/1/0020/1585/4658/files/goalie-sticks-true-hzrdus-9x4-pro-stock-senior-goalie-stick-casey-desmith-1221772634.jpg?v=1771650371,Goalie Gear,Goalie Stick,Senior,true,In Stock,https://www.thehockeyshop.com/collections/hockey-deals-clearance,https://www.thehockeyshop.com/products/true-hzrdus-9x4-pro-stock-senior-goalie-stick-casey-desmith,2026-03-20,2026-04-03,33,
www.thehockeyshop.com-J0652,TRUE Catalyst 9x3 Pro Stock Senior Goalie Stick - Connor Hellebuyck,TRUE Catalyst 9x3 Pro Stock Senior Goalie Stick - Connor Hellebuyck,399.99,269.95,https://cdn.shopify.com/s/files/1/0020/1585/4658/files/goalie-sticks-true-hzrdus-9x4-pro-stock-senior-goalie-stick-connor-hellebuyck-1221772814.jpg?v=1771657597,Goalie Gear,Goalie Stick,Senior,true,In Stock,https://www.thehockeyshop.com/collections/hockey-deals-clearance,https://www.thehockeyshop.com/products/true-hzrdus-9x4-pro-stock-senior-goalie-stick-connor-hellebuyck,2026-03-20,2026-04-03,33,
www.thehockeyshop.com-J0653,TRUE HZRDUS 9x4 Pro Stock Senior Goalie Stick - Elvis Merklikins,TRUE HZRDUS 9x4 Pro Stock Senior Goalie Stick - Elvis Merklikins,399.99,269.95,https://cdn.shopify.com/s/files/1/0020/1585/4658/files/goalie-sticks-true-hzrdus-9x4-pro-stock-senior-goalie-stick-elvis-merklikins-1221772594.jpg?v=1771663598,Goalie Gear,Goalie Stick,Senior,true,In Stock,https://www.thehockeyshop.com/collections/hockey-deals-clearance,https://www.thehockeyshop.com/products/true-hzrdus-9x4-pro-stock-senior-goalie-stick-elvis-merklikins,2026-03-20,2026-04-03,33,
www.thehockeyshop.com-J0654,TRUE HZRDUS 9x4 Pro Stock Senior Goalie Stick - Freddie Andersen,TRUE HZRDUS 9x4 Pro Stock Senior Goalie Stick - Freddie Andersen,399.99,269.95,https://cdn.shopify.com/s/files/1/0020/1585/4658/files/goalie-sticks-true-hzrdus-9x4-pro-stock-senior-goalie-stick-freddie-andersen-1221772709.jpg?v=1771654870,Goalie Gear,Goalie Stick,Senior,true,In Stock,https://www.thehockeyshop.com/collections/hockey-deals-clearance,https://www.thehockeyshop.com/products/true-hzrdus-9x4-pro-stock-senior-goalie-stick-freddie-andersen,2026-03-20,2026-04-03,33,
www.thehockeyshop.com-J0655,TRUE HZRDUS 9x4 Pro Stock Senior Goalie Stick - Ilya Samsonov,TRUE HZRDUS 9x4 Pro Stock Senior Goalie Stick - Ilya Samsonov,399.99,269.95,https://cdn.shopify.com/s/files/1/0020/1585/4658/files/goalie-sticks-true-hzrdus-9x4-pro-stock-senior-goalie-stick-ilya-samsonov-1221772648.jpg?v=1771650790,Goalie Gear,Goalie Stick,Senior,true,In Stock,https://www.thehockeyshop.com/collections/hockey-deals-clearance,https://www.thehockeyshop.com/products/true-hzrdus-9x4-pro-stock-senior-goalie-stick-ilya-samsonov,2026-03-20,2026-04-03,33,
www.thehockeyshop.com-J0656,TRUE HZRDUS 9x4 Pro Stock Senior Goalie Stick - Joel Blomqvist,TRUE HZRDUS 9x4 Pro Stock Senior Goalie Stick - Joel Blomqvist,399.99,269.95,https://cdn.shopify.com/s/files/1/0020/1585/4658/files/goalie-sticks-true-hzrdus-9x4-pro-stock-senior-goalie-stick-joel-blomqvist-1221772640.jpg?v=1771650517,Goalie Gear,Goalie Stick,Senior,TRUE,In Stock,https://www.thehockeyshop.com/collections/hockey-deals-clearance,https://www.thehockeyshop.com/products/true-hzrdus-9x4-pro-stock-senior-goalie-stick-joel-blomqvist,2026-03-20,2026-04-03,33,
www.thehockeyshop.com-J0657,TRUE Catalyst 9x3 Pro Stock Senior Goalie Stick - Joel Hofer,TRUE Catalyst 9x3 Pro Stock Senior Goalie Stick - Joel Hofer,399.99,269.95,https://cdn.shopify.com/s/files/1/0020/1585/4658/files/goalie-sticks-true-hzrdus-9x4-pro-stock-senior-goalie-stick-joel-hofer-1221772606.jpg?v=1771663989,Goalie Gear,Goalie Stick,Senior,true,In Stock,https://www.thehockeyshop.com/collections/hockey-deals-clearance,https://www.thehockeyshop.com/products/true-hzrdus-9x4-pro-stock-senior-goalie-stick-joel-hofer,2026-03-20,2026-04-03,33,
www.thehockeyshop.com-J0658,TRUE HZRDUS 9x4 Pro Stock Senior Goalie Stick - Joey Daccord,TRUE HZRDUS 9x4 Pro Stock Senior Goalie Stick - Joey Daccord,399.99,269.95,https://cdn.shopify.com/s/files/1/0020/1585/4658/files/goalie-sticks-true-hzrdus-9x4-pro-stock-senior-goalie-stick-joey-daccord-1221772600.jpg?v=1771663837,Goalie Gear,Goalie Stick,Senior,TRUE,In Stock,https://www.thehockeyshop.com/collections/hockey-deals-clearance,https://www.thehockeyshop.com/products/true-hzrdus-9x4-pro-stock-senior-goalie-stick-joey-daccord,2026-03-20,2026-04-03,33,
www.thehockeyshop.com-J0659,TRUE HZRDUS 9x4 Pro Stock Senior Goalie Stick - John Gibson,TRUE HZRDUS 9x4 Pro Stock Senior Goalie Stick - John Gibson,399.99,269.95,https://cdn.shopify.com/s/files/1/0020/1585/4658/files/goalie-sticks-true-hzrdus-9x4-pro-stock-senior-goalie-stick-john-gibson-1221772692.jpg?v=1771654271,Goalie Gear,Goalie Stick,Senior,TRUE,In Stock,https://www.thehockeyshop.com/collections/hockey-deals-clearance,https://www.thehockeyshop.com/products/true-hzrdus-9x4-pro-stock-senior-goalie-stick-john-gibson,2026-03-20,2026-04-03,33,
www.thehockeyshop.com-J0660,TRUE HZRDUS 9x4 Pro Stock Senior Goalie Stick - Lukas Dostal,TRUE HZRDUS 9x4 Pro Stock Senior Goalie Stick - Lukas Dostal,399.99,269.95,https://cdn.shopify.com/s/files/1/0020/1585/4658/files/goalie-sticks-true-hzrdus-9x4-pro-stock-senior-goalie-stick-lukas-dostal-1221772727.jpg?v=1771655197,Goalie Gear,Goalie Stick,Senior,TRUE,In Stock,https://www.thehockeyshop.com/collections/hockey-deals-clearance,https://www.thehockeyshop.com/products/true-hzrdus-9x4-pro-stock-senior-goalie-stick-lukas-dostal,2026-03-20,2026-04-03,33,
www.thehockeyshop.com-J0661,TRUE HZRDUS 9x4 Pro Stock Senior Goalie Stick - Phillip Grubauer,TRUE HZRDUS 9x4 Pro Stock Senior Goalie Stick - Phillip Grubauer,399.99,269.95,https://cdn.shopify.com/s/files/1/0020/1585/4658/files/goalie-sticks-true-hzrdus-9x4-pro-stock-senior-goalie-stick-phillip-grubauer-1221772721.jpg?v=1771655018,Goalie Gear,Goalie Stick,Senior,TRUE,In Stock,https://www.thehockeyshop.com/collections/hockey-deals-clearance,https://www.thehockeyshop.com/products/true-hzrdus-9x4-pro-stock-senior-goalie-stick-phillip-grubauer,2026-03-20,2026-04-03,33,
www.thehockeyshop.com-J0662,TRUE HZRDUS 9x4 Pro Stock Senior Goalie Stick - Samuel Ersson,TRUE HZRDUS 9x4 Pro Stock Senior Goalie Stick - Samuel Ersson,399.99,269.95,https://cdn.shopify.com/s/files/1/0020/1585/4658/files/goalie-sticks-true-hzrdus-9x4-pro-stock-senior-goalie-stick-samuel-ersson-1221772658.jpg?v=1771653310,Goalie Gear,Goalie Stick,Senior,true,In Stock,https://www.thehockeyshop.com/collections/hockey-deals-clearance,https://www.thehockeyshop.com/products/true-hzrdus-9x4-pro-stock-senior-goalie-stick-samuel-ersson,2026-03-20,2026-04-03,33,
www.thehockeyshop.com-J0663,TRUE HZRDUS 9x4 Pro Stock Senior Goalie Stick - Sergei Brobrovsky,TRUE HZRDUS 9x4 Pro Stock Senior Goalie Stick - Sergei Brobrovsky,399.99,269.95,https://cdn.shopify.com/s/files/1/0020/1585/4658/files/true-hzrdus-9x4-goalie-stick-sr-pro-stock-bobrovsky-navy-main-6281.jpg?v=1768189451,Goalie Gear,Goalie Stick,Senior,true,In Stock,https://www.thehockeyshop.com/collections/hockey-deals-clearance,https://www.thehockeyshop.com/products/true-hzrdus-9x4-pro-stock-senior-goalie-stick-sergei-brobrovsky,2026-03-20,2026-04-03,33,
www.thehockeyshop.com-J0664,TRUE HZRDUS 9x4 Pro Stock Senior Hockey Stick - Brady Tkachuk #1,TRUE HZRDUS 9x4 Pro Stock Senior Hockey Stick - Brady Tkachuk #1,399.99,249.95,https://cdn.shopify.com/s/files/1/0020/1585/4658/files/hockey-sticks-true-hzrdus-9x4-pro-stock-senior-hockey-stick-brady-tkachuk-1-1221772805.jpg?v=1771657243,Player Gear,Stick,Senior,TRUE,In Stock,https://www.thehockeyshop.com/collections/hockey-deals-clearance,https://www.thehockeyshop.com/products/true-hzrdus-9x4-pro-stock-senior-hockey-stick-brady-tkachuk-1,2026-03-20,2026-04-03,38,
www.thehockeyshop.com-J0665,TRUE HZRDUS 9x4 Pro Stock Senior Hockey Stick - Brady Tkachuk #2,TRUE HZRDUS 9x4 Pro Stock Senior Hockey Stick - Brady Tkachuk #2,399.99,249.95,https://cdn.shopify.com/s/files/1/0020/1585/4658/files/hockey-sticks-true-hzrdus-9x4-pro-stock-senior-hockey-stick-brady-tkachuk-2-1221772797.jpg?v=1771657030,Player Gear,Stick,Senior,true,In Stock,https://www.thehockeyshop.com/collections/hockey-deals-clearance,https://www.thehockeyshop.com/products/true-hzrdus-9x4-pro-stock-senior-hockey-stick-brady-tkachuk-2,2026-03-20,2026-04-03,38,
www.thehockeyshop.com-J0666,TRUE HZRDUS 9x4 Pro Stock Senior Hockey Stick - Bryan Rust,TRUE HZRDUS 9x4 Pro Stock Senior Hockey Stick - Bryan Rust,399.99,249.95,https://cdn.shopify.com/s/files/1/0020/1585/4658/files/hockey-sticks-true-hzrdus-9x4-pro-stock-senior-hockey-stick-bryan-rust-1221772848.jpg?v=1771670589,Player Gear,Stick,Senior,TRUE,In Stock,https://www.thehockeyshop.com/collections/hockey-deals-clearance,https://www.thehockeyshop.com/products/true-hzrdus-9x4-pro-stock-senior-hockey-stick-bryan-rust,2026-03-20,2026-04-03,38,
www.thehockeyshop.com-J0667,TRUE HZRDUS 9x4 Pro Stock Senior Hockey Stick - Cale Makar,TRUE HZRDUS 9x4 Pro Stock Senior Hockey Stick - Cale Makar,399.99,249.95,https://cdn.shopify.com/s/files/1/0020/1585/4658/files/hockey-sticks-true-hzrdus-9x4-pro-stock-senior-hockey-stick-cale-makar-1221772908.jpg?v=1771664737,Player Gear,Stick,Senior,TRUE,Unknown,https://www.thehockeyshop.com/collections/hockey-deals-clearance,https://www.thehockeyshop.com/products/true-hzrdus-9x4-pro-stock-senior-hockey-stick-cale-makar,2026-03-20,2026-04-03,38,
www.thehockeyshop.com-J0668,TRUE HZRDUS 9x4 Pro Stock Senior Hockey Stick - Cody Glass,TRUE HZRDUS 9x4 Pro Stock Senior Hockey Stick - Cody Glass,399.99,249.95,https://cdn.shopify.com/s/files/1/0020/1585/4658/files/hockey-sticks-true-hzrdus-9x4-pro-stock-senior-hockey-stick-cody-glass-1221772900.jpg?v=1771664438,Player Gear,Stick,Senior,true,In Stock,https://www.thehockeyshop.com/collections/hockey-deals-clearance,https://www.thehockeyshop.com/products/true-hzrdus-9x4-pro-stock-senior-hockey-stick-cody-glass,2026-03-20,2026-04-03,38,
www.thehockeyshop.com-J0669,TRUE HZRDUS 9x4 Pro Stock Senior Hockey Stick - Drake Batherson,TRUE HZRDUS 9x4 Pro Stock Senior Hockey Stick - Drake Batherson,399.99,249.95,https://cdn.shopify.com/s/files/1/0020/1585/4658/files/hockey-sticks-true-hzrdus-9x4-pro-stock-senior-hockey-stick-drake-batherson-1221772893.jpg?v=1771664169,Player Gear,Stick,Senior,true,In Stock,https://www.thehockeyshop.com/collections/hockey-deals-clearance,https://www.thehockeyshop.com/products/true-hzrdus-9x4-pro-stock-senior-hockey-stick-drake-batherson,2026-03-20,2026-04-03,38,
www.thehockeyshop.com-J0670,TRUE HZRDUS 9x4 Pro Stock Senior Hockey Stick - James Van Riemsdyk,TRUE HZRDUS 9x4 Pro Stock Senior Hockey Stick - James Van Riemsdyk,399.99,249.95,https://cdn.shopify.com/s/files/1/0020/1585/4658/files/hockey-sticks-true-hzrdus-9x4-pro-stock-senior-hockey-stick-james-van-riemsdyk-1221772769.jpg?v=1771656161,Player Gear,Stick,Senior,true,In Stock,https://www.thehockeyshop.com/collections/hockey-deals-clearance,https://www.thehockeyshop.com/products/true-hzrdus-9x4-pro-stock-senior-hockey-stick-james-van-riemsdyk,2026-03-20,2026-04-03,38,
www.thehockeyshop.com-J0671,TRUE HZRDUS 9x4 Pro Stock Senior Hockey Stick - Jesse Puljujarvi,TRUE HZRDUS 9x4 Pro Stock Senior Hockey Stick - Jesse Puljujarvi,399.99,249.95,https://cdn.shopify.com/s/files/1/0020/1585/4658/files/hockey-sticks-true-hzrdus-9x4-pro-stock-senior-hockey-stick-jesse-puljujarvi-1221772885.jpg?v=1771660810,Player Gear,Stick,Senior,true,In Stock,https://www.thehockeyshop.com/collections/hockey-deals-clearance,https://www.thehockeyshop.com/products/true-hzrdus-9x4-pro-stock-senior-hockey-stick-jesse-puljujarvi,2026-03-20,2026-04-03,38,
www.thehockeyshop.com-J0672,TRUE HZRDUS 9x4 Pro Stock Senior Hockey Stick - Josh Anderson,TRUE HZRDUS 9x4 Pro Stock Senior Hockey Stick - Josh Anderson,399.99,249.95,https://cdn.shopify.com/s/files/1/0020/1585/4658/files/hockey-sticks-true-hzrdus-9x4-pro-stock-senior-hockey-stick-josh-anderson-1221772878.jpg?v=1771660481,Player Gear,Stick,Senior,true,In Stock,https://www.thehockeyshop.com/collections/hockey-deals-clearance,https://www.thehockeyshop.com/products/true-hzrdus-9x4-pro-stock-senior-hockey-stick-josh-anderson,2026-03-20,2026-04-03,38,
www.thehockeyshop.com-J0673,TRUE HZRDUS 9x4 Pro Stock Senior Hockey Stick - Josh Norris,TRUE HZRDUS 9x4 Pro Stock Senior Hockey Stick - Josh Norris,399.99,249.95,https://cdn.shopify.com/s/files/1/0020/1585/4658/files/hockey-sticks-true-hzrdus-9x4-pro-stock-senior-hockey-stick-josh-norris-1221772760.jpg?v=1771656036,Player Gear,Stick,Senior,true,In Stock,https://www.thehockeyshop.com/collections/hockey-deals-clearance,https://www.thehockeyshop.com/products/true-hzrdus-9x4-pro-stock-senior-hockey-stick-josh-norris,2026-03-20,2026-04-03,38,
www.thehockeyshop.com-J0674,TRUE HZRDUS 9x4 Pro Stock Senior Hockey Stick - Martin Prospisil,TRUE HZRDUS 9x4 Pro Stock Senior Hockey Stick - Martin Prospisil,399.99,249.95,https://cdn.shopify.com/s/files/1/0020/1585/4658/files/hockey-sticks-true-hzrdus-9x4-pro-stock-senior-hockey-stick-martin-prospisil-1221772787.jpg?v=1771656757,Player Gear,Stick,Senior,true,In Stock,https://www.thehockeyshop.com/collections/hockey-deals-clearance,https://www.thehockeyshop.com/products/true-hzrdus-9x4-pro-stock-senior-hockey-stick-martin-prospisil,2026-03-20,2026-04-03,38,
www.thehockeyshop.com-J0675,TRUE HZRDUS 9x4 Pro Stock Senior Hockey Stick - Nic Hague,TRUE HZRDUS 9x4 Pro Stock Senior Hockey Stick - Nic Hague,399.99,249.95,https://cdn.shopify.com/s/files/1/0020/1585/4658/files/hockey-sticks-true-hzrdus-9x4-pro-stock-senior-hockey-stick-nic-hague-1221772752.jpg?v=1771655711,Player Gear,Stick,Senior,true,In Stock,https://www.thehockeyshop.com/collections/hockey-deals-clearance,https://www.thehockeyshop.com/products/true-hzrdus-9x4-pro-stock-senior-hockey-stick-nic-hague,2026-03-20,2026-04-03,38,
www.thehockeyshop.com-J0676,TRUE HZRDUS 9x4 Pro Stock Senior Hockey Stick - Nick Roy,TRUE HZRDUS 9x4 Pro Stock Senior Hockey Stick - Nick Roy,399.99,249.95,https://cdn.shopify.com/s/files/1/0020/1585/4658/files/hockey-sticks-true-hzrdus-9x4-pro-stock-senior-hockey-stick-nick-roy-1221772870.jpg?v=1771660270,Player Gear,Stick,Senior,true,In Stock,https://www.thehockeyshop.com/collections/hockey-deals-clearance,https://www.thehockeyshop.com/products/true-hzrdus-9x4-pro-stock-senior-hockey-stick-nick-roy,2026-03-20,2026-04-03,38,
www.thehockeyshop.com-J0677,TRUE HZRDUS 9x4 Pro Stock Senior Hockey Stick - Noah Dobson,TRUE HZRDUS 9x4 Pro Stock Senior Hockey Stick - Noah Dobson,399.99,249.95,https://cdn.shopify.com/s/files/1/0020/1585/4658/files/hockey-sticks-true-hzrdus-9x4-pro-stock-senior-hockey-stick-noah-dobson-1221772863.jpg?v=1771660117,Player Gear,Stick,Senior,true,In Stock,https://www.thehockeyshop.com/collections/hockey-deals-clearance,https://www.thehockeyshop.com/products/true-hzrdus-9x4-pro-stock-senior-hockey-stick-noah-dobson,2026-03-20,2026-04-03,38,
www.thehockeyshop.com-J0678,TRUE HZRDUS 9x4 Pro Stock Senior Hockey Stick - Ryan Johanson,TRUE HZRDUS 9x4 Pro Stock Senior Hockey Stick - Ryan Johanson,399.99,249.95,https://cdn.shopify.com/s/files/1/0020/1585/4658/files/hockey-sticks-true-hzrdus-9x4-pro-stock-senior-hockey-stick-ryan-johanson-1221772855.jpg?v=1771659969,Player Gear,Stick,Senior,true,In Stock,https://www.thehockeyshop.com/collections/hockey-deals-clearance,https://www.thehockeyshop.com/products/true-hzrdus-9x4-pro-stock-senior-hockey-stick-ryan-johanson,2026-03-20,2026-04-03,38,
www.thehockeyshop.com-J0679,TRUE HZRDUS 9x4 Pro Stock Senior Hockey Stick - Ryan Poehling,TRUE HZRDUS 9x4 Pro Stock Senior Hockey Stick - Ryan Poehling,399.99,249.95,https://cdn.shopify.com/s/files/1/0020/1585/4658/files/hockey-sticks-true-hzrdus-9x4-pro-stock-senior-hockey-stick-ryan-poehling-1221772917.jpg?v=1771664917,Player Gear,Stick,Senior,true,In Stock,https://www.thehockeyshop.com/collections/hockey-deals-clearance,https://www.thehockeyshop.com/products/true-hzrdus-9x4-pro-stock-senior-hockey-stick-ryan-poehling,2026-03-20,2026-04-03,38,
www.thehockeyshop.com-J0680,TRUE HZRDUS 9x4 Pro Stock Senior Hockey Stick - Sam Malinski,TRUE HZRDUS 9x4 Pro Stock Senior Hockey Stick - Sam Malinski,399.99,249.95,https://cdn.shopify.com/s/files/1/0020/1585/4658/files/hockey-sticks-true-hzrdus-9x4-pro-stock-senior-hockey-stick-sam-malinski-1221772778.jpg?v=1771656517,Player Gear,Stick,Senior,true,In Stock,https://www.thehockeyshop.com/collections/hockey-deals-clearance,https://www.thehockeyshop.com/products/true-hzrdus-9x4-pro-stock-senior-hockey-stick-sam-malinski,2026-03-20,2026-04-03,38,
www.thehockeyshop.com-J0681,True HZRDUS 9X Senior Hockey Skates,True HZRDUS 9X Senior Hockey Skates,859.99,429.90,https://cdn.shopify.com/s/files/1/0020/1585/4658/files/hockey-skates-true-hzrdus-9x-senior-hockey-skates-1221799577.jpg?v=1772501290,Player Gear,Skates,Senior,TRUE,Unknown,https://www.thehockeyshop.com/collections/hockey-deals-clearance,https://www.thehockeyshop.com/products/true-hzrdus-9x4-senior-hockey-skates,2026-03-20,2026-04-03,50,
www.thehockeyshop.com-J0682,TRUE HZRDUS 9X4 Senior Hockey Stick,TRUE HZRDUS 9X4 Senior Hockey Stick,399.99,239.95,https://cdn.shopify.com/s/files/1/0020/1585/4658/files/hockey-sticks-true-hzrdus-9x4-senior-hockey-stick-1221787495.jpg?v=1772137391,Player Gear,Stick,Senior,TRUE,In Stock,https://www.thehockeyshop.com/collections/hockey-deals-clearance,https://www.thehockeyshop.com/products/true-hzrdus-9x4-senior-hockey-stick,2026-03-20,2026-04-03,40,
www.thehockeyshop.com-J0683,TRUE HZRDUS ARC Junior Hockey Stick - 20 Flex,TRUE HZRDUS ARC Junior Hockey Stick - 20 Flex,139.99,83.95,https://cdn.shopify.com/s/files/1/0020/1585/4658/files/hockey-sticks-true-hzrdus-arc-junior-hockey-stick-20-flex-1221787187.jpg?v=1772127312,Player Gear,Stick,Junior,TRUE,In Stock,https://www.thehockeyshop.com/collections/hockey-deals-clearance,https://www.thehockeyshop.com/products/true-hzrdus-arc-junior-hockey-stick-20-flex,2026-03-20,2026-04-03,40,
www.thehockeyshop.com-J0684,TRUE HZRDUS ARC Junior Hockey Stick - 30 Flex,TRUE HZRDUS ARC Junior Hockey Stick - 30 Flex,149.99,89.95,https://cdn.shopify.com/s/files/1/0020/1585/4658/files/hockey-sticks-true-hzrdus-arc-junior-hockey-stick-30-flex-1221787154.jpg?v=1772123111,Player Gear,Stick,Junior,TRUE,In Stock,https://www.thehockeyshop.com/collections/hockey-deals-clearance,https://www.thehockeyshop.com/products/true-hzrdus-arc-junior-hockey-stick-30-flex,2026-03-20,2026-04-03,40,
www.thehockeyshop.com-J0685,TRUE HZRDUS ARC Junior Hockey Stick - 40 Flex,TRUE HZRDUS ARC Junior Hockey Stick - 40 Flex,149.99,89.95,https://cdn.shopify.com/s/files/1/0020/1585/4658/files/hockey-sticks-true-hzrdus-arc-junior-hockey-stick-40-flex-1221787165.jpg?v=1772126680,Player Gear,Stick,Junior,TRUE,In Stock,https://www.thehockeyshop.com/collections/hockey-deals-clearance,https://www.thehockeyshop.com/products/true-hzrdus-arc-junior-hockey-stick-40-flex,2026-03-20,2026-04-03,40,
www.thehockeyshop.com-J0686,TRUE HZRDUS ARC Junior Hockey Stick - 50 Flex,TRUE HZRDUS ARC Junior Hockey Stick - 50 Flex,149.99,89.95,https://cdn.shopify.com/s/files/1/0020/1585/4658/files/hockey-sticks-true-hzrdus-arc-junior-hockey-stick-50-flex-1221787133.jpg?v=1772122538,Player Gear,Stick,Junior,TRUE,In Stock,https://www.thehockeyshop.com/collections/hockey-deals-clearance,https://www.thehockeyshop.com/products/true-hzrdus-arc-junior-hockey-stick-50-flex,2026-03-20,2026-04-03,40,
www.thehockeyshop.com-J0687,TRUE Project X Smoke Intermediate Hockey Stick,TRUE Project X Smoke Intermediate Hockey Stick,379.99,227.95,https://cdn.shopify.com/s/files/1/0020/1585/4658/files/hockey-sticks-true-project-x-smoke-intermediate-hockey-stick-1221783195.jpg?v=1771978239,Player Gear,Stick,Intermediate,TRUE,Unknown,https://www.thehockeyshop.com/collections/hockey-deals-clearance,https://www.thehockeyshop.com/products/true-project-x-smoke-intermediate-hockey-stick,2026-03-20,2026-04-03,40,
www.thehockeyshop.com-J0688,TRUE Project X Smoke Junior Hockey Stick - 50 Flex,TRUE Project X Smoke Junior Hockey Stick - 50 Flex,269.99,161.95,https://cdn.shopify.com/s/files/1/0020/1585/4658/files/hockey-sticks-true-project-x-smoke-junior-hockey-stick-50-flex-1221783206.jpg?v=1771978513,Player Gear,Stick,Junior,TRUE,Unknown,https://www.thehockeyshop.com/collections/hockey-deals-clearance,https://www.thehockeyshop.com/products/true-project-x-smoke-junior-hockey-stick-50-flex,2026-03-20,2026-04-03,40,
www.thehockeyshop.com-J0689,Tuuk Lightspeed Pulse Edge Steel Runner - 2 Pack,Tuuk Lightspeed Pulse Edge Steel Runner - 2 Pack,119.99,83.97,https://cdn.shopify.com/s/files/1/0020/1585/4658/products/tuuk-hockey-skate-steel-tuuk-lightspeed-pulse-edge-steel-runner-2-pack-212-1-28744089075778.jpg?v=1768035565,Accessories,Other,,Tuuk,In Stock,https://www.thehockeyshop.com/collections/hockey-deals-clearance,https://www.thehockeyshop.com/products/tuuk-lightspeed-pulse-edge-steel-runner,2026-03-20,2026-04-03,30,
www.thehockeyshop.com-J0690,Tuuk Lightspeed Pulse TI Edge Steel Runner - 2 Pack,Tuuk Lightspeed Pulse TI Edge Steel Runner - 2 Pack,189.99,132.97,https://cdn.shopify.com/s/files/1/0020/1585/4658/products/tuuk-hockey-skate-steel-tuuk-lightspeed-pulse-ti-edge-steel-runner-2-pack-230-3-28756809744450.jpg?v=1768035595,Accessories,Other,,Tuuk,In Stock,https://www.thehockeyshop.com/collections/hockey-deals-clearance,https://www.thehockeyshop.com/products/tuuk-lightspeed-pulse-ti-edge-steel-runner,2026-03-20,2026-04-03,30,
www.thehockeyshop.com-J0691,Under Armour Halftime Backpack,Under Armour Halftime Backpack,54.99,41.97,https://cdn.shopify.com/s/files/1/0020/1585/4658/products/backpacks-under-armour-halftime-backpack-1221740445.jpg?v=1773206679,Accessories,Other,,Under Armour,In Stock,https://www.thehockeyshop.com/collections/hockey-deals-clearance,https://www.thehockeyshop.com/products/under-armour-halftime-backpack,2026-03-20,2026-04-03,24,
www.thehockeyshop.com-J0692,Under Armour Halftime Ribbed Beanie Toque,Under Armour Halftime Ribbed Beanie Toque,39.99,19.95,https://cdn.shopify.com/s/files/1/0020/1585/4658/files/toques-under-armour-halftime-ribbed-beanie-toque-1221792373.jpg?v=1772295190,Accessories,Other,,Under Armour,In Stock,https://www.thehockeyshop.com/collections/hockey-deals-clearance,https://www.thehockeyshop.com/products/under-armour-halftime-ribbed-beanie-toque,2026-03-20,2026-04-03,50,
www.thehockeyshop.com-J0693,Under Armour Hockey Icon Mens Hoody,Under Armour Hockey Icon Mens Hoody,69.99,39.95,https://cdn.shopify.com/s/files/1/0020/1585/4658/files/hoodies-under-armour-hockey-icon-mens-hoody-1221796265.jpg?v=1772412039,Accessories,Other,,Under Armour,In Stock,https://www.thehockeyshop.com/collections/hockey-deals-clearance,https://www.thehockeyshop.com/products/under-armour-hockey-icon-mens-hoody,2026-03-20,2026-04-03,43,
www.thehockeyshop.com-J0694,Under Armour Iso-Chill Adjustable Hat,Under Armour Iso-Chill Adjustable Hat,34.99,19.95,https://cdn.shopify.com/s/files/1/0020/1585/4658/files/hats-under-armour-iso-chill-adjustable-hat-1221794612.jpg?v=1772362211,Accessories,Other,,Under Armour,In Stock,https://www.thehockeyshop.com/collections/hockey-deals-clearance,https://www.thehockeyshop.com/products/under-armour-iso-chill-adjustable-hat,2026-03-20,2026-04-03,43,
www.thehockeyshop.com-J0695,Under Armour Iso-Chill Driver Mesh Hat,Under Armour Iso-Chill Driver Mesh Hat,34.99,19.95,https://cdn.shopify.com/s/files/1/0020/1585/4658/files/hats-under-armour-iso-chill-driver-mesh-hat-1221794621.jpg?v=1772362450,Accessories,Other,,Under Armour,In Stock,https://www.thehockeyshop.com/collections/hockey-deals-clearance,https://www.thehockeyshop.com/products/under-armour-iso-chill-driver-mesh-hat,2026-03-20,2026-04-03,43,
www.thehockeyshop.com-J0696,Vancouver Canucks Major League Socks - Rick Tocchet,Vancouver Canucks Major League Socks - Rick Tocchet,21.99,5.00,https://cdn.shopify.com/s/files/1/0020/1585/4658/files/socks-vancouver-canucks-major-league-socks-rick-tocchet-1221782268.jpg?v=1771947399,Accessories,Socks,,Major League Socks,In Stock,https://www.thehockeyshop.com/collections/hockey-deals-clearance,https://www.thehockeyshop.com/products/vancouver-canucks-major-league-socks-rick-tocchet,2026-03-20,2026-04-03,77,
www.thehockeyshop.com-J0697,Vancouver Canucks - Quinn Hughes Outer Stuff Junior Skate Jersey,Vancouver Canucks - Quinn Hughes Outer Stuff Junior Skate Jersey,149.99,75.00,https://cdn.shopify.com/s/files/1/0020/1585/4658/files/nhl-jerseys-vancouver-canucks-quinn-hughes-outer-stuff-junior-skate-jersey-1221727933.jpg?v=1772830657,Player Gear,Skates,Junior,Outer Stuff,In Stock,https://www.thehockeyshop.com/collections/hockey-deals-clearance,https://www.thehockeyshop.com/products/vancouver-canucks-quinn-hughes-outerstuff-junior-skate-jersey,2026-03-20,2026-04-03,50,
www.thehockeyshop.com-J0698,Vancouver Canucks - Quinn Hughes OuterStuff Premier Junior Home Jersey,Vancouver Canucks - Quinn Hughes OuterStuff Premier Junior Home Jersey,149.99,75.00,https://cdn.shopify.com/s/files/1/0020/1585/4658/files/nhl-jerseys-vancouver-canucks-quinn-hughes-outerstuff-premier-junior-home-jersey-1221728296.png?v=1772822112,Accessories,Jersey,Junior,Outer Stuff,In Stock,https://www.thehockeyshop.com/collections/hockey-deals-clearance,https://www.thehockeyshop.com/products/vancouver-canucks-quinn-hughes-outerstuff-premier-junior-home-jersey,2026-03-20,2026-04-03,50,
www.thehockeyshop.com-J0699,Vaughn Pro V Custom Foam Core Goalie Stick - Pro Stock,Vaughn Pro V Custom Foam Core Goalie Stick - Pro Stock,199.99,99.90,https://cdn.shopify.com/s/files/1/0020/1585/4658/files/vaughn-pro-v-custom-foam-core-goalie-stick-pro-stock-1221769480.jpg?v=1771552214,Accessories,Goalie Stick,,Vaughn,In Stock,https://www.thehockeyshop.com/collections/hockey-deals-clearance,https://www.thehockeyshop.com/products/vaughn-pro-v-custom-foam-core-goalie-stick-pro-stock,2026-03-20,2026-04-03,50,
www.thehockeyshop.com-J0700,Vaughn Velocity V10 Intermediate Goalie Blocker,Vaughn Velocity V10 Intermediate Goalie Blocker,329.99,164.90,https://cdn.shopify.com/s/files/1/0020/1585/4658/files/blockers-vaughn-velocity-v10-intermediate-goalie-blocker-1221800676.jpg?v=1772537233,Goalie Gear,Blocker,Intermediate,Vaughn,Unknown,https://www.thehockeyshop.com/collections/hockey-deals-clearance,https://www.thehockeyshop.com/products/vaughn-velocity-v10-intermediate-goalie-blocker,2026-03-20,2026-04-03,50,
www.thehockeyshop.com-J0701,Vaughn Velocity V10 Intermediate Goalie Catcher,Vaughn Velocity V10 Intermediate Goalie Catcher,369.99,258.97,https://cdn.shopify.com/s/files/1/0020/1585/4658/files/catchers-vaughn-velocity-v10-intermediate-goalie-catcher-1221800694.jpg?v=1772541251,Goalie Gear,Catcher Glove,Intermediate,Vaughn,In Stock,https://www.thehockeyshop.com/collections/hockey-deals-clearance,https://www.thehockeyshop.com/products/vaughn-velocity-v10-intermediate-goalie-catcher,2026-03-20,2026-04-03,30,
www.thehockeyshop.com-J0702,Vaughn Velocity V10 Pro Senior Goalie Pants,Vaughn Velocity V10 Pro Senior Goalie Pants,399.99,199.90,https://cdn.shopify.com/s/files/1/0020/1585/4658/files/goalie-pants-vaughn-velocity-v10-pro-senior-goalie-pants-1221800849.jpg?v=1772544041,Goalie Gear,Goalie Pants,Senior,Vaughn,In Stock,https://www.thehockeyshop.com/collections/hockey-deals-clearance,https://www.thehockeyshop.com/products/vaughn-velocity-v10-pro-senior-goalie-pants,2026-03-20,2026-04-03,50,
www.thehockeyshop.com-J0703,Vaughn Ventus SLR Intermediate Goalie Jock,Vaughn Ventus SLR Intermediate Goalie Jock,69.99,55.98,https://cdn.shopify.com/s/files/1/0020/1585/4658/products/goalie-jocks-vaughn-ventus-slr-intermediate-goalie-jock-1221766287.jpg?v=1774009452,Accessories,Other,Intermediate,Vaughn,In Stock,https://www.thehockeyshop.com/collections/hockey-deals-clearance,https://www.thehockeyshop.com/products/vaughn-ventus-slr-intermediate-goalie-jock,2026-03-20,2026-04-03,20,
www.thehockeyshop.com-J0704,Vaughn Ventus SLR Junior Knee & Thigh Pads,Vaughn Ventus SLR Junior Knee & Thigh Pads,99.99,79.98,https://cdn.shopify.com/s/files/1/0020/1585/4658/files/knee-pads-vaughn-ventus-slr-junior-knee-thigh-pads-1221800153.jpg?v=1772532610,Accessories,Other,Junior,Vaughn,In Stock,https://www.thehockeyshop.com/collections/hockey-deals-clearance,https://www.thehockeyshop.com/products/vaughn-ventus-slr-junior-knee-thigh-pads,2026-03-20,2026-04-03,20,
www.thehockeyshop.com-J0705,Vaughn Ventus SLR Pro Junior Goalie Jock,Vaughn Ventus SLR Pro Junior Goalie Jock,59.99,47.98,https://cdn.shopify.com/s/files/1/0020/1585/4658/products/goalie-jocks-vaughn-ventus-slr-pro-junior-goalie-jock-1221756435.jpg?v=1773700538,Accessories,Other,Junior,Vaughn,In Stock,https://www.thehockeyshop.com/collections/hockey-deals-clearance,https://www.thehockeyshop.com/products/vaughn-ventus-slr-pro-junior-goalie-jock,2026-03-20,2026-04-03,20,
www.thehockeyshop.com-J0706,Vaughn Ventus SLR Pro Senior Goalie Jock,Vaughn Ventus SLR Pro Senior Goalie Jock,79.99,63.98,https://cdn.shopify.com/s/files/1/0020/1585/4658/products/goalie-jocks-vaughn-ventus-slr-pro-senior-goalie-jock-1221766288.jpg?v=1774009512,Accessories,Other,Senior,Vaughn,In Stock,https://www.thehockeyshop.com/collections/hockey-deals-clearance,https://www.thehockeyshop.com/products/vaughn-ventus-slr-pro-senior-goalie-jock,2026-03-20,2026-04-03,20,
www.thehockeyshop.com-J0707,Vaughn Ventus SLR2 Intermediate Knee Pads,Vaughn Ventus SLR2 Intermediate Knee Pads,99.99,79.98,https://cdn.shopify.com/s/files/1/0020/1585/4658/products/knee-pads-vaughn-ventus-slr2-intermediate-knee-pads-1221750056.jpg?v=1773520391,Accessories,Other,Intermediate,Vaughn,In Stock,https://www.thehockeyshop.com/collections/hockey-deals-clearance,https://www.thehockeyshop.com/products/vaughn-ventus-slr2-intermediate-knee-pads,2026-03-20,2026-04-03,20,
www.thehockeyshop.com-J0708,Vaughn Ventus SLR2 Junior Knee Pads,Vaughn Ventus SLR2 Junior Knee Pads,89.99,71.98,https://cdn.shopify.com/s/files/1/0020/1585/4658/products/knee-pads-vaughn-ventus-slr2-junior-knee-pads-1221750055.jpg?v=1773520330,Accessories,Other,Junior,Vaughn,In Stock,https://www.thehockeyshop.com/collections/hockey-deals-clearance,https://www.thehockeyshop.com/products/vaughn-ventus-slr2-junior-knee-pads,2026-03-20,2026-04-03,20,
www.thehockeyshop.com-J0709,Vaughn Ventus SLR Pro Carbon Intermediate Goalie Jock,Vaughn Ventus SLR Pro Carbon Intermediate Goalie Jock,149.99,119.98,https://cdn.shopify.com/s/files/1/0020/1585/4658/products/goalie-jocks-vaughn-ventus-slr-pro-carbon-intermediate-goalie-jock-1221748487.jpg?v=1773461109,Accessories,Other,Intermediate,Vaughn,In Stock,https://www.thehockeyshop.com/collections/hockey-deals-clearance,https://www.thehockeyshop.com/products/vaughn-ventus-slr2-pro-carbon-intermediate-goalie-jock,2026-03-20,2026-04-03,20,
www.thehockeyshop.com-J0710,Vaughn Ventus SLR Pro Carbon Senior Goalie Jock,Vaughn Ventus SLR Pro Carbon Senior Goalie Jock,169.99,135.98,https://cdn.shopify.com/s/files/1/0020/1585/4658/products/goalie-jocks-vaughn-ventus-slr-pro-carbon-senior-goalie-jock-1221739920.jpg?v=1773210311,Accessories,Other,Senior,Vaughn,In Stock,https://www.thehockeyshop.com/collections/hockey-deals-clearance,https://www.thehockeyshop.com/products/vaughn-ventus-slr2-pro-carbon-senior-goalie-jock,2026-03-20,2026-04-03,20,
www.thehockeyshop.com-J0711,Vaughn Ventus SLR Pro Senior Knee Pads,Vaughn Ventus SLR Pro Senior Knee Pads,149.99,119.98,https://cdn.shopify.com/s/files/1/0020/1585/4658/products/knee-pads-vaughn-ventus-slr-pro-senior-knee-pads-1221750054.jpg?v=1773520357,Accessories,Other,Senior,Vaughn,In Stock,https://www.thehockeyshop.com/collections/hockey-deals-clearance,https://www.thehockeyshop.com/products/vaughn-ventus-slr2-pro-senior-knee-pads,2026-03-20,2026-04-03,20,
www.thehockeyshop.com-J0712,Vaughn Ventus SLR2 Senior Knee Pads,Vaughn Ventus SLR2 Senior Knee Pads,109.99,87.98,https://cdn.shopify.com/s/files/1/0020/1585/4658/products/knee-pads-vaughn-ventus-slr2-senior-knee-pads-1221731118.jpg?v=1772919431,Accessories,Other,Senior,Vaughn,In Stock,https://www.thehockeyshop.com/collections/hockey-deals-clearance,https://www.thehockeyshop.com/products/vaughn-ventus-slr2-senior-knee-pads,2026-03-20,2026-04-03,20,
www.thehockeyshop.com-J0713,Vaughn Ventus SLR2 Goalie Senior Padded Shirt,Vaughn Ventus SLR2 Goalie Senior Padded Shirt,119.99,95.98,https://cdn.shopify.com/s/files/1/0020/1585/4658/products/padded-shirts-vaughn-ventus-slr2-goalie-senior-padded-shirt-1221762245.jpg?v=1773878798,Accessories,Other,Senior,Vaughn,In Stock,https://www.thehockeyshop.com/collections/hockey-deals-clearance,https://www.thehockeyshop.com/products/vaughn-ventus-slr2-sr-goal-padded-shirt,2026-03-20,2026-04-03,20,
www.thehockeyshop.com-J0714,Vaughn Ventus SLR4 Intermediate Goalie Blocker,Vaughn Ventus SLR4 Intermediate Goalie Blocker,289.99,202.97,https://cdn.shopify.com/s/files/1/0020/1585/4658/files/blockers-vaughn-ventus-slr4-intermediate-goalie-blocker-1221795317.jpg?v=1772367190,Goalie Gear,Blocker,Intermediate,Vaughn,In Stock,https://www.thehockeyshop.com/collections/hockey-deals-clearance,https://www.thehockeyshop.com/products/vaughn-ventus-slr4-intermediate-goalie-blocker,2026-03-20,2026-04-03,30,
www.thehockeyshop.com-J0715,Vaughn Ventus SLR4 Intermediate Goalie Catcher,Vaughn Ventus SLR4 Intermediate Goalie Catcher,369.99,258.97,https://cdn.shopify.com/s/files/1/0020/1585/4658/files/catchers-vaughn-ventus-slr4-intermediate-goalie-catcher-1221795244.jpg?v=1772380117,Goalie Gear,Catcher Glove,Intermediate,Vaughn,In Stock,https://www.thehockeyshop.com/collections/hockey-deals-clearance,https://www.thehockeyshop.com/products/vaughn-ventus-slr4-intermediate-goalie-catcher,2026-03-20,2026-04-03,30,
www.thehockeyshop.com-J0716,Vaughn Ventus SLR4 Intermediate Goalie Leg Pads,Vaughn Ventus SLR4 Intermediate Goalie Leg Pads,789.99,552.97,https://cdn.shopify.com/s/files/1/0020/1585/4658/files/leg-pads-vaughn-ventus-slr4-intermediate-goalie-leg-pads-1221795202.jpg?v=1772378830,Goalie Gear,Leg Pads,Intermediate,Vaughn,In Stock,https://www.thehockeyshop.com/collections/hockey-deals-clearance,https://www.thehockeyshop.com/products/vaughn-ventus-slr4-intermediate-goalie-leg-pads,2026-03-20,2026-04-03,30,
www.thehockeyshop.com-J0717,Vaughn Ventus SLR4 Intermediate Goalie Pants,Vaughn Ventus SLR4 Intermediate Goalie Pants,299.99,209.97,https://cdn.shopify.com/s/files/1/0020/1585/4658/files/goalie-pants-vaughn-ventus-slr4-intermediate-goalie-pants-1221795379.jpg?v=1772369078,Goalie Gear,Goalie Pants,Intermediate,Vaughn,In Stock,https://www.thehockeyshop.com/collections/hockey-deals-clearance,https://www.thehockeyshop.com/products/vaughn-ventus-slr4-intermediate-goalie-pants,2026-03-20,2026-04-03,30,
www.thehockeyshop.com-J0718,Vaughn Ventus SLR4 Junior Goalie Catcher,Vaughn Ventus SLR4 Junior Goalie Catcher,289.99,202.97,https://cdn.shopify.com/s/files/1/0020/1585/4658/files/catchers-vaughn-ventus-slr4-junior-goalie-catcher-1221795267.jpg?v=1772380750,Goalie Gear,Catcher Glove,Junior,Vaughn,In Stock,https://www.thehockeyshop.com/collections/hockey-deals-clearance,https://www.thehockeyshop.com/products/vaughn-ventus-slr4-junior-goalie-catcher,2026-03-20,2026-04-03,30,
www.thehockeyshop.com-J0719,Vaughn Ventus SLR4 Junior Goalie Leg Pads,Vaughn Ventus SLR4 Junior Goalie Leg Pads,679.99,475.97,https://cdn.shopify.com/s/files/1/0020/1585/4658/files/leg-pads-vaughn-ventus-slr4-junior-goalie-leg-pads-1221795164.jpg?v=1772387711,Goalie Gear,Leg Pads,Junior,Vaughn,In Stock,https://www.thehockeyshop.com/collections/hockey-deals-clearance,https://www.thehockeyshop.com/products/vaughn-ventus-slr4-junior-goalie-leg-pads,2026-03-20,2026-04-03,30,
www.thehockeyshop.com-J0720,Vaughn Ventus SLR4 Junior Goalie Pants,Vaughn Ventus SLR4 Junior Goalie Pants,269.99,188.97,https://cdn.shopify.com/s/files/1/0020/1585/4658/files/goalie-pants-vaughn-ventus-slr4-junior-goalie-pants-1221795388.jpg?v=1772369350,Goalie Gear,Goalie Pants,Junior,Vaughn,In Stock,https://www.thehockeyshop.com/collections/hockey-deals-clearance,https://www.thehockeyshop.com/products/vaughn-ventus-slr4-junior-goalie-pants,2026-03-20,2026-04-03,30,
www.thehockeyshop.com-J0721,Vaughn Ventus SLR4 Pro Carbon Senior Goalie Blocker,Vaughn Ventus SLR4 Pro Carbon Senior Goalie Blocker,559.99,335.95,https://cdn.shopify.com/s/files/1/0020/1585/4658/files/blockers-vaughn-ventus-slr4-pro-carbon-senior-goalie-blocker-1221796326.jpg?v=1772403490,Goalie Gear,Blocker,Senior,Vaughn,Unknown,https://www.thehockeyshop.com/collections/hockey-deals-clearance,https://www.thehockeyshop.com/products/vaughn-ventus-slr4-pro-carbon-senior-goalie-blocker,2026-03-20,2026-04-03,40,
www.thehockeyshop.com-J0722,Vaughn Ventus SLR4 Pro Carbon Senior Goalie Catcher - 60 Degree,Vaughn Ventus SLR4 Pro Carbon Senior Goalie Catcher - 60 Degree,729.99,437.95,https://cdn.shopify.com/s/files/1/0020/1585/4658/files/catchers-vaughn-ventus-slr4-pro-carbon-senior-goalie-catcher-60-degree-1221796666.jpg?v=1772424370,Goalie Gear,Catcher Glove,Senior,Vaughn,Unknown,https://www.thehockeyshop.com/collections/hockey-deals-clearance,https://www.thehockeyshop.com/products/vaughn-ventus-slr4-pro-carbon-senior-goalie-catcher-60-degree,2026-03-20,2026-04-03,40,
www.thehockeyshop.com-J0723,Vaughn Ventus SLR4 Pro Carbon Senior Goalie Catcher - 70 Degree,Vaughn Ventus SLR4 Pro Carbon Senior Goalie Catcher - 70 Degree,729.99,437.95,https://cdn.shopify.com/s/files/1/0020/1585/4658/files/catchers-vaughn-ventus-slr4-pro-carbon-senior-goalie-catcher-70-degree-1221796680.jpg?v=1772424819,Goalie Gear,Catcher Glove,Senior,Vaughn,In Stock,https://www.thehockeyshop.com/collections/hockey-deals-clearance,https://www.thehockeyshop.com/products/vaughn-ventus-slr4-pro-carbon-senior-goalie-catcher-70-degree,2026-03-20,2026-04-03,40,
www.thehockeyshop.com-J0724,Vaughn Ventus SLR4 Pro Carbon Senior Goalie Leg Pads,Vaughn Ventus SLR4 Pro Carbon Senior Goalie Leg Pads,2399.99,1439.95,https://cdn.shopify.com/s/files/1/0020/1585/4658/files/leg-pads-vaughn-ventus-slr4-pro-carbon-senior-goalie-leg-pads-1221796312.jpg?v=1772403099,Goalie Gear,Leg Pads,Senior,Vaughn,Unknown,https://www.thehockeyshop.com/collections/hockey-deals-clearance,https://www.thehockeyshop.com/products/vaughn-ventus-slr4-pro-carbon-senior-goalie-leg-pads,2026-03-20,2026-04-03,40,
www.thehockeyshop.com-J0725,Vaughn Ventus SLR4 Pro Senior Goalie Catcher,Vaughn Ventus SLR4 Pro Senior Goalie Catcher,419.99,293.97,https://cdn.shopify.com/s/files/1/0020/1585/4658/files/catchers-vaughn-ventus-slr4-pro-senior-goalie-catcher-1221795224.jpg?v=1772379518,Goalie Gear,Catcher Glove,Senior,Vaughn,Unknown,https://www.thehockeyshop.com/collections/hockey-deals-clearance,https://www.thehockeyshop.com/products/vaughn-ventus-slr4-pro-senior-goalie-catcher,2026-03-20,2026-04-03,30,
www.thehockeyshop.com-J0726,Vaughn Ventus SLR4 Pro Senior Goalie Leg Pads,Vaughn Ventus SLR4 Pro Senior Goalie Leg Pads,1169.99,818.97,https://cdn.shopify.com/s/files/1/0020/1585/4658/files/leg-pads-vaughn-ventus-slr4-pro-senior-goalie-leg-pads-1221795183.jpg?v=1772378258,Goalie Gear,Leg Pads,Senior,Vaughn,In Stock,https://www.thehockeyshop.com/collections/hockey-deals-clearance,https://www.thehockeyshop.com/products/vaughn-ventus-slr4-pro-senior-goalie-leg-pads,2026-03-20,2026-04-03,30,
www.thehockeyshop.com-J0727,Violent Gentlemen Retro Series Shortsleeve Shirt - Buffalo,Violent Gentlemen Retro Series Shortsleeve Shirt - Buffalo,44.99,9.95,https://cdn.shopify.com/s/files/1/0020/1585/4658/products/shirts-violent-gentlemen-retro-series-shortsleeve-shirt-buffalo-1221729065.jpg?v=1772852317,Accessories,Other,,Violent Gentlemen,In Stock,https://www.thehockeyshop.com/collections/hockey-deals-clearance,https://www.thehockeyshop.com/products/violent-gentlemen-retro-series-shortsleeve-shirt-buffalo,2026-03-20,2026-04-03,78,
www.thehockeyshop.com-J0728,Violent Gentlemen Retro Series Shortsleeve Shirt - NYI,Violent Gentlemen Retro Series Shortsleeve Shirt - NYI,44.99,9.95,https://cdn.shopify.com/s/files/1/0020/1585/4658/products/shirts-violent-gentlemen-retro-series-shortsleeve-shirt-nyi-1221729085.jpg?v=1772852918,Accessories,Other,,Violent Gentlemen,In Stock,https://www.thehockeyshop.com/collections/hockey-deals-clearance,https://www.thehockeyshop.com/products/violent-gentlemen-retro-series-shortsleeve-shirt-nyi,2026-03-20,2026-04-03,78,
www.thehockeyshop.com-J0729,Violent Gentlemen Retro Series Shortsleeve Shirt - Tampa,Violent Gentlemen Retro Series Shortsleeve Shirt - Tampa,44.99,9.95,https://cdn.shopify.com/s/files/1/0020/1585/4658/products/shirts-violent-gentlemen-retro-series-shortsleeve-shirt-tampa-1221729071.jpg?v=1772852499,Accessories,Other,,Violent Gentlemen,In Stock,https://www.thehockeyshop.com/collections/hockey-deals-clearance,https://www.thehockeyshop.com/products/violent-gentlemen-retro-series-shortsleeve-shirt-tampa,2026-03-20,2026-04-03,78,
www.thehockeyshop.com-J0730,Warrior Alpha Evo Junior Hockey Glove - (2023),Warrior Alpha Evo Junior Hockey Glove - (2023),129.99,64.90,https://cdn.shopify.com/s/files/1/0020/1585/4658/files/gloves-warrior-alpha-evo-junior-hockey-glove-2023-1221798480.jpg?v=1772473058,Player Gear,Gloves,Junior,Warrior,In Stock,https://www.thehockeyshop.com/collections/hockey-deals-clearance,https://www.thehockeyshop.com/products/warrior-alpha-evo-junior-hockey-glove,2026-03-20,2026-04-03,50,
www.thehockeyshop.com-J0731,Warrior Alpha Evo Pro Junior Hockey Glove - (2023),Warrior Alpha Evo Pro Junior Hockey Glove - (2023),169.99,84.90,https://cdn.shopify.com/s/files/1/0020/1585/4658/files/gloves-warrior-alpha-evo-pro-junior-hockey-glove-2023-1221798465.jpg?v=1772472552,Player Gear,Gloves,Junior,Warrior,In Stock,https://www.thehockeyshop.com/collections/hockey-deals-clearance,https://www.thehockeyshop.com/products/warrior-alpha-evo-pro-junior-hockey-glove,2026-03-20,2026-04-03,50,
www.thehockeyshop.com-J0732,Warrior Alpha Lite Junior Hockey Elbow Pads (2024),Warrior Alpha Lite Junior Hockey Elbow Pads (2024),104.99,72.97,https://cdn.shopify.com/s/files/1/0020/1585/4658/files/elbow-pads-warrior-alpha-lite-junior-hockey-elbow-pads-1221789379.jpg?v=1772194391,Accessories,Other,Junior,Warrior,In Stock,https://www.thehockeyshop.com/collections/hockey-deals-clearance,https://www.thehockeyshop.com/products/warrior-alpha-lite-junior-hockey-elbow-pads,2026-03-20,2026-04-03,30,
www.thehockeyshop.com-J0733,Warrior Alpha Lite Junior Hockey Shoulder Pads (2024),Warrior Alpha Lite Junior Hockey Shoulder Pads (2024),129.99,90.97,https://cdn.shopify.com/s/files/1/0020/1585/4658/files/shoulder-pads-warrior-alpha-lite-junior-hockey-shoulder-pads-1221789343.jpg?v=1772193190,Accessories,Other,Junior,Warrior,In Stock,https://www.thehockeyshop.com/collections/hockey-deals-clearance,https://www.thehockeyshop.com/products/warrior-alpha-lite-junior-hockey-shoulder-pads,2026-03-20,2026-04-03,30,
www.thehockeyshop.com-J0734,Warrior Alpha Lite Senior Hockey Elbow Pads (2024),Warrior Alpha Lite Senior Hockey Elbow Pads (2024),114.99,79.97,https://cdn.shopify.com/s/files/1/0020/1585/4658/files/elbow-pads-warrior-alpha-lite-senior-hockey-elbow-pads-1221789378.jpg?v=1772194419,Accessories,Other,Senior,Warrior,In Stock,https://www.thehockeyshop.com/collections/hockey-deals-clearance,https://www.thehockeyshop.com/products/warrior-alpha-lite-senior-hockey-elbow-pads,2026-03-20,2026-04-03,30,
www.thehockeyshop.com-J0735,Warrior Alpha Lite Senior Hockey Shoulder Pads (2024),Warrior Alpha Lite Senior Hockey Shoulder Pads (2024),149.99,104.97,https://cdn.shopify.com/s/files/1/0020/1585/4658/files/shoulder-pads-warrior-alpha-lite-senior-hockey-shoulder-pads-1221789320.jpg?v=1772192558,Accessories,Other,Senior,Warrior,In Stock,https://www.thehockeyshop.com/collections/hockey-deals-clearance,https://www.thehockeyshop.com/products/warrior-alpha-lite-senior-hockey-shoulder-pads,2026-03-20,2026-04-03,30,
www.thehockeyshop.com-J0736,Warrior Alpha LX2 Pro Junior Hockey Stick - 40 Flex,Warrior Alpha LX2 Pro Junior Hockey Stick - 40 Flex,239.99,119.90,https://cdn.shopify.com/s/files/1/0020/1585/4658/files/hockey-sticks-warrior-alpha-lx2-pro-junior-hockey-stick-40-flex-1221798811.jpg?v=1772483652,Player Gear,Stick,Junior,Warrior,In Stock,https://www.thehockeyshop.com/collections/hockey-deals-clearance,https://www.thehockeyshop.com/products/warrior-alpha-lx2-pro-junior-hockey-stick-40-flex,2026-03-20,2026-04-03,50,
www.thehockeyshop.com-J0737,Warrior Alpha LX3 Pro Stock Senior Hockey Gloves - Adirondack Thunder Black,Warrior Alpha LX3 Pro Stock Senior Hockey Gloves - Adirondack Thunder Black,249.99,199.98,https://cdn.shopify.com/s/files/1/0020/1585/4658/files/gloves-warrior-alpha-lx3-pro-stock-senior-hockey-gloves-adirondack-thunder-black-1221720274.jpg?v=1771551406,Player Gear,Gloves,Senior,Warrior,In Stock,https://www.thehockeyshop.com/collections/hockey-deals-clearance,https://www.thehockeyshop.com/products/warrior-alpha-lx3-pro-stock-senior-hockey-gloves-adirondack-thunder-black,2026-03-20,2026-04-03,20,
www.thehockeyshop.com-J0738,Warrior Alpha LX3 Pro Stock Senior Hockey Gloves - Anaheim Ducks Black / White,Warrior Alpha LX3 Pro Stock Senior Hockey Gloves - Anaheim Ducks Black / White,249.99,199.98,https://cdn.shopify.com/s/files/1/0020/1585/4658/files/gloves-warrior-alpha-lx3-pro-stock-senior-hockey-gloves-anaheim-ducks-black-white-1221720459.jpg?v=1771551998,Player Gear,Gloves,Senior,Warrior,In Stock,https://www.thehockeyshop.com/collections/hockey-deals-clearance,https://www.thehockeyshop.com/products/warrior-alpha-lx3-pro-stock-senior-hockey-gloves-anaheim-ducks-orange,2026-03-20,2026-04-03,20,
www.thehockeyshop.com-J0739,Warrior Alpha LX3 Pro Stock Senior Hockey Gloves - Anaheim Ducks Black / Orange,Warrior Alpha LX3 Pro Stock Senior Hockey Gloves - Anaheim Ducks Black / Orange,249.99,199.98,https://cdn.shopify.com/s/files/1/0020/1585/4658/files/gloves-warrior-alpha-lx3-pro-stock-senior-hockey-gloves-anaheim-ducks-black-orange-1221720444.jpg?v=1771552128,Player Gear,Gloves,Senior,Warrior,In Stock,https://www.thehockeyshop.com/collections/hockey-deals-clearance,https://www.thehockeyshop.com/products/warrior-alpha-lx3-pro-stock-senior-hockey-gloves-anaheim-ducks-purple,2026-03-20,2026-04-03,20,
www.thehockeyshop.com-J0740,Warrior Alpha LX3 Pro Stock Senior Hockey Gloves - Boston Bruins Black,Warrior Alpha LX3 Pro Stock Senior Hockey Gloves - Boston Bruins Black,249.99,199.98,https://cdn.shopify.com/s/files/1/0020/1585/4658/files/gloves-warrior-alpha-lx3-pro-stock-senior-hockey-gloves-boston-bruins-black-1221720354.jpg?v=1771548551,Player Gear,Gloves,Senior,Warrior,In Stock,https://www.thehockeyshop.com/collections/hockey-deals-clearance,https://www.thehockeyshop.com/products/warrior-alpha-lx3-pro-stock-senior-hockey-gloves-boston-bruins-black,2026-03-20,2026-04-03,20,
www.thehockeyshop.com-J0741,Warrior Alpha LX3 Pro Stock Senior Hockey Gloves - Boston Bruins Brown,Warrior Alpha LX3 Pro Stock Senior Hockey Gloves - Boston Bruins Brown,249.99,199.98,https://cdn.shopify.com/s/files/1/0020/1585/4658/files/gloves-warrior-alpha-lx3-pro-stock-senior-hockey-gloves-boston-bruins-brown-1221720366.jpg?v=1771549031,Player Gear,Gloves,Senior,Warrior,In Stock,https://www.thehockeyshop.com/collections/hockey-deals-clearance,https://www.thehockeyshop.com/products/warrior-alpha-lx3-pro-stock-senior-hockey-gloves-boston-bruins-brown,2026-03-20,2026-04-03,20,
www.thehockeyshop.com-J0742,Warrior Alpha LX3 Pro Stock Senior Hockey Gloves - Buffalo Sabres Black/Red,Warrior Alpha LX3 Pro Stock Senior Hockey Gloves - Buffalo Sabres Black/Red,249.99,199.98,https://cdn.shopify.com/s/files/1/0020/1585/4658/files/gloves-warrior-alpha-lx3-pro-stock-senior-hockey-gloves-buffalo-sabres-black-red-1221720735.jpg?v=1771566998,Player Gear,Gloves,Senior,Warrior,In Stock,https://www.thehockeyshop.com/collections/hockey-deals-clearance,https://www.thehockeyshop.com/products/warrior-alpha-lx3-pro-stock-senior-hockey-gloves-buffalo-sabres-black-red,2026-03-20,2026-04-03,20,
www.thehockeyshop.com-J0743,Warrior Alpha LX3 Pro Stock Senior Hockey Gloves - Buffalo Sabres Blue,Warrior Alpha LX3 Pro Stock Senior Hockey Gloves - Buffalo Sabres Blue,249.99,199.98,https://cdn.shopify.com/s/files/1/0020/1585/4658/files/gloves-warrior-alpha-lx3-pro-stock-senior-hockey-gloves-buffalo-sabres-blue-1221720747.jpg?v=1771566610,Player Gear,Gloves,Senior,Warrior,In Stock,https://www.thehockeyshop.com/collections/hockey-deals-clearance,https://www.thehockeyshop.com/products/warrior-alpha-lx3-pro-stock-senior-hockey-gloves-buffalo-sabres-blue,2026-03-20,2026-04-03,20,
www.thehockeyshop.com-J0744,Warrior Alpha LX3 Pro Stock Senior Hockey Gloves - Calgary Flames Red,Warrior Alpha LX3 Pro Stock Senior Hockey Gloves - Calgary Flames Red,249.99,199.98,https://cdn.shopify.com/s/files/1/0020/1585/4658/files/gloves-warrior-alpha-lx3-pro-stock-senior-hockey-gloves-calgary-flames-red-1221720471.jpg?v=1771565837,Player Gear,Gloves,Senior,Warrior,In Stock,https://www.thehockeyshop.com/collections/hockey-deals-clearance,https://www.thehockeyshop.com/products/warrior-alpha-lx3-pro-stock-senior-hockey-gloves-calgary-flames-red,2026-03-20,2026-04-03,20,
www.thehockeyshop.com-J0745,Warrior Alpha LX3 Pro Stock Senior Hockey Gloves - Canada 4 Nations Black/Red,Warrior Alpha LX3 Pro Stock Senior Hockey Gloves - Canada 4 Nations Black/Red,249.99,199.98,https://cdn.shopify.com/s/files/1/0020/1585/4658/files/gloves-warrior-alpha-lx3-pro-stock-senior-hockey-gloves-canada-4-nations-black-red-1221720377.jpg?v=1771544858,Player Gear,Gloves,Senior,Warrior,In Stock,https://www.thehockeyshop.com/collections/hockey-deals-clearance,https://www.thehockeyshop.com/products/warrior-alpha-lx3-pro-stock-senior-hockey-gloves-canada-4-nations-black-red,2026-03-20,2026-04-03,20,
www.thehockeyshop.com-J0746,Warrior Alpha LX3 Pro Stock Senior Hockey Gloves - Carolina Hurricanes Red,Warrior Alpha LX3 Pro Stock Senior Hockey Gloves - Carolina Hurricanes Red,249.99,199.98,https://cdn.shopify.com/s/files/1/0020/1585/4658/files/gloves-warrior-alpha-lx3-pro-stock-senior-hockey-gloves-carolina-hurricanes-red-1221720483.jpg?v=1771565500,Player Gear,Gloves,Senior,Warrior,In Stock,https://www.thehockeyshop.com/collections/hockey-deals-clearance,https://www.thehockeyshop.com/products/warrior-alpha-lx3-pro-stock-senior-hockey-gloves-carolina-hurricanes-red,2026-03-20,2026-04-03,20,
www.thehockeyshop.com-J0747,Warrior Alpha LX3 Pro Stock Senior Hockey Gloves - Chicago Blackhawks Winter Classic Tan,Warrior Alpha LX3 Pro Stock Senior Hockey Gloves - Chicago Blackhawks Winter Classic Tan,249.99,199.98,https://cdn.shopify.com/s/files/1/0020/1585/4658/files/gloves-warrior-alpha-lx3-pro-stock-senior-hockey-gloves-chicago-blackhawks-winter-classic-tan-1221720308.jpg?v=1771544891,Player Gear,Gloves,Senior,Warrior,Unknown,https://www.thehockeyshop.com/collections/hockey-deals-clearance,https://www.thehockeyshop.com/products/warrior-alpha-lx3-pro-stock-senior-hockey-gloves-chicago-blackhawks-winter-classic-tan,2026-03-20,2026-04-03,20,
www.thehockeyshop.com-J0748,Warrior Alpha LX3 Pro Stock Senior Hockey Gloves - Colorado Avalanche Blue,Warrior Alpha LX3 Pro Stock Senior Hockey Gloves - Colorado Avalanche Blue,249.99,199.98,https://cdn.shopify.com/s/files/1/0020/1585/4658/files/gloves-warrior-alpha-lx3-pro-stock-senior-hockey-gloves-colorado-avalanche-blue-1221720286.jpg?v=1771551129,Player Gear,Gloves,Senior,Warrior,In Stock,https://www.thehockeyshop.com/collections/hockey-deals-clearance,https://www.thehockeyshop.com/products/warrior-alpha-lx3-pro-stock-senior-hockey-gloves-colorado-avalanche-blue,2026-03-20,2026-04-03,20,
www.thehockeyshop.com-J0749,Warrior Alpha LX3 Pro Stock Senior Hockey Gloves - Colorado Avalanche Navy,Warrior Alpha LX3 Pro Stock Senior Hockey Gloves - Colorado Avalanche Navy,249.99,199.98,https://cdn.shopify.com/s/files/1/0020/1585/4658/files/gloves-warrior-alpha-lx3-pro-stock-senior-hockey-gloves-colorado-avalanche-navy-1221720297.jpg?v=1771549185,Player Gear,Gloves,Senior,Warrior,In Stock,https://www.thehockeyshop.com/collections/hockey-deals-clearance,https://www.thehockeyshop.com/products/warrior-alpha-lx3-pro-stock-senior-hockey-gloves-colorado-avalanche-navy,2026-03-20,2026-04-03,20,
www.thehockeyshop.com-J0750,Warrior Alpha LX3 Pro Stock Senior Hockey Gloves - Columbus Blue Jackets Navy,Warrior Alpha LX3 Pro Stock Senior Hockey Gloves - Columbus Blue Jackets Navy,249.99,199.98,https://cdn.shopify.com/s/files/1/0020/1585/4658/files/gloves-warrior-alpha-lx3-pro-stock-senior-hockey-gloves-columbus-blue-jackets-navy-1221720320.jpg?v=1771566197,Player Gear,Gloves,Senior,Warrior,In Stock,https://www.thehockeyshop.com/collections/hockey-deals-clearance,https://www.thehockeyshop.com/products/warrior-alpha-lx3-pro-stock-senior-hockey-gloves-columbus-blue-jackets-navy,2026-03-20,2026-04-03,20,
www.thehockeyshop.com-J0751,Warrior Alpha LX3 Pro Stock Senior Hockey Gloves - Dallas Stars Third Black/Green,Warrior Alpha LX3 Pro Stock Senior Hockey Gloves - Dallas Stars Third Black/Green,249.99,199.98,https://cdn.shopify.com/s/files/1/0020/1585/4658/files/warrior-alpha-lx3-pro-stock-hockey-gloves-sr-dallas-stars-3rd-bk-gn-main-6801.jpg?v=1770852874,Player Gear,Gloves,Senior,Warrior,In Stock,https://www.thehockeyshop.com/collections/hockey-deals-clearance,https://www.thehockeyshop.com/products/warrior-alpha-lx3-pro-stock-senior-hockey-gloves-dallas-stars-third-black-green,2026-03-20,2026-04-03,20,
www.thehockeyshop.com-J0752,Warrior Alpha LX3 Pro Stock Senior Hockey Gloves - Detroit Red Wings Red,Warrior Alpha LX3 Pro Stock Senior Hockey Gloves - Detroit Red Wings Red,249.99,199.98,https://cdn.shopify.com/s/files/1/0020/1585/4658/files/gloves-warrior-alpha-lx3-pro-stock-senior-hockey-gloves-detroit-red-wings-red-1221720723.jpg?v=1771565258,Player Gear,Gloves,Senior,Warrior,In Stock,https://www.thehockeyshop.com/collections/hockey-deals-clearance,https://www.thehockeyshop.com/products/warrior-alpha-lx3-pro-stock-senior-hockey-gloves-detroit-red-wings-red,2026-03-20,2026-04-03,20,
www.thehockeyshop.com-J0753,Warrior Alpha LX3 Pro Stock Senior Hockey Gloves - Edmonton Oilers Navy,Warrior Alpha LX3 Pro Stock Senior Hockey Gloves - Edmonton Oilers Navy,249.99,199.98,https://cdn.shopify.com/s/files/1/0020/1585/4658/files/gloves-warrior-alpha-lx3-pro-stock-senior-hockey-gloves-edmonton-oilers-navy-1221720663.jpg?v=1771564449,Player Gear,Gloves,Senior,Warrior,In Stock,https://www.thehockeyshop.com/collections/hockey-deals-clearance,https://www.thehockeyshop.com/products/warrior-alpha-lx3-pro-stock-senior-hockey-gloves-edmonton-oilers-navy,2026-03-20,2026-04-03,20,
www.thehockeyshop.com-J0754,Warrior Alpha LX3 Pro Stock Senior Hockey Gloves - Edmonton Oilers Royal/Orange,Warrior Alpha LX3 Pro Stock Senior Hockey Gloves - Edmonton Oilers Royal/Orange,249.99,199.98,https://cdn.shopify.com/s/files/1/0020/1585/4658/files/gloves-warrior-alpha-lx3-pro-stock-senior-hockey-gloves-edmonton-oilers-royal-orange-1221720676.jpg?v=1771564932,Player Gear,Gloves,Senior,Warrior,In Stock,https://www.thehockeyshop.com/collections/hockey-deals-clearance,https://www.thehockeyshop.com/products/warrior-alpha-lx3-pro-stock-senior-hockey-gloves-edmonton-oilers-royal-orange,2026-03-20,2026-04-03,20,
www.thehockeyshop.com-J0755,Warrior Alpha LX3 Pro Stock Senior Hockey Gloves - Florida Panthers Navy,Warrior Alpha LX3 Pro Stock Senior Hockey Gloves - Florida Panthers Navy,249.99,199.98,https://cdn.shopify.com/s/files/1/0020/1585/4658/files/gloves-warrior-alpha-lx3-pro-stock-senior-hockey-gloves-florida-panthers-navy-1221720688.jpg?v=1771564057,Player Gear,Gloves,Senior,Warrior,In Stock,https://www.thehockeyshop.com/collections/hockey-deals-clearance,https://www.thehockeyshop.com/products/warrior-alpha-lx3-pro-stock-senior-hockey-gloves-florida-panthers-navy,2026-03-20,2026-04-03,20,
www.thehockeyshop.com-J0756,Warrior Alpha LX3 Pro Stock Senior Hockey Gloves - Iowa Heartlanders Black/Grey/Yellow,Warrior Alpha LX3 Pro Stock Senior Hockey Gloves - Iowa Heartlanders Black/Grey/Yellow,249.99,199.98,https://cdn.shopify.com/s/files/1/0020/1585/4658/files/gloves-warrior-alpha-lx3-pro-stock-senior-hockey-gloves-iowa-heartlanders-black-grey-yellow-1221720496.jpg?v=1771563646,Player Gear,Gloves,Senior,Warrior,In Stock,https://www.thehockeyshop.com/collections/hockey-deals-clearance,https://www.thehockeyshop.com/products/warrior-alpha-lx3-pro-stock-senior-hockey-gloves-iowa-heartlanders-black-grey-yellow,2026-03-20,2026-04-03,20,
www.thehockeyshop.com-J0757,Warrior Alpha LX3 Pro Stock Senior Hockey Gloves - Kansas City Mavericks Black/Orange,Warrior Alpha LX3 Pro Stock Senior Hockey Gloves - Kansas City Mavericks Black/Orange,249.99,199.98,https://cdn.shopify.com/s/files/1/0020/1585/4658/files/gloves-warrior-alpha-lx3-pro-stock-senior-hockey-gloves-kansas-city-mavericks-black-orange-1221720543.jpg?v=1771563337,Player Gear,Gloves,Senior,Warrior,In Stock,https://www.thehockeyshop.com/collections/hockey-deals-clearance,https://www.thehockeyshop.com/products/warrior-alpha-lx3-pro-stock-senior-hockey-gloves-kansas-city-mavericks-black-orange,2026-03-20,2026-04-03,20,
www.thehockeyshop.com-J0758,Warrior Alpha LX3 Pro Stock Senior Hockey Gloves - Los Angeles Kings Black,Warrior Alpha LX3 Pro Stock Senior Hockey Gloves - Los Angeles Kings Black,249.99,199.98,https://cdn.shopify.com/s/files/1/0020/1585/4658/files/gloves-warrior-alpha-lx3-pro-stock-senior-hockey-gloves-los-angeles-kings-black-1221720591.jpg?v=1771562470,Player Gear,Gloves,Senior,Warrior,In Stock,https://www.thehockeyshop.com/collections/hockey-deals-clearance,https://www.thehockeyshop.com/products/warrior-alpha-lx3-pro-stock-senior-hockey-gloves-los-angeles-kings-black,2026-03-20,2026-04-03,20,
www.thehockeyshop.com-J0759,Warrior Alpha LX3 Pro Stock Senior Hockey Gloves - Los Angeles Kings White,Warrior Alpha LX3 Pro Stock Senior Hockey Gloves - Los Angeles Kings White,249.99,199.98,https://cdn.shopify.com/s/files/1/0020/1585/4658/files/gloves-warrior-alpha-lx3-pro-stock-senior-hockey-gloves-los-angeles-kings-white-1221720555.jpg?v=1771737190,Player Gear,Gloves,Senior,Warrior,Unknown,https://www.thehockeyshop.com/collections/hockey-deals-clearance,https://www.thehockeyshop.com/products/warrior-alpha-lx3-pro-stock-senior-hockey-gloves-los-angeles-kings-white,2026-03-20,2026-04-03,20,
www.thehockeyshop.com-J0760,Warrior Alpha LX3 Pro Stock Senior Hockey Gloves - Minnesota Wild Green,Warrior Alpha LX3 Pro Stock Senior Hockey Gloves - Minnesota Wild Green,249.99,199.98,https://cdn.shopify.com/s/files/1/0020/1585/4658/files/gloves-warrior-alpha-lx3-pro-stock-senior-hockey-gloves-minnesota-wild-green-1221720877.jpg?v=1771561538,Player Gear,Gloves,Senior,Warrior,In Stock,https://www.thehockeyshop.com/collections/hockey-deals-clearance,https://www.thehockeyshop.com/products/warrior-alpha-lx3-pro-stock-senior-hockey-gloves-minnesota-wild-green,2026-03-20,2026-04-03,20,
www.thehockeyshop.com-J0761,Warrior Alpha LX3 Pro Stock Senior Hockey Gloves - Montreal Canadiens Royal/Red/White,Warrior Alpha LX3 Pro Stock Senior Hockey Gloves - Montreal Canadiens Royal/Red/White,249.99,199.98,https://cdn.shopify.com/s/files/1/0020/1585/4658/files/gloves-warrior-alpha-lx3-pro-stock-senior-hockey-gloves-montreal-canadiens-royal-red-white-1221720389.jpg?v=1771585810,Player Gear,Gloves,Senior,Warrior,In Stock,https://www.thehockeyshop.com/collections/hockey-deals-clearance,https://www.thehockeyshop.com/products/warrior-alpha-lx3-pro-stock-senior-hockey-gloves-montreal-canadiens-royal-red-white,2026-03-20,2026-04-03,20,
www.thehockeyshop.com-J0762,Warrior Alpha LX3 Pro Stock Senior Hockey Gloves - New York Islanders Blue/Orange,Warrior Alpha LX3 Pro Stock Senior Hockey Gloves - New York Islanders Blue/Orange,249.99,199.98,https://cdn.shopify.com/s/files/1/0020/1585/4658/files/gloves-warrior-alpha-lx3-pro-stock-senior-hockey-gloves-new-york-islanders-blue-orange-1221720508.jpg?v=1771560818,Player Gear,Gloves,Senior,Warrior,In Stock,https://www.thehockeyshop.com/collections/hockey-deals-clearance,https://www.thehockeyshop.com/products/warrior-alpha-lx3-pro-stock-senior-hockey-gloves-new-york-islanders-blue-orange,2026-03-20,2026-04-03,20,
www.thehockeyshop.com-J0763,Warrior Alpha LX3 Pro Stock Senior Hockey Gloves - New York Rangers Blue/Red/White,Warrior Alpha LX3 Pro Stock Senior Hockey Gloves - New York Rangers Blue/Red/White,249.99,199.98,https://cdn.shopify.com/s/files/1/0020/1585/4658/files/warrior-alpha-lx3-pro-stock-hockey-gloves-sr-rangers-bl-rd-wh-main-6950.jpg?v=1770849889,Player Gear,Gloves,Senior,Warrior,In Stock,https://www.thehockeyshop.com/collections/hockey-deals-clearance,https://www.thehockeyshop.com/products/warrior-alpha-lx3-pro-stock-senior-hockey-gloves-new-york-rangers-blue-red-white,2026-03-20,2026-04-03,20,
www.thehockeyshop.com-J0764,Warrior Alpha LX3 Pro Stock Senior Hockey Gloves - Newfoundland Growlers Black,Warrior Alpha LX3 Pro Stock Senior Hockey Gloves - Newfoundland Growlers Black,249.99,199.98,https://cdn.shopify.com/s/files/1/0020/1585/4658/files/gloves-warrior-alpha-lx3-pro-stock-senior-hockey-gloves-newfoundland-growlers-black-1221720651.jpg?v=1771561065,Player Gear,Gloves,Senior,Warrior,In Stock,https://www.thehockeyshop.com/collections/hockey-deals-clearance,https://www.thehockeyshop.com/products/warrior-alpha-lx3-pro-stock-senior-hockey-gloves-newfoundland-growlers-black,2026-03-20,2026-04-03,20,
www.thehockeyshop.com-J0765,Warrior Alpha LX3 Pro Stock Senior Hockey Gloves - Orlando Solar Bears Purple,Warrior Alpha LX3 Pro Stock Senior Hockey Gloves - Orlando Solar Bears Purple,249.99,199.98,https://cdn.shopify.com/s/files/1/0020/1585/4658/files/gloves-warrior-alpha-lx3-pro-stock-senior-hockey-gloves-orlando-solar-bears-purple-1221720817.jpg?v=1771560399,Player Gear,Gloves,Senior,Warrior,In Stock,https://www.thehockeyshop.com/collections/hockey-deals-clearance,https://www.thehockeyshop.com/products/warrior-alpha-lx3-pro-stock-senior-hockey-gloves-orlando-solar-bears-purple,2026-03-20,2026-04-03,20,
www.thehockeyshop.com-J0766,Warrior Alpha LX3 Pro Stock Senior Hockey Gloves - Pittsburgh Penguins Black,Warrior Alpha LX3 Pro Stock Senior Hockey Gloves - Pittsburgh Penguins Black,249.99,199.98,https://cdn.shopify.com/s/files/1/0020/1585/4658/files/gloves-warrior-alpha-lx3-pro-stock-senior-hockey-gloves-pittsburgh-penguins-black-1221720699.jpg?v=1771560070,Player Gear,Gloves,Senior,Warrior,In Stock,https://www.thehockeyshop.com/collections/hockey-deals-clearance,https://www.thehockeyshop.com/products/warrior-alpha-lx3-pro-stock-senior-hockey-gloves-pittsburgh-penguins-black,2026-03-20,2026-04-03,20,
www.thehockeyshop.com-J0767,Warrior Alpha LX3 Pro Stock Senior Hockey Gloves - San Jose Sharks Black,Warrior Alpha LX3 Pro Stock Senior Hockey Gloves - San Jose Sharks Black,249.99,199.98,https://cdn.shopify.com/s/files/1/0020/1585/4658/files/gloves-warrior-alpha-lx3-pro-stock-senior-hockey-gloves-san-jose-sharks-black-1221720771.jpg?v=1771558938,Player Gear,Gloves,Senior,Warrior,In Stock,https://www.thehockeyshop.com/collections/hockey-deals-clearance,https://www.thehockeyshop.com/products/warrior-alpha-lx3-pro-stock-senior-hockey-gloves-san-jose-sharks-black,2026-03-20,2026-04-03,20,
www.thehockeyshop.com-J0768,Warrior Alpha LX3 Pro Stock Senior Hockey Gloves - San Jose Sharks Teal,Warrior Alpha LX3 Pro Stock Senior Hockey Gloves - San Jose Sharks Teal,249.99,199.98,https://cdn.shopify.com/s/files/1/0020/1585/4658/files/gloves-warrior-alpha-lx3-pro-stock-senior-hockey-gloves-san-jose-sharks-teal-1221720806.jpg?v=1771558777,Player Gear,Gloves,Senior,Warrior,Unknown,https://www.thehockeyshop.com/collections/hockey-deals-clearance,https://www.thehockeyshop.com/products/warrior-alpha-lx3-pro-stock-senior-hockey-gloves-san-jose-sharks-teal,2026-03-20,2026-04-03,20,
www.thehockeyshop.com-J0769,Warrior Alpha LX3 Pro Stock Senior Hockey Gloves - Savanah Ghost Pirates Black/Green,Warrior Alpha LX3 Pro Stock Senior Hockey Gloves - Savanah Ghost Pirates Black/Green,249.99,199.98,https://cdn.shopify.com/s/files/1/0020/1585/4658/files/gloves-warrior-alpha-lx3-pro-stock-senior-hockey-gloves-savanah-ghost-pirates-black-green-1221720759.jpg?v=1771559737,Player Gear,Gloves,Senior,Warrior,In Stock,https://www.thehockeyshop.com/collections/hockey-deals-clearance,https://www.thehockeyshop.com/products/warrior-alpha-lx3-pro-stock-senior-hockey-gloves-savanah-ghost-pirates-black-green,2026-03-20,2026-04-03,20,
www.thehockeyshop.com-J0770,Warrior Alpha LX3 Pro Stock Senior Hockey Gloves - Seattle Kraken Navy,Warrior Alpha LX3 Pro Stock Senior Hockey Gloves - Seattle Kraken Navy,249.99,199.98,https://cdn.shopify.com/s/files/1/0020/1585/4658/files/gloves-warrior-alpha-lx3-pro-stock-senior-hockey-gloves-seattle-kraken-navy-1221720580.jpg?v=1771737459,Player Gear,Gloves,Senior,Warrior,In Stock,https://www.thehockeyshop.com/collections/hockey-deals-clearance,https://www.thehockeyshop.com/products/warrior-alpha-lx3-pro-stock-senior-hockey-gloves-seattle-kraken-navy,2026-03-20,2026-04-03,20,
www.thehockeyshop.com-J0771,Warrior Alpha LX3 Pro Stock Senior Hockey Gloves - St. Louis Blues Navy,Warrior Alpha LX3 Pro Stock Senior Hockey Gloves - St. Louis Blues Navy,249.99,199.98,https://cdn.shopify.com/s/files/1/0020/1585/4658/files/gloves-warrior-alpha-lx3-pro-stock-senior-hockey-gloves-st-louis-blues-navy-1221720343.jpg?v=1771562017,Player Gear,Gloves,Senior,Warrior,In Stock,https://www.thehockeyshop.com/collections/hockey-deals-clearance,https://www.thehockeyshop.com/products/warrior-alpha-lx3-pro-stock-senior-hockey-gloves-st-louis-blues-navy,2026-03-20,2026-04-03,20,
www.thehockeyshop.com-J0772,Warrior Alpha LX3 Pro Stock Senior Hockey Gloves - St.Louis Blues Winter Classic Navy,Warrior Alpha LX3 Pro Stock Senior Hockey Gloves - St.Louis Blues Winter Classic Navy,249.99,199.98,https://cdn.shopify.com/s/files/1/0020/1585/4658/files/gloves-warrior-alpha-lx3-pro-stock-senior-hockey-gloves-st-louis-blues-winter-classic-navy-1221720331.jpg?v=1771548040,Player Gear,Gloves,Senior,Warrior,In Stock,https://www.thehockeyshop.com/collections/hockey-deals-clearance,https://www.thehockeyshop.com/products/warrior-alpha-lx3-pro-stock-senior-hockey-gloves-st-louis-blues-winter-classic-navy,2026-03-20,2026-04-03,20,
www.thehockeyshop.com-J0773,Warrior Alpha LX3 Pro Stock Senior Hockey Gloves - Tampa Bay Lightning Black,Warrior Alpha LX3 Pro Stock Senior Hockey Gloves - Tampa Bay Lightning Black,249.99,199.98,https://cdn.shopify.com/s/files/1/0020/1585/4658/files/gloves-warrior-alpha-lx3-pro-stock-senior-hockey-gloves-tampa-bay-lightning-black-1221720639.jpg?v=1771547679,Player Gear,Gloves,Senior,Warrior,In Stock,https://www.thehockeyshop.com/collections/hockey-deals-clearance,https://www.thehockeyshop.com/products/warrior-alpha-lx3-pro-stock-senior-hockey-gloves-tampa-bay-lightning-black,2026-03-20,2026-04-03,20,
www.thehockeyshop.com-J0774,Warrior Alpha LX3 Pro Stock Senior Hockey Gloves - Toronto Maple Leafs Black,Warrior Alpha LX3 Pro Stock Senior Hockey Gloves - Toronto Maple Leafs Black,249.99,199.98,https://cdn.shopify.com/s/files/1/0020/1585/4658/files/gloves-warrior-alpha-lx3-pro-stock-senior-hockey-gloves-toronto-maple-leafs-black-1221720603.jpg?v=1771547378,Player Gear,Gloves,Senior,Warrior,In Stock,https://www.thehockeyshop.com/collections/hockey-deals-clearance,https://www.thehockeyshop.com/products/warrior-alpha-lx3-pro-stock-senior-hockey-gloves-toronto-maple-leafs-black,2026-03-20,2026-04-03,20,
www.thehockeyshop.com-J0775,Warrior Alpha LX3 Pro Stock Senior Hockey Gloves - Toronto Maple Leafs Kelly Green,Warrior Alpha LX3 Pro Stock Senior Hockey Gloves - Toronto Maple Leafs Kelly Green,249.99,199.98,https://cdn.shopify.com/s/files/1/0020/1585/4658/files/gloves-warrior-alpha-lx3-pro-stock-senior-hockey-gloves-toronto-maple-leafs-kelly-green-1221720615.jpg?v=1771563039,Player Gear,Gloves,Senior,Warrior,In Stock,https://www.thehockeyshop.com/collections/hockey-deals-clearance,https://www.thehockeyshop.com/products/warrior-alpha-lx3-pro-stock-senior-hockey-gloves-toronto-maple-leafs-kelly-green,2026-03-20,2026-04-03,20,
www.thehockeyshop.com-J0776,Warrior Alpha LX3 Pro Stock Senior Hockey Gloves - Toronto Maple Leafs Royal,Warrior Alpha LX3 Pro Stock Senior Hockey Gloves - Toronto Maple Leafs Royal,249.99,199.98,https://cdn.shopify.com/s/files/1/0020/1585/4658/files/gloves-warrior-alpha-lx3-pro-stock-senior-hockey-gloves-toronto-maple-leafs-royal-1221720627.jpg?v=1771547078,Player Gear,Gloves,Senior,Warrior,In Stock,https://www.thehockeyshop.com/collections/hockey-deals-clearance,https://www.thehockeyshop.com/products/warrior-alpha-lx3-pro-stock-senior-hockey-gloves-toronto-maple-leafs-royal,2026-03-20,2026-04-03,20,
www.thehockeyshop.com-J0777,Warrior Alpha LX3 Pro Stock Senior Hockey Gloves - Utah Grizzlies Black/Forrest Green,Warrior Alpha LX3 Pro Stock Senior Hockey Gloves - Utah Grizzlies Black/Forrest Green,249.99,199.98,https://cdn.shopify.com/s/files/1/0020/1585/4658/files/warrior-alpha-lx3-pro-stock-hockey-gloves-sr-utah-griz-bk-gn-main-6728.jpg?v=1770847564,Player Gear,Gloves,Senior,Warrior,In Stock,https://www.thehockeyshop.com/collections/hockey-deals-clearance,https://www.thehockeyshop.com/products/warrior-alpha-lx3-pro-stock-senior-hockey-gloves-utah-grizzlies-black-forrest-green,2026-03-20,2026-04-03,20,
www.thehockeyshop.com-J0778,Warrior Alpha LX3 Pro Stock Senior Hockey Gloves - Utah Mammoth Black,Warrior Alpha LX3 Pro Stock Senior Hockey Gloves - Utah Mammoth Black,249.99,199.98,https://cdn.shopify.com/s/files/1/0020/1585/4658/files/gloves-warrior-alpha-lx3-pro-stock-senior-hockey-gloves-utah-mammoth-black-1221720829.jpg?v=1771544387,Player Gear,Gloves,Senior,Warrior,In Stock,https://www.thehockeyshop.com/collections/hockey-deals-clearance,https://www.thehockeyshop.com/products/warrior-alpha-lx3-pro-stock-senior-hockey-gloves-utam-mammoth-black,2026-03-20,2026-04-03,20,
www.thehockeyshop.com-J0779,Warrior Alpha LX3 Pro Stock Senior Hockey Gloves - Utah Mammoth Black/White,Warrior Alpha LX3 Pro Stock Senior Hockey Gloves - Utah Mammoth Black/White,249.99,199.98,https://cdn.shopify.com/s/files/1/0020/1585/4658/files/gloves-warrior-alpha-lx3-pro-stock-senior-hockey-gloves-utah-mammoth-black-white-1221720853.jpg?v=1771544081,Player Gear,Gloves,Senior,Warrior,In Stock,https://www.thehockeyshop.com/collections/hockey-deals-clearance,https://www.thehockeyshop.com/products/warrior-alpha-lx3-pro-stock-senior-hockey-gloves-utam-mammoth-black-white,2026-03-20,2026-04-03,20,
www.thehockeyshop.com-J0780,Warrior Alpha LX3 Pro Stock Senior Hockey Gloves - Vancouver Canucks Skate Black/Yellow,Warrior Alpha LX3 Pro Stock Senior Hockey Gloves - Vancouver Canucks Skate Black/Yellow,249.99,199.98,https://cdn.shopify.com/s/files/1/0020/1585/4658/files/warrior-alpha-lx3-pro-stock-hockey-gloves-sr-canucks-skate-bk-yl-main-6681.jpg?v=1770853035,Player Gear,Skates,Senior,Warrior,In Stock,https://www.thehockeyshop.com/collections/hockey-deals-clearance,https://www.thehockeyshop.com/products/warrior-alpha-lx3-pro-stock-senior-hockey-gloves-vancouver-canucks-skate-black-yellow,2026-03-20,2026-04-03,20,
www.thehockeyshop.com-J0781,Warrior Alpha LX3 Pro Stock Senior Hockey Gloves - Vegas Golden Knights Black,Warrior Alpha LX3 Pro Stock Senior Hockey Gloves - Vegas Golden Knights Black,249.99,199.98,https://cdn.shopify.com/s/files/1/0020/1585/4658/files/gloves-warrior-alpha-lx3-pro-stock-senior-hockey-gloves-vegas-golden-knights-black-1221720865.jpg?v=1771546658,Player Gear,Gloves,Senior,Warrior,In Stock,https://www.thehockeyshop.com/collections/hockey-deals-clearance,https://www.thehockeyshop.com/products/warrior-alpha-lx3-pro-stock-senior-hockey-gloves-vegas-golden-knights-black,2026-03-20,2026-04-03,20,
www.thehockeyshop.com-J0782,Warrior Alpha LX3 Pro Stock Senior Hockey Gloves - Vegas Golden Knights White,Warrior Alpha LX3 Pro Stock Senior Hockey Gloves - Vegas Golden Knights White,249.99,199.98,https://cdn.shopify.com/s/files/1/0020/1585/4658/files/gloves-warrior-alpha-lx3-pro-stock-senior-hockey-gloves-vegas-golden-knights-white-1221720567.jpg?v=1771546300,Player Gear,Gloves,Senior,Warrior,In Stock,https://www.thehockeyshop.com/collections/hockey-deals-clearance,https://www.thehockeyshop.com/products/warrior-alpha-lx3-pro-stock-senior-hockey-gloves-vegas-golden-knights-white,2026-03-20,2026-04-03,20,
www.thehockeyshop.com-J0783,Warrior Alpha LX3 Pro Stock Senior Hockey Gloves - Washington Capitals Red/Royal/White,Warrior Alpha LX3 Pro Stock Senior Hockey Gloves - Washington Capitals Red/Royal/White,249.99,199.98,https://cdn.shopify.com/s/files/1/0020/1585/4658/files/gloves-warrior-alpha-lx3-pro-stock-senior-hockey-gloves-washington-capitals-red-royal-white-1221720412.jpg?v=1771545938,Player Gear,Gloves,Senior,Warrior,In Stock,https://www.thehockeyshop.com/collections/hockey-deals-clearance,https://www.thehockeyshop.com/products/warrior-alpha-lx3-pro-stock-senior-hockey-gloves-washington-capitals-red-royal-white,2026-03-20,2026-04-03,20,
www.thehockeyshop.com-J0784,Warrior Alpha LX3 Pro Stock Senior Hockey Gloves - Winnipeg Jets Navy,Warrior Alpha LX3 Pro Stock Senior Hockey Gloves - Winnipeg Jets Navy,249.99,199.98,https://cdn.shopify.com/s/files/1/0020/1585/4658/files/gloves-warrior-alpha-lx3-pro-stock-senior-hockey-gloves-winnipeg-jets-navy-1221720519.jpg?v=1771545190,Player Gear,Gloves,Senior,Warrior,In Stock,https://www.thehockeyshop.com/collections/hockey-deals-clearance,https://www.thehockeyshop.com/products/warrior-alpha-lx3-pro-stock-senior-hockey-gloves-winnipeg-jets-navy,2026-03-20,2026-04-03,20,
www.thehockeyshop.com-J0785,Warrior Alpha LX3 Pro Stock Senior Hockey Gloves - Winnipeg Jets Red/Royal/White,Warrior Alpha LX3 Pro Stock Senior Hockey Gloves - Winnipeg Jets Red/Royal/White,249.99,199.98,https://cdn.shopify.com/s/files/1/0020/1585/4658/files/gloves-warrior-alpha-lx3-pro-stock-senior-hockey-gloves-winnipeg-jets-red-royal-white-1221720531.jpg?v=1771545526,Player Gear,Gloves,Senior,Warrior,In Stock,https://www.thehockeyshop.com/collections/hockey-deals-clearance,https://www.thehockeyshop.com/products/warrior-alpha-lx3-pro-stock-senior-hockey-gloves-winnipeg-jets-red-royal-white,2026-03-20,2026-04-03,20,
www.thehockeyshop.com-J0787,Warrior Alpha Pro Junior Hockey Elbow Pads (2024),Warrior Alpha Pro Junior Hockey Elbow Pads (2024),139.99,97.97,https://cdn.shopify.com/s/files/1/0020/1585/4658/files/elbow-pads-warrior-alpha-pro-junior-hockey-elbow-pads-1221789393.jpg?v=1772194811,Accessories,Other,Junior,Warrior,In Stock,https://www.thehockeyshop.com/collections/hockey-deals-clearance,https://www.thehockeyshop.com/products/warrior-alpha-pro-junior-hockey-elbow-pads,2026-03-20,2026-04-03,30,
www.thehockeyshop.com-J0788,Warrior Alpha Pro Junior Hockey Shin Guards (2024),Warrior Alpha Pro Junior Hockey Shin Guards (2024),169.99,118.97,https://cdn.shopify.com/s/files/1/0020/1585/4658/files/shin-guards-warrior-alpha-pro-junior-hockey-shin-guards-1221789309.jpg?v=1772192173,Player Gear,Shin Guards,Junior,Warrior,In Stock,https://www.thehockeyshop.com/collections/hockey-deals-clearance,https://www.thehockeyshop.com/products/warrior-alpha-pro-junior-hockey-shin-guards,2026-03-20,2026-04-03,30,
www.thehockeyshop.com-J0789,Warrior Alpha Pro Junior Hockey Shoulder Pads (2024),Warrior Alpha Pro Junior Hockey Shoulder Pads (2024),179.99,125.97,https://cdn.shopify.com/s/files/1/0020/1585/4658/files/shoulder-pads-warrior-alpha-pro-junior-hockey-shoulder-pads-1221789251.jpg?v=1772198711,Accessories,Other,Junior,Warrior,In Stock,https://www.thehockeyshop.com/collections/hockey-deals-clearance,https://www.thehockeyshop.com/products/warrior-alpha-pro-junior-hockey-shoulder-pads,2026-03-20,2026-04-03,30,
www.thehockeyshop.com-J0793,Warrior Covert QR Edge Senior Hockey Stick,Warrior Covert QR Edge Senior Hockey Stick,299.99,149.90,https://cdn.shopify.com/s/files/1/0020/1585/4658/products/hockey-sticks-warrior-covert-qr-edge-senior-hockey-stick-1221737953.jpg?v=1773129069,Player Gear,Stick,Senior,Warrior,In Stock,https://www.thehockeyshop.com/collections/hockey-deals-clearance,https://www.thehockeyshop.com/products/warrior-covert-qr-edge-senior-hockey-stick,2026-03-20,2026-04-03,50,
www.thehockeyshop.com-J0795,Warrior G7.1 Senior Goalie Blocker,Warrior G7.1 Senior Goalie Blocker,349.99,244.97,https://cdn.shopify.com/s/files/1/0020/1585/4658/files/blockers-warrior-g7-1-senior-goalie-blocker-1221795670.jpg?v=1772384258,Goalie Gear,Blocker,Senior,Warrior,In Stock,https://www.thehockeyshop.com/collections/hockey-deals-clearance,https://www.thehockeyshop.com/products/warrior-g7-1-senior-goalie-blocker,2026-03-20,2026-04-03,30,
www.thehockeyshop.com-J0796,Warrior G7.1 Senior Goalie Catcher,Warrior G7.1 Senior Goalie Catcher,399.99,279.97,https://cdn.shopify.com/s/files/1/0020/1585/4658/files/catchers-warrior-g7-1-senior-goalie-catcher-1221795709.jpg?v=1772385398,Goalie Gear,Catcher Glove,Senior,Warrior,In Stock,https://www.thehockeyshop.com/collections/hockey-deals-clearance,https://www.thehockeyshop.com/products/warrior-g7-1-senior-goalie-catcher,2026-03-20,2026-04-03,30,
www.thehockeyshop.com-J0797,Warrior G7 Intermediate Goalie Blocker,Warrior G7 Intermediate Goalie Blocker,279.99,195.97,https://cdn.shopify.com/s/files/1/0020/1585/4658/files/blockers-warrior-g7-intermediate-goalie-blocker-1221795870.jpg?v=1772390291,Goalie Gear,Blocker,Intermediate,Warrior,In Stock,https://www.thehockeyshop.com/collections/hockey-deals-clearance,https://www.thehockeyshop.com/products/warrior-g7-intermediate-goalie-blocker,2026-03-20,2026-04-03,30,
www.thehockeyshop.com-J0798,Warrior G7 Intermediate Goalie Catcher,Warrior G7 Intermediate Goalie Catcher,349.99,244.97,https://cdn.shopify.com/s/files/1/0020/1585/4658/files/catchers-warrior-g7-intermediate-goalie-catcher-1221795852.jpg?v=1772389779,Goalie Gear,Catcher Glove,Intermediate,Warrior,In Stock,https://www.thehockeyshop.com/collections/hockey-deals-clearance,https://www.thehockeyshop.com/products/warrior-g7-intermediate-goalie-catcher,2026-03-20,2026-04-03,30,
www.thehockeyshop.com-J0799,Warrior G7 Intermediate Goalie Leg Pads,Warrior G7 Intermediate Goalie Leg Pads,849.99,594.97,https://cdn.shopify.com/s/files/1/0020/1585/4658/files/leg-pads-warrior-g7-intermediate-goalie-leg-pads-1221795912.jpg?v=1772391550,Goalie Gear,Leg Pads,Intermediate,Warrior,In Stock,https://www.thehockeyshop.com/collections/hockey-deals-clearance,https://www.thehockeyshop.com/products/warrior-g7-intermediate-goalie-leg-pads,2026-03-20,2026-04-03,30,
www.thehockeyshop.com-J0800,Warrior G7 Junior Goalie Blocker,Warrior G7 Junior Goalie Blocker,199.99,139.97,https://cdn.shopify.com/s/files/1/0020/1585/4658/files/blockers-warrior-g7-junior-goalie-blocker-1221795784.jpg?v=1772388970,Goalie Gear,Blocker,Junior,Warrior,In Stock,https://www.thehockeyshop.com/collections/hockey-deals-clearance,https://www.thehockeyshop.com/products/warrior-g7-junior-goalie-blocker,2026-03-20,2026-04-03,30,
www.thehockeyshop.com-J0801,Warrior G7 Junior Goalie Leg Pads,Warrior G7 Junior Goalie Leg Pads,489.99,342.97,https://cdn.shopify.com/s/files/1/0020/1585/4658/files/leg-pads-warrior-g7-junior-goalie-leg-pads-1221795890.jpg?v=1772390890,Goalie Gear,Leg Pads,Junior,Warrior,In Stock,https://www.thehockeyshop.com/collections/hockey-deals-clearance,https://www.thehockeyshop.com/products/warrior-g7-junior-goalie-leg-pads,2026-03-20,2026-04-03,30,
www.thehockeyshop.com-J0802,Warrior G7 Senior Goalie Blocker,Warrior G7 Senior Goalie Blocker,349.99,244.97,https://cdn.shopify.com/s/files/1/0020/1585/4658/files/blockers-warrior-g7-senior-goalie-blocker-1221795833.jpg?v=1772399078,Goalie Gear,Blocker,Senior,Warrior,In Stock,https://www.thehockeyshop.com/collections/hockey-deals-clearance,https://www.thehockeyshop.com/products/warrior-g7-senior-goalie-blocker,2026-03-20,2026-04-03,30,
www.thehockeyshop.com-J0803,Warrior G7 Senior Goalie Catcher,Warrior G7 Senior Goalie Catcher,399.99,279.97,https://cdn.shopify.com/s/files/1/0020/1585/4658/files/catchers-warrior-g7-senior-goalie-catcher-1221795803.jpg?v=1772389510,Goalie Gear,Catcher Glove,Senior,Warrior,In Stock,https://www.thehockeyshop.com/collections/hockey-deals-clearance,https://www.thehockeyshop.com/products/warrior-g7-senior-goalie-catcher,2026-03-20,2026-04-03,30,
www.thehockeyshop.com-J0804,Warrior G7 Senior Goalie Leg Pads,Warrior G7 Senior Goalie Leg Pads,1149.99,799.97,https://cdn.shopify.com/s/files/1/0020/1585/4658/files/leg-pads-warrior-g7-senior-goalie-leg-pads-1221795934.jpg?v=1772392237,Goalie Gear,Leg Pads,Senior,Warrior,In Stock,https://www.thehockeyshop.com/collections/hockey-deals-clearance,https://www.thehockeyshop.com/products/warrior-g7-senior-goalie-leg-pads,2026-03-20,2026-04-03,30,
www.thehockeyshop.com-J0805,Warrior G7 Youth Goalie Leg Pads,Warrior G7 Youth Goalie Leg Pads,329.99,230.97,https://cdn.shopify.com/s/files/1/0020/1585/4658/files/leg-pads-warrior-g7-youth-goalie-leg-pads-1221795748.jpg?v=1772387917,Goalie Gear,Leg Pads,Youth,Warrior,Unknown,https://www.thehockeyshop.com/collections/hockey-deals-clearance,https://www.thehockeyshop.com/products/warrior-g7-youth-goalie-leg-pads,2026-03-20,2026-04-03,30,
www.thehockeyshop.com-J0806,Warrior Goalie Senior Pant Shell - Pro Stock,Warrior Goalie Senior Pant Shell - Pro Stock,79.99,39.95,https://cdn.shopify.com/s/files/1/0020/1585/4658/files/goalie-pant-shells-warrior-goalie-senior-pant-shell-pro-stock-1221782212.jpg?v=1771961499,Goalie Gear,Goalie Pants,Senior,Warrior,In Stock,https://www.thehockeyshop.com/collections/hockey-deals-clearance,https://www.thehockeyshop.com/products/warrior-goalie-senior-pant-shell-pro-stock,2026-03-20,2026-04-03,50,
www.thehockeyshop.com-J0807,Warrior Hockey Classic Toque,Warrior Hockey Classic Toque,34.99,19.95,https://cdn.shopify.com/s/files/1/0020/1585/4658/files/toques-warrior-hockey-classic-toque-1221802470.jpg?v=1772594111,Accessories,Other,,Warrior,In Stock,https://www.thehockeyshop.com/collections/hockey-deals-clearance,https://www.thehockeyshop.com/products/warrior-hockey-classic-toque-black-natural,2026-03-20,2026-04-03,43,
www.thehockeyshop.com-J0808,Warrior Hockey Classic Toque,Warrior Hockey Classic Toque,34.99,19.95,https://cdn.shopify.com/s/files/1/0020/1585/4658/files/toques-warrior-hockey-classic-toque-1221802464.gif?v=1772593931,Accessories,Other,,Warrior,In Stock,https://www.thehockeyshop.com/collections/hockey-deals-clearance,https://www.thehockeyshop.com/products/warrior-hockey-classic-toque-black-red,2026-03-20,2026-04-03,43,
www.thehockeyshop.com-J0809,Warrior Hockey Classic Toque,Warrior Hockey Classic Toque,34.99,19.95,https://cdn.shopify.com/s/files/1/0020/1585/4658/files/toques-warrior-hockey-classic-toque-1221802310.jpg?v=1772589098,Accessories,Other,,Warrior,In Stock,https://www.thehockeyshop.com/collections/hockey-deals-clearance,https://www.thehockeyshop.com/products/warrior-hockey-classic-toque-navy-gold,2026-03-20,2026-04-03,43,
www.thehockeyshop.com-J0810,Warrior Hockey Full Zip Hoodie,Warrior Hockey Full Zip Hoodie,64.99,44.95,https://cdn.shopify.com/s/files/1/0020/1585/4658/files/warrior-hoodies-warrior-hockey-full-zip-hoodie-1215154425.jpg?v=1768012171,Accessories,Other,,Warrior,In Stock,https://www.thehockeyshop.com/collections/hockey-deals-clearance,https://www.thehockeyshop.com/products/warrior-hockey-f-z-hoodie,2026-03-20,2026-04-03,31,
www.thehockeyshop.com-J0811,Warrior Hockey Pullover Hoodie,Warrior Hockey Pullover Hoodie,59.99,29.95,https://cdn.shopify.com/s/files/1/0020/1585/4658/products/hoodies-warrior-hockey-pullover-hoodie-1221763932.jpg?v=1773939099,Accessories,Other,,Warrior,Unknown,https://www.thehockeyshop.com/collections/hockey-deals-clearance,https://www.thehockeyshop.com/products/warrior-hockey-pullover-hoodie,2026-03-20,2026-04-03,50,
www.thehockeyshop.com-J0812,Warrior Hockey Street Men's Shirt,Warrior Hockey Street Men's Shirt,29.99,19.95,https://cdn.shopify.com/s/files/1/0020/1585/4658/products/warrior-shirts-warrior-hockey-street-men-s-shirt-black-s-28744475836482.jpg?v=1768012173,Accessories,Other,,Warrior,In Stock,https://www.thehockeyshop.com/collections/hockey-deals-clearance,https://www.thehockeyshop.com/products/warrior-hockey-street-shirt,2026-03-20,2026-04-03,33,
www.thehockeyshop.com-J0814,Warrior Ritual F1 Pro Senior Goalie Mask,Warrior Ritual F1 Pro Senior Goalie Mask,999.99,499.90,https://cdn.shopify.com/s/files/1/0020/1585/4658/products/goalie-masks-warrior-ritual-f1-pro-senior-goalie-mask-1221754503.jpg?v=1773654970,Goalie Gear,Mask,Senior,Warrior,In Stock,https://www.thehockeyshop.com/collections/hockey-deals-clearance,https://www.thehockeyshop.com/products/warrior-ritual-f1-pro-senior-goalie-mask,2026-03-20,2026-04-03,50,
www.thehockeyshop.com-J0815,Warrior Ritual X3 E Intermediate Goalie Jock,Warrior Ritual X3 E Intermediate Goalie Jock,109.99,54.90,https://cdn.shopify.com/s/files/1/0020/1585/4658/files/goalie-jocks-warrior-ritual-x3-e-intermediate-goalie-jock-1221794666.jpg?v=1772363950,Accessories,Other,Intermediate,Warrior,In Stock,https://www.thehockeyshop.com/collections/hockey-deals-clearance,https://www.thehockeyshop.com/products/warrior-ritual-x3-e-intermediate-goalie-jock,2026-03-20,2026-04-03,50,
www.thehockeyshop.com-J0816,Warrior Ritual X3 Pro Senior Goalie Neck Guard,Warrior Ritual X3 Pro Senior Goalie Neck Guard,189.99,94.90,https://cdn.shopify.com/s/files/1/0020/1585/4658/products/warrior-goalie-neck-guards-warrior-ritual-x3-pro-senior-goalie-neck-guard-sr-28743883849794.jpg?v=1768052629,Accessories,Neck Guard,Senior,Warrior,In Stock,https://www.thehockeyshop.com/collections/hockey-deals-clearance,https://www.thehockeyshop.com/products/warrior-ritual-x3-pro-senior-goalie-neck-guard,2026-03-20,2026-04-03,50,
www.thehockeyshop.com-J0817,Warrior Ritual X4 E+ Senior Goalie Neck Guard,Warrior Ritual X4 E+ Senior Goalie Neck Guard,79.99,47.95,https://cdn.shopify.com/s/files/1/0020/1585/4658/files/goalie-neck-guards-warrior-ritual-x4-e-senior-goalie-neck-guard-1221803182.jpg?v=1772624591,Accessories,Neck Guard,Senior,Warrior,In Stock,https://www.thehockeyshop.com/collections/hockey-deals-clearance,https://www.thehockeyshop.com/products/warrior-ritual-x4-e-senior-goalie-neck-guard,2026-03-20,2026-04-03,40,
www.thehockeyshop.com-J0818,Warrior Ritual X4 E+ Intermediate Chest & Arm Protector,Warrior Ritual X4 E+ Intermediate Chest & Arm Protector,529.99,264.90,https://cdn.shopify.com/s/files/1/0020/1585/4658/files/chest-protectors-warrior-ritual-x4-e-intermediate-chest-arm-protector-1221803266.jpg?v=1772627113,Accessories,Other,Intermediate,Warrior,In Stock,https://www.thehockeyshop.com/collections/hockey-deals-clearance,https://www.thehockeyshop.com/products/warrior-ritual-x4e-plus-intermediate-chest-arm-protector,2026-03-20,2026-04-03,50,
www.thehockeyshop.com-J0819,Warrior Ritual X4 E+ Senior Chest & Arm Protector,Warrior Ritual X4 E+ Senior Chest & Arm Protector,599.99,299.90,https://cdn.shopify.com/s/files/1/0020/1585/4658/files/chest-protectors-warrior-ritual-x4-e-senior-chest-arm-protector-1221803277.jpg?v=1772627471,Accessories,Other,Senior,Warrior,In Stock,https://www.thehockeyshop.com/collections/hockey-deals-clearance,https://www.thehockeyshop.com/products/warrior-ritual-x4e-plus-senior-chest-arm-protector,2026-03-20,2026-04-03,50,
www.thehockeyshop.com-J0820,Warrior RTL G7.1 Senior Goalie Blocker,Warrior RTL G7.1 Senior Goalie Blocker,559.99,391.97,https://cdn.shopify.com/s/files/1/0020/1585/4658/files/blockers-warrior-rtl-g7-1-senior-goalie-blocker-1221795532.jpg?v=1772374477,Goalie Gear,Blocker,Senior,Warrior,In Stock,https://www.thehockeyshop.com/collections/hockey-deals-clearance,https://www.thehockeyshop.com/products/warrior-rtl-g7-1-senior-goalie-blocker,2026-03-20,2026-04-03,30,
www.thehockeyshop.com-J0821,Warrior RTL G7.1 Senior Goalie Catcher,Warrior RTL G7.1 Senior Goalie Catcher,679.99,475.97,https://cdn.shopify.com/s/files/1/0020/1585/4658/files/catchers-warrior-rtl-g7-1-senior-goalie-catcher-1221795553.jpg?v=1772381951,Goalie Gear,Catcher Glove,Senior,Warrior,In Stock,https://www.thehockeyshop.com/collections/hockey-deals-clearance,https://www.thehockeyshop.com/products/warrior-rtl-g7-1-senior-goalie-catcher,2026-03-20,2026-04-03,30,
www.thehockeyshop.com-J0822,Warrior RTL G7 Pro Stock Intermediate Goalie Blocker - LA Kings,Warrior RTL G7 Pro Stock Intermediate Goalie Blocker - LA Kings,399.99,199.95,https://cdn.shopify.com/s/files/1/0020/1585/4658/files/blockers-warrior-rtl-g7-pro-stock-intermediate-goalie-blocker-la-kings-1221774774.jpg?v=1771713490,Goalie Gear,Blocker,Intermediate,Warrior,In Stock,https://www.thehockeyshop.com/collections/hockey-deals-clearance,https://www.thehockeyshop.com/products/warrior-rtl-g7-pro-stock-intermediate-goalie-blocker-la-kings,2026-03-20,2026-04-03,50,
www.thehockeyshop.com-J0823,Warrior RTL G7 Pro Stock Intermediate Goalie Leg Pads - Boston,Warrior RTL G7 Pro Stock Intermediate Goalie Leg Pads - Boston,1699.99,999.95,https://cdn.shopify.com/s/files/1/0020/1585/4658/files/leg-pads-warrior-rtl-g7-pro-stock-intermediate-goalie-leg-pads-boston-1221774766.jpg?v=1771712957,Goalie Gear,Leg Pads,Intermediate,Warrior,In Stock,https://www.thehockeyshop.com/collections/hockey-deals-clearance,https://www.thehockeyshop.com/products/warrior-rtl-g7-pro-stock-intermediate-goalie-leg-pads-boston,2026-03-20,2026-04-03,41,
www.thehockeyshop.com-J0824,Warrior RTL G7 Pro Stock Senior Goalie Blocker - LA Kings,Warrior RTL G7 Pro Stock Senior Goalie Blocker - LA Kings,529.99,299.95,https://cdn.shopify.com/s/files/1/0020/1585/4658/files/blockers-warrior-rtl-g7-pro-stock-senior-goalie-blocker-la-kings-1221774746.jpg?v=1771712378,Goalie Gear,Blocker,Senior,Warrior,In Stock,https://www.thehockeyshop.com/collections/hockey-deals-clearance,https://www.thehockeyshop.com/products/warrior-rtl-g7-pro-stock-senior-goalie-blocker-la-kings,2026-03-20,2026-04-03,43,
www.thehockeyshop.com-J0825,Warrior RTL G7 Pro Stock Senior Goalie Leg Pads - White / Silver,Warrior RTL G7 Pro Stock Senior Goalie Leg Pads - White / Silver,2099.99,1199.95,https://cdn.shopify.com/s/files/1/0020/1585/4658/files/leg-pads-warrior-rtl-g7-pro-stock-senior-goalie-leg-pads-white-silver-1221774700.jpg?v=1771711090,Goalie Gear,Leg Pads,Senior,Warrior,In Stock,https://www.thehockeyshop.com/collections/hockey-deals-clearance,https://www.thehockeyshop.com/products/warrior-rtl-g7-pro-stock-senior-goalie-leg-pads-white-silver,2026-03-20,2026-04-03,43,
www.thehockeyshop.com-J0826,Warrior RTL G7 Senior Goalie Blocker,Warrior RTL G7 Senior Goalie Blocker,559.99,391.97,https://cdn.shopify.com/s/files/1/0020/1585/4658/files/blockers-warrior-rtl-g7-senior-goalie-blocker-1221795591.jpg?v=1772383117,Goalie Gear,Blocker,Senior,Warrior,In Stock,https://www.thehockeyshop.com/collections/hockey-deals-clearance,https://www.thehockeyshop.com/products/warrior-rtl-g7-senior-goalie-blocker,2026-03-20,2026-04-03,30,
www.thehockeyshop.com-J0827,Warrior RTL G7 Senior Goalie Catcher,Warrior RTL G7 Senior Goalie Catcher,679.99,475.97,https://cdn.shopify.com/s/files/1/0020/1585/4658/files/catchers-warrior-rtl-g7-senior-goalie-catcher-1221795573.jpg?v=1772382550,Goalie Gear,Catcher Glove,Senior,Warrior,In Stock,https://www.thehockeyshop.com/collections/hockey-deals-clearance,https://www.thehockeyshop.com/products/warrior-rtl-g7-senior-goalie-catcher,2026-03-20,2026-04-03,30,
www.thehockeyshop.com-J0828,Warrior RTL G7 Senior Goalie Leg Pads,Warrior RTL G7 Senior Goalie Leg Pads,2199.99,1539.97,https://cdn.shopify.com/s/files/1/0020/1585/4658/files/leg-pads-warrior-rtl-g7-senior-goalie-leg-pads-1221795951.jpg?v=1772393951,Goalie Gear,Leg Pads,Senior,Warrior,In Stock,https://www.thehockeyshop.com/collections/hockey-deals-clearance,https://www.thehockeyshop.com/products/warrior-rtl-g7-senior-goalie-leg-pads,2026-03-20,2026-04-03,30,
www.thehockeyshop.com-J0829,Warrior Super Mac Daddy Intermediate Hockey Stick,Warrior Super Mac Daddy Intermediate Hockey Stick,199.99,99.90,https://cdn.shopify.com/s/files/1/0020/1585/4658/files/hockey-sticks-warrior-super-mac-daddy-intermediate-hockey-stick-1221789529.jpg?v=1772197690,Player Gear,Stick,Intermediate,Warrior,In Stock,https://www.thehockeyshop.com/collections/hockey-deals-clearance,https://www.thehockeyshop.com/products/warrior-super-mac-daddy-intermediate-hockey-stick,2026-03-20,2026-04-03,50,
www.thehockeyshop.com-J0830,Warrior Super Mac Daddy Junior Hockey Stick,Warrior Super Mac Daddy Junior Hockey Stick,169.99,84.90,https://cdn.shopify.com/s/files/1/0020/1585/4658/files/hockey-sticks-warrior-super-mac-daddy-junior-hockey-stick-1221789518.jpg?v=1772197330,Player Gear,Stick,Junior,Warrior,In Stock,https://www.thehockeyshop.com/collections/hockey-deals-clearance,https://www.thehockeyshop.com/products/warrior-super-mac-daddy-junior-hockey-stick,2026-03-20,2026-04-03,50,
www.thehockeyshop.com-J0831,Warroad TILO Padloc Neck & Wrist Senior Neck Guard Shirt,Warroad TILO Padloc Neck & Wrist Senior Neck Guard Shirt,269.99,229.99,https://cdn.shopify.com/s/files/1/0020/1585/4658/files/neck-guard-shirts-warroad-tilo-padloc-neck-wrist-senior-neck-guard-shirt-1221785277.jpg?v=1772064192,Accessories,Neck Guard,Senior,Warroad,In Stock,https://www.thehockeyshop.com/collections/hockey-deals-clearance,https://www.thehockeyshop.com/products/warroad-tilo-padlock-neck-and-wrist-senior-neck-guard-shirt,2026-03-20,2026-04-03,15,
www.thehockeyshop.com-J0832,Warroad TILO Neck & Wrist Protective Shirt Senior,Warroad TILO Neck & Wrist Protective Shirt Senior,239.99,199.99,https://cdn.shopify.com/s/files/1/0020/1585/4658/files/neck-guard-shirts-warroad-tilo-neck-wrist-protective-shirt-senior-1221777188.png?v=1771801658,Accessories,Other,Senior,Warroad,In Stock,https://www.thehockeyshop.com/collections/hockey-deals-clearance,https://www.thehockeyshop.com/products/warroad-tilo-senior-neck-wrist-protective-shirt,2026-03-20,2026-04-03,17,
www.thehockeyshop.com-J0833,Winnwell Ringette Griptech Senior Composite Ringette Stick,Winnwell Ringette Griptech Senior Composite Ringette Stick,109.99,79.99,https://cdn.shopify.com/s/files/1/0020/1585/4658/products/ringette-sticks-winnwell-ringette-griptech-senior-composite-ringette-stick-1221763776.jpg?v=1773914891,Player Gear,Stick,Senior,Winnwell,In Stock,https://www.thehockeyshop.com/collections/hockey-deals-clearance,https://www.thehockeyshop.com/products/winnwell-ringette-griptech-senior-composite-ringette-stick,2026-03-20,2026-04-03,27,
www.thehockeyshop.com-J0834,YETI Rambler 12oz Bottle,YETI Rambler 12oz Bottle,35.00,24.95,https://cdn.shopify.com/s/files/1/0020/1585/4658/files/drinkware-yeti-rambler-12oz-bottle-1221801733.png?v=1772579591,Accessories,Other,,YETI,Unknown,https://www.thehockeyshop.com/collections/hockey-deals-clearance,https://www.thehockeyshop.com/products/yeti-rambler-12oz-bottle,2026-03-20,2026-04-03,29,
